epoch,date,spy,level_sector,level_equity,eq_weight_covered,sec_weight_covered
1774013400,2026-03-20,654.8350,654.8350,654.8350,1.0000,1.0000
1774014000,2026-03-20,655.5600,655.6398,655.5749,1.0000,1.0000
1774014600,2026-03-20,653.1500,653.1072,653.1301,1.0000,1.0000
1774015200,2026-03-20,652.9100,652.9939,652.7500,1.0000,1.0000
1774015800,2026-03-20,652.1800,651.9980,652.0045,1.0000,1.0000
1774016400,2026-03-20,651.8600,651.6735,651.7727,1.0000,1.0000
1774017000,2026-03-20,652.5000,652.6534,652.4778,1.0000,1.0000
1774017600,2026-03-20,652.7600,652.7451,652.6460,1.0000,1.0000
1774018200,2026-03-20,652.1200,651.9836,652.0093,1.0000,1.0000
1774018800,2026-03-20,652.2400,652.1946,652.1113,0.9995,1.0000
1774019400,2026-03-20,652.1460,652.2079,652.0417,1.0000,1.0000
1774020000,2026-03-20,651.9200,651.9520,651.8545,1.0000,1.0000
1774020600,2026-03-20,652.3000,652.3817,652.2625,1.0000,1.0000
1774021200,2026-03-20,652.4946,652.5192,652.4470,1.0000,1.0000
1774021800,2026-03-20,652.9450,652.9668,652.8891,1.0000,1.0000
1774022400,2026-03-20,653.1700,653.1911,653.1173,1.0000,1.0000
1774023000,2026-03-20,653.8000,653.7506,653.7079,1.0000,1.0000
1774023600,2026-03-20,653.1000,653.0757,653.0365,1.0000,1.0000
1774024200,2026-03-20,652.4800,652.4835,652.3559,1.0000,1.0000
1774024800,2026-03-20,652.4160,652.3954,652.3060,0.9997,1.0000
1774025400,2026-03-20,652.7700,652.8232,652.6396,1.0000,1.0000
1774026000,2026-03-20,652.8500,652.8845,652.7379,1.0000,1.0000
1774026600,2026-03-20,652.1999,652.2558,652.1026,1.0000,1.0000
1774027200,2026-03-20,652.1600,652.1595,652.0701,1.0000,1.0000
1774027800,2026-03-20,651.4500,651.3871,651.3477,1.0000,1.0000
1774028400,2026-03-20,650.8200,650.7897,650.6806,1.0000,1.0000
1774029000,2026-03-20,651.4000,651.3798,651.3200,0.9997,1.0000
1774029600,2026-03-20,650.8450,650.7916,650.7623,1.0000,1.0000
1774030200,2026-03-20,650.4900,650.3180,650.3307,1.0000,1.0000
1774030800,2026-03-20,649.4300,649.2636,649.2909,1.0000,1.0000
1774031400,2026-03-20,648.3400,648.1927,648.2227,1.0000,1.0000
1774032000,2026-03-20,647.9400,647.8043,647.8057,1.0000,1.0000
1774032600,2026-03-20,648.0700,647.8712,647.9046,1.0000,1.0000
1774033200,2026-03-20,647.9400,647.7876,647.7983,1.0000,1.0000
1774033800,2026-03-20,648.0200,647.9163,647.8604,1.0000,1.0000
1774034400,2026-03-20,647.1200,646.9161,646.9645,1.0000,1.0000
1774035000,2026-03-20,645.5700,645.4839,645.4018,1.0000,1.0000
1774035600,2026-03-20,646.0200,645.8563,645.8450,1.0000,1.0000
1774036200,2026-03-20,648.5400,648.4343,648.2357,1.0000,1.0000
1774272600,2026-03-23,658.3000,656.1010,658.0316,1.0000,1.0000
1774273200,2026-03-23,659.0000,657.0089,658.7715,1.0000,1.0000
1774273800,2026-03-23,660.2200,658.3016,660.1233,1.0000,1.0000
1774274400,2026-03-23,659.6500,657.9338,659.6035,1.0000,1.0000
1774275000,2026-03-23,661.1700,659.3282,661.1128,1.0000,1.0000
1774275600,2026-03-23,660.9900,659.2725,660.9812,1.0000,1.0000
1774276200,2026-03-23,660.5200,658.7515,660.4707,1.0000,1.0000
1774276800,2026-03-23,661.3350,659.6352,661.2877,1.0000,1.0000
1774277400,2026-03-23,661.0500,659.4458,661.0357,1.0000,1.0000
1774278000,2026-03-23,662.2300,660.6081,662.2781,1.0000,1.0000
1774278600,2026-03-23,661.4550,659.8097,661.4605,1.0000,1.0000
1774279200,2026-03-23,660.8900,658.9046,660.9192,1.0000,1.0000
1774279800,2026-03-23,659.2800,657.2017,659.3131,0.9997,1.0000
1774280400,2026-03-23,658.7100,656.4851,658.7007,1.0000,1.0000
1774281000,2026-03-23,656.0100,653.7021,655.9819,1.0000,1.0000
1774281600,2026-03-23,656.9400,654.6935,656.9973,1.0000,1.0000
1774282200,2026-03-23,656.0400,653.8736,656.0744,1.0000,1.0000
1774282800,2026-03-23,654.1088,651.9079,654.0956,1.0000,1.0000
1774283400,2026-03-23,655.4600,653.2992,655.4965,1.0000,1.0000
1774284000,2026-03-23,656.3199,654.1573,656.3156,1.0000,1.0000
1774284600,2026-03-23,655.5800,653.3791,655.5818,1.0000,1.0000
1774285200,2026-03-23,656.1100,653.9997,656.0957,1.0000,1.0000
1774285800,2026-03-23,655.1900,653.1317,655.2213,1.0000,1.0000
1774286400,2026-03-23,655.2800,653.3026,655.3279,1.0000,1.0000
1774287000,2026-03-23,657.8200,655.9521,657.8080,1.0000,1.0000
1774287600,2026-03-23,656.7700,654.8878,656.7679,1.0000,1.0000
1774288200,2026-03-23,658.0600,656.2051,658.0860,0.9997,1.0000
1774288800,2026-03-23,657.4500,655.5379,657.4353,1.0000,1.0000
1774289400,2026-03-23,657.4100,655.5850,657.4778,1.0000,1.0000
1774290000,2026-03-23,657.3900,655.5470,657.4359,1.0000,1.0000
1774290600,2026-03-23,658.9700,657.1823,658.9895,1.0000,1.0000
1774291200,2026-03-23,659.1600,657.3343,659.1619,1.0000,1.0000
1774291800,2026-03-23,658.9500,657.0082,658.9906,1.0000,1.0000
1774292400,2026-03-23,658.6900,656.7699,658.7250,1.0000,1.0000
1774293000,2026-03-23,657.8450,655.8735,657.8578,1.0000,1.0000
1774293600,2026-03-23,657.3300,655.3716,657.3453,1.0000,1.0000
1774294200,2026-03-23,657.6000,655.5452,657.5750,1.0000,1.0000
1774294800,2026-03-23,657.8250,655.6711,657.7970,1.0000,1.0000
1774295400,2026-03-23,655.3750,653.4049,655.4985,1.0000,1.0000
1774359000,2026-03-24,651.3000,649.1813,651.3920,1.0000,1.0000
1774359600,2026-03-24,650.1800,648.0471,650.2806,1.0000,1.0000
1774360200,2026-03-24,651.4800,649.5608,651.5943,0.9998,1.0000
1774360800,2026-03-24,653.4100,651.7210,653.4529,1.0000,1.0000
1774361400,2026-03-24,652.5700,650.8936,652.6487,1.0000,1.0000
1774362000,2026-03-24,652.4900,651.0345,652.6602,1.0000,1.0000
1774362600,2026-03-24,652.7100,651.2020,652.8805,1.0000,1.0000
1774363200,2026-03-24,652.7501,651.1593,652.9648,1.0000,1.0000
1774363800,2026-03-24,653.9400,652.6176,654.0600,1.0000,1.0000
1774364400,2026-03-24,654.9200,653.4968,655.0523,1.0000,1.0000
1774365000,2026-03-24,655.7000,654.3090,655.8207,0.9998,1.0000
1774365600,2026-03-24,656.0400,654.6480,656.1248,1.0000,1.0000
1774366200,2026-03-24,656.2700,654.8609,656.4021,0.9998,1.0000
1774366800,2026-03-24,656.5600,655.1103,656.6858,0.9998,1.0000
1774367400,2026-03-24,655.0400,653.5697,655.1903,1.0000,1.0000
1774368000,2026-03-24,655.0850,653.8066,655.1591,1.0000,1.0000
1774368600,2026-03-24,655.9100,654.6917,655.9896,0.9996,1.0000
1774369200,2026-03-24,655.9600,654.6353,656.0269,0.9998,1.0000
1774369800,2026-03-24,654.1800,652.9837,654.3050,1.0000,1.0000
1774370400,2026-03-24,655.0800,653.8964,655.1916,1.0000,1.0000
1774371000,2026-03-24,655.1500,653.8257,655.1893,1.0000,1.0000
1774371600,2026-03-24,653.0200,651.6502,653.0849,1.0000,1.0000
1774372200,2026-03-24,652.8200,651.4266,652.8657,0.9992,1.0000
1774372800,2026-03-24,653.4050,651.9816,653.4414,1.0000,1.0000
1774373400,2026-03-24,653.3800,652.0183,653.4262,1.0000,1.0000
1774374000,2026-03-24,652.8500,651.5069,652.9418,1.0000,1.0000
1774374600,2026-03-24,654.3000,652.8244,654.2252,1.0000,1.0000
1774375200,2026-03-24,653.7900,652.3235,653.8706,1.0000,1.0000
1774375800,2026-03-24,654.0400,652.5911,654.0402,1.0000,1.0000
1774376400,2026-03-24,654.5900,653.1734,654.5666,1.0000,1.0000
1774377000,2026-03-24,656.5100,655.2089,656.5441,1.0000,1.0000
1774377600,2026-03-24,655.0200,653.8209,655.0542,1.0000,1.0000
1774378200,2026-03-24,654.8600,653.6769,654.9321,0.9997,1.0000
1774378800,2026-03-24,655.3100,654.1181,655.3746,1.0000,1.0000
1774379400,2026-03-24,655.2200,654.0595,655.2957,1.0000,1.0000
1774380000,2026-03-24,654.4500,653.2778,654.4777,1.0000,1.0000
1774380600,2026-03-24,653.9800,652.9075,654.0252,1.0000,1.0000
1774381200,2026-03-24,653.5500,652.5252,653.6078,1.0000,1.0000
1774381800,2026-03-24,653.2000,652.0771,653.2108,1.0000,1.0000
1774445400,2026-03-25,659.9100,658.2641,660.1630,1.0000,1.0000
1774446000,2026-03-25,657.8100,656.2953,658.0325,1.0000,1.0000
1774446600,2026-03-25,656.4900,654.8831,656.7234,1.0000,1.0000
1774447200,2026-03-25,657.1000,655.5542,657.2210,1.0000,1.0000
1774447800,2026-03-25,657.6107,656.1995,657.7212,1.0000,1.0000
1774448400,2026-03-25,658.1400,656.7007,658.2815,1.0000,1.0000
1774449000,2026-03-25,658.2200,656.7894,658.3561,1.0000,1.0000
1774449600,2026-03-25,658.9100,657.3340,659.0830,1.0000,1.0000
1774450200,2026-03-25,658.6900,657.1902,658.8271,1.0000,1.0000
1774450800,2026-03-25,657.2300,655.5796,657.3671,1.0000,1.0000
1774451400,2026-03-25,655.1400,653.0565,655.1226,1.0000,1.0000
1774452000,2026-03-25,657.8400,656.0651,657.9417,1.0000,1.0000
1774452600,2026-03-25,656.7550,655.0390,656.9148,1.0000,1.0000
1774453200,2026-03-25,656.6800,654.9583,656.7967,1.0000,1.0000
1774453800,2026-03-25,657.0000,655.3229,657.1736,1.0000,1.0000
1774454400,2026-03-25,656.6100,654.9893,656.7672,1.0000,1.0000
1774455000,2026-03-25,656.3600,654.7485,656.5038,1.0000,1.0000
1774455600,2026-03-25,657.5000,655.8300,657.5438,1.0000,1.0000
1774456200,2026-03-25,658.1000,656.5581,658.2248,1.0000,1.0000
1774456800,2026-03-25,657.6300,656.0145,657.7701,1.0000,1.0000
1774457400,2026-03-25,657.7500,656.1725,657.8615,1.0000,1.0000
1774458000,2026-03-25,656.9850,655.4800,657.1706,1.0000,1.0000
1774458600,2026-03-25,657.2800,655.7610,657.4279,1.0000,1.0000
1774459200,2026-03-25,658.0200,656.5440,658.1786,1.0000,1.0000
1774459800,2026-03-25,658.6200,657.2167,658.7785,1.0000,1.0000
1774460400,2026-03-25,658.0950,656.7492,658.2461,1.0000,1.0000
1774461000,2026-03-25,657.9000,656.4770,658.0347,1.0000,1.0000
1774461600,2026-03-25,657.7800,656.5092,657.9373,1.0000,1.0000
1774462200,2026-03-25,657.9100,656.6308,658.0501,1.0000,1.0000
1774462800,2026-03-25,657.5150,656.2131,657.6173,1.0000,1.0000
1774463400,2026-03-25,657.5800,656.3009,657.7380,1.0000,1.0000
1774464000,2026-03-25,657.1100,655.8582,657.2448,1.0000,1.0000
1774464600,2026-03-25,656.5000,655.2598,656.6388,1.0000,1.0000
1774465200,2026-03-25,656.1100,654.8289,656.2085,1.0000,1.0000
1774465800,2026-03-25,656.8500,655.5657,656.9865,1.0000,1.0000
1774466400,2026-03-25,656.5100,655.2412,656.6707,1.0000,1.0000
1774467000,2026-03-25,656.0800,654.8394,656.2418,0.9997,1.0000
1774467600,2026-03-25,656.1300,654.8561,656.2619,1.0000,1.0000
1774468200,2026-03-25,656.7400,655.3544,656.8253,1.0000,1.0000
1774531800,2026-03-26,650.8200,649.7917,650.9283,1.0000,1.0000
1774532400,2026-03-26,653.4050,652.3318,653.6522,1.0000,1.0000
1774533000,2026-03-26,654.4700,653.2323,654.6586,1.0000,1.0000
1774533600,2026-03-26,653.9200,652.5081,654.0198,1.0000,1.0000
1774534200,2026-03-26,653.9900,652.6404,654.1545,1.0000,1.0000
1774534800,2026-03-26,653.6200,652.3535,653.8184,0.9997,1.0000
1774535400,2026-03-26,653.7700,652.2935,653.8993,1.0000,1.0000
1774536000,2026-03-26,652.5117,650.9647,652.6532,1.0000,1.0000
1774536600,2026-03-26,652.2100,650.6627,652.3413,1.0000,1.0000
1774537200,2026-03-26,652.2300,650.6896,652.4046,1.0000,1.0000
1774537800,2026-03-26,651.8800,650.3808,652.0101,1.0000,1.0000
1774538400,2026-03-26,651.7100,650.2270,651.8748,1.0000,1.0000
1774539000,2026-03-26,651.6400,650.1927,651.7746,1.0000,1.0000
1774539600,2026-03-26,651.6000,650.1390,651.7969,1.0000,1.0000
1774540200,2026-03-26,651.5200,650.0373,651.6422,1.0000,1.0000
1774540800,2026-03-26,651.4350,650.1404,651.5778,1.0000,1.0000
1774541400,2026-03-26,650.8200,649.3507,650.9393,1.0000,1.0000
1774542000,2026-03-26,649.4700,647.9851,649.6022,1.0000,1.0000
1774542600,2026-03-26,649.1300,647.4945,649.2086,1.0000,1.0000
1774543200,2026-03-26,649.1000,647.5066,649.2352,1.0000,1.0000
1774543800,2026-03-26,649.6400,648.0094,649.8027,1.0000,1.0000
1774544400,2026-03-26,649.5300,647.9675,649.6989,1.0000,1.0000
1774545000,2026-03-26,649.1700,647.5726,649.2932,1.0000,1.0000
1774545600,2026-03-26,648.6200,647.0103,648.7231,1.0000,1.0000
1774546200,2026-03-26,648.5000,647.0017,648.6465,0.9997,1.0000
1774546800,2026-03-26,647.5800,646.1522,647.7022,1.0000,1.0000
1774547400,2026-03-26,646.6700,645.2322,646.7385,1.0000,1.0000
1774548000,2026-03-26,647.3200,645.9651,647.3787,1.0000,1.0000
1774548600,2026-03-26,646.8700,645.6146,646.9858,1.0000,1.0000
1774549200,2026-03-26,646.6000,645.2825,646.7128,1.0000,1.0000
1774549800,2026-03-26,647.3900,646.1025,647.4984,0.9998,1.0000
1774550400,2026-03-26,647.4400,646.0820,647.5622,1.0000,1.0000
1774551000,2026-03-26,647.4300,646.1196,647.5497,1.0000,1.0000
1774551600,2026-03-26,646.2300,644.9766,646.3487,1.0000,1.0000
1774552200,2026-03-26,646.5600,645.2107,646.6541,1.0000,1.0000
1774552800,2026-03-26,646.2100,644.8170,646.3001,1.0000,1.0000
1774553400,2026-03-26,645.8400,644.5468,645.9122,1.0000,1.0000
1774554000,2026-03-26,645.7100,644.4586,645.8218,1.0000,1.0000
1774554600,2026-03-26,645.0950,643.9098,645.2716,1.0000,1.0000
1774618200,2026-03-27,640.9750,640.1748,641.0902,1.0000,1.0000
1774618800,2026-03-27,641.8700,640.9145,641.9569,1.0000,1.0000
1774619400,2026-03-27,639.0500,638.0087,639.0872,1.0000,1.0000
1774620000,2026-03-27,638.8500,637.6773,638.8310,1.0000,1.0000
1774620600,2026-03-27,640.5500,639.5605,640.5881,1.0000,1.0000
1774621200,2026-03-27,639.1000,638.0314,639.1571,1.0000,1.0000
1774621800,2026-03-27,638.8300,637.8201,638.9279,1.0000,1.0000
1774622400,2026-03-27,640.2300,639.1763,640.2545,1.0000,1.0000
1774623000,2026-03-27,640.1900,639.2509,640.2475,1.0000,1.0000
1774623600,2026-03-27,640.1650,639.2958,640.2086,1.0000,1.0000
1774624200,2026-03-27,639.3000,638.3792,639.3147,1.0000,1.0000
1774624800,2026-03-27,640.9600,640.1676,640.9747,1.0000,1.0000
1774625400,2026-03-27,641.1400,640.4931,641.2183,0.9995,1.0000
1774626000,2026-03-27,641.0700,640.3747,641.1559,1.0000,1.0000
1774626600,2026-03-27,640.2800,639.4954,640.3944,1.0000,1.0000
1774627200,2026-03-27,639.1800,638.3335,639.2615,1.0000,1.0000
1774627800,2026-03-27,639.1650,638.3997,639.2376,1.0000,1.0000
1774628400,2026-03-27,638.8900,638.2303,638.9737,1.0000,1.0000
1774629000,2026-03-27,638.3200,637.6506,638.3979,1.0000,1.0000
1774629600,2026-03-27,639.4800,638.7123,639.5545,1.0000,1.0000
1774630200,2026-03-27,638.7000,637.8628,638.8077,1.0000,1.0000
1774630800,2026-03-27,638.8300,638.0251,638.9325,1.0000,1.0000
1774631400,2026-03-27,637.8900,637.1806,637.9853,1.0000,1.0000
1774632000,2026-03-27,636.6200,635.9713,636.7081,1.0000,1.0000
1774632600,2026-03-27,636.9650,636.3057,637.0100,1.0000,1.0000
1774633200,2026-03-27,636.4300,635.7488,636.4909,1.0000,1.0000
1774633800,2026-03-27,636.1300,635.3838,636.2213,1.0000,1.0000
1774634400,2026-03-27,635.4150,634.6133,635.4632,1.0000,1.0000
1774635000,2026-03-27,636.1050,635.2769,636.1484,1.0000,1.0000
1774635600,2026-03-27,635.7700,634.8695,635.8499,1.0000,1.0000
1774636200,2026-03-27,635.7500,634.8558,635.8225,1.0000,1.0000
1774636800,2026-03-27,635.6700,634.9138,635.7998,1.0000,1.0000
1774637400,2026-03-27,635.3800,634.7370,635.5042,1.0000,1.0000
1774638000,2026-03-27,634.7200,633.9682,634.7934,1.0000,1.0000
1774638600,2026-03-27,635.4100,634.6491,635.5060,1.0000,1.0000
1774639200,2026-03-27,634.8590,634.2256,634.9874,1.0000,1.0000
1774639800,2026-03-27,634.7900,634.2412,634.9297,1.0000,1.0000
1774640400,2026-03-27,633.8500,633.2450,633.9627,1.0000,1.0000
1774641000,2026-03-27,634.0800,633.7241,634.3881,1.0000,1.0000
1774877400,2026-03-30,637.9500,637.4109,637.9762,1.0000,1.0000
1774878000,2026-03-30,636.0950,635.3157,636.1403,1.0000,1.0000
1774878600,2026-03-30,635.0700,634.4355,635.0901,1.0000,1.0000
1774879200,2026-03-30,636.1600,635.4802,636.1791,1.0000,1.0000
1774879800,2026-03-30,635.8900,635.1830,635.8938,1.0000,1.0000
1774880400,2026-03-30,635.8600,635.0279,635.9134,1.0000,1.0000
1774881000,2026-03-30,635.8600,634.9718,635.9426,1.0000,1.0000
1774881600,2026-03-30,635.7600,634.8543,635.9470,1.0000,1.0000
1774882200,2026-03-30,637.5100,636.5183,637.6465,1.0000,1.0000
1774882800,2026-03-30,636.8600,635.8032,636.9595,1.0000,1.0000
1774883400,2026-03-30,636.4100,635.4720,636.4702,0.9997,1.0000
1774884000,2026-03-30,636.4600,635.5272,636.5759,1.0000,1.0000
1774884600,2026-03-30,637.3900,636.6114,637.6162,1.0000,1.0000
1774885200,2026-03-30,637.7900,636.8088,637.9070,1.0000,1.0000
1774885800,2026-03-30,637.3400,636.4767,637.5171,1.0000,1.0000
1774886400,2026-03-30,636.3500,635.3868,636.5191,1.0000,1.0000
1774887000,2026-03-30,636.1501,635.2594,636.2831,1.0000,1.0000
1774887600,2026-03-30,635.2600,634.3707,635.4059,1.0000,1.0000
1774888200,2026-03-30,635.8600,634.9234,635.9955,1.0000,1.0000
1774888800,2026-03-30,635.3800,634.3417,635.4989,1.0000,1.0000
1774889400,2026-03-30,635.3000,634.3419,635.4188,1.0000,1.0000
1774890000,2026-03-30,635.4000,634.4688,635.5010,1.0000,1.0000
1774890600,2026-03-30,634.0850,633.0111,634.1685,1.0000,1.0000
1774891200,2026-03-30,633.4000,632.2685,633.4801,1.0000,1.0000
1774891800,2026-03-30,633.6200,632.5325,633.6721,1.0000,1.0000
1774892400,2026-03-30,633.6403,632.4621,633.6926,1.0000,1.0000
1774893000,2026-03-30,633.5700,632.4081,633.6209,1.0000,1.0000
1774893600,2026-03-30,632.9400,631.7359,633.0002,1.0000,1.0000
1774894200,2026-03-30,633.4600,632.2691,633.5513,1.0000,1.0000
1774894800,2026-03-30,632.2800,631.1644,632.3846,1.0000,1.0000
1774895400,2026-03-30,632.4950,631.3990,632.6212,1.0000,1.0000
1774896000,2026-03-30,632.2450,631.1005,632.3807,1.0000,1.0000
1774896600,2026-03-30,631.7500,630.6322,631.8598,1.0000,1.0000
1774897200,2026-03-30,630.4600,629.3000,630.5076,1.0000,1.0000
1774897800,2026-03-30,630.0300,628.8675,630.1004,1.0000,1.0000
1774898400,2026-03-30,629.5800,628.4018,629.6468,1.0000,1.0000
1774899000,2026-03-30,630.2200,629.0827,630.2617,1.0000,1.0000
1774899600,2026-03-30,631.0800,629.9461,631.1332,1.0000,1.0000
1774900200,2026-03-30,632.0200,630.8430,631.9963,1.0000,1.0000
1774963800,2026-03-31,639.8991,637.9425,639.9744,1.0000,1.0000
1774964400,2026-03-31,641.8200,640.1348,641.9946,1.0000,1.0000
1774965000,2026-03-31,642.6300,640.9071,642.6983,1.0000,1.0000
1774965600,2026-03-31,641.2150,639.2461,641.2502,1.0000,1.0000
1774966200,2026-03-31,641.9700,639.8778,642.0041,1.0000,1.0000
1774966800,2026-03-31,642.5000,640.3918,642.5474,1.0000,1.0000
1774967400,2026-03-31,641.0800,638.8808,641.0935,1.0000,1.0000
1774968000,2026-03-31,639.4100,637.2847,639.5089,1.0000,1.0000
1774968600,2026-03-31,638.6800,636.5529,638.7905,1.0000,1.0000
1774969200,2026-03-31,640.5850,638.5558,640.6749,1.0000,1.0000
1774969800,2026-03-31,641.7400,639.6485,641.8700,1.0000,1.0000
1774970400,2026-03-31,640.6800,638.5716,640.8437,1.0000,1.0000
1774971000,2026-03-31,640.9588,638.7502,641.0252,0.9994,1.0000
1774971600,2026-03-31,640.4150,638.2044,640.5682,0.9994,1.0000
1774972200,2026-03-31,639.7900,637.4611,639.8474,1.0000,1.0000
1774972800,2026-03-31,641.3700,639.0258,641.4636,1.0000,1.0000
1774973400,2026-03-31,641.5000,639.0846,641.5889,1.0000,1.0000
1774974000,2026-03-31,642.1200,639.8193,642.2221,1.0000,1.0000
1774974600,2026-03-31,644.8900,642.4986,644.8986,1.0000,1.0000
1774975200,2026-03-31,646.3100,643.9319,646.4260,1.0000,1.0000
1774975800,2026-03-31,646.6400,644.2879,646.7715,1.0000,1.0000
1774976400,2026-03-31,646.4700,643.9957,646.5562,1.0000,1.0000
1774977000,2026-03-31,648.3000,645.6909,648.4406,1.0000,1.0000
1774977600,2026-03-31,647.0000,644.4540,647.1285,1.0000,1.0000
1774978200,2026-03-31,646.8700,644.2228,646.9648,1.0000,1.0000
1774978800,2026-03-31,647.1365,644.6239,647.2906,1.0000,1.0000
1774979400,2026-03-31,646.4150,643.9196,646.5688,1.0000,1.0000
1774980000,2026-03-31,647.6600,645.2145,647.8425,1.0000,1.0000
1774980600,2026-03-31,647.8200,645.3817,647.9338,1.0000,1.0000
1774981200,2026-03-31,647.7000,645.2723,647.8752,1.0000,1.0000
1774981800,2026-03-31,648.2897,645.8614,648.4597,1.0000,1.0000
1774982400,2026-03-31,648.3194,645.8493,648.4057,1.0000,1.0000
1774983000,2026-03-31,648.6400,646.3194,648.8070,1.0000,1.0000
1774983600,2026-03-31,648.3000,645.9935,648.4762,1.0000,1.0000
1774984200,2026-03-31,649.2500,646.8977,649.3974,1.0000,1.0000
1774984800,2026-03-31,649.4020,647.1613,649.5426,1.0000,1.0000
1774985400,2026-03-31,650.4500,648.1362,650.5437,1.0000,1.0000
1774986000,2026-03-31,650.8700,648.5890,651.0119,1.0000,1.0000
1774986600,2026-03-31,650.2350,647.8323,650.4276,1.0000,1.0000
1775050200,2026-04-01,655.8400,653.0736,655.9651,1.0000,1.0000
1775050800,2026-04-01,653.2300,650.4018,653.2480,1.0000,1.0000
1775051400,2026-04-01,654.2900,651.6305,654.4793,1.0000,1.0000
1775052000,2026-04-01,654.8000,652.3008,654.8337,1.0000,1.0000
1775052600,2026-04-01,654.7300,651.9081,654.7755,1.0000,1.0000
1775053200,2026-04-01,655.0300,652.2716,655.0627,1.0000,1.0000
1775053800,2026-04-01,655.4900,652.9059,655.5657,1.0000,1.0000
1775054400,2026-04-01,656.1900,653.7072,656.3223,1.0000,1.0000
1775055000,2026-04-01,656.5000,653.9915,656.6198,1.0000,1.0000
1775055600,2026-04-01,656.9700,654.4658,657.0634,1.0000,1.0000
1775056200,2026-04-01,656.9400,654.4085,657.0325,1.0000,1.0000
1775056800,2026-04-01,656.3300,653.8214,656.4840,1.0000,1.0000
1775057400,2026-04-01,657.0997,654.6248,657.1990,1.0000,1.0000
1775058000,2026-04-01,657.2100,654.5586,657.3752,1.0000,1.0000
1775058600,2026-04-01,657.8200,655.1809,657.9885,1.0000,1.0000
1775059200,2026-04-01,657.9750,655.2831,658.1650,1.0000,1.0000
1775059800,2026-04-01,657.8300,655.1305,657.9877,1.0000,1.0000
1775060400,2026-04-01,657.1750,654.4378,657.3452,1.0000,1.0000
1775061000,2026-04-01,657.5900,654.7903,657.8031,1.0000,1.0000
1775061600,2026-04-01,657.7500,654.9733,657.9365,1.0000,1.0000
1775062200,2026-04-01,657.8100,655.0083,657.9981,1.0000,1.0000
1775062800,2026-04-01,658.3200,655.5337,658.4891,1.0000,1.0000
1775063400,2026-04-01,658.3250,655.5161,658.4730,1.0000,1.0000
1775064000,2026-04-01,658.3000,655.4809,658.4577,1.0000,1.0000
1775064600,2026-04-01,658.0800,655.3097,658.2493,1.0000,1.0000
1775065200,2026-04-01,657.6250,654.8223,657.8052,1.0000,1.0000
1775065800,2026-04-01,656.7900,654.0910,656.9866,1.0000,1.0000
1775066400,2026-04-01,656.1098,653.2951,656.2377,1.0000,1.0000
1775067000,2026-04-01,654.9750,652.2121,655.0537,1.0000,1.0000
1775067600,2026-04-01,654.2300,651.5130,654.3541,1.0000,1.0000
1775068200,2026-04-01,654.4600,651.8150,654.6446,1.0000,1.0000
1775068800,2026-04-01,654.6450,652.0305,654.8207,1.0000,1.0000
1775069400,2026-04-01,654.4100,651.7214,654.5093,1.0000,1.0000
1775070000,2026-04-01,655.1700,652.4194,655.3334,1.0000,1.0000
1775070600,2026-04-01,655.5650,652.7607,655.7145,1.0000,1.0000
1775071200,2026-04-01,656.1000,653.2248,656.2684,1.0000,1.0000
1775071800,2026-04-01,656.2100,653.3393,656.3786,1.0000,1.0000
1775072400,2026-04-01,655.9800,653.0985,656.2005,1.0000,1.0000
1775073000,2026-04-01,655.1700,652.3617,655.2947,1.0000,1.0000
1775136600,2026-04-02,645.3500,642.7570,645.3784,0.9997,1.0000
1775137200,2026-04-02,647.0400,644.2721,647.0615,1.0000,1.0000
1775137800,2026-04-02,649.6300,646.9269,649.7487,1.0000,1.0000
1775138400,2026-04-02,649.8400,647.2563,649.9388,1.0000,1.0000
1775139000,2026-04-02,650.3000,647.6726,650.4317,1.0000,1.0000
1775139600,2026-04-02,650.3400,647.7726,650.4014,1.0000,1.0000
1775140200,2026-04-02,656.4500,654.0822,656.5097,1.0000,1.0000
1775140800,2026-04-02,654.1200,651.6432,654.1249,1.0000,1.0000
1775141400,2026-04-02,655.3900,653.0255,655.4271,1.0000,1.0000
1775142000,2026-04-02,654.8430,652.3205,654.7848,1.0000,1.0000
1775142600,2026-04-02,655.1900,652.9201,655.2447,1.0000,1.0000
1775143200,2026-04-02,655.2900,652.9358,655.2743,1.0000,1.0000
1775143800,2026-04-02,655.2100,652.8355,655.1757,1.0000,1.0000
1775144400,2026-04-02,654.1600,651.8318,654.1974,1.0000,1.0000
1775145000,2026-04-02,654.0000,651.6136,653.9894,1.0000,1.0000
1775145600,2026-04-02,653.5800,651.2084,653.5642,1.0000,1.0000
1775146200,2026-04-02,652.5000,650.0930,652.5484,1.0000,1.0000
1775146800,2026-04-02,652.7200,650.2768,652.7745,1.0000,1.0000
1775147400,2026-04-02,653.2800,650.7670,653.2577,1.0000,1.0000
1775148000,2026-04-02,654.2700,651.8182,654.2316,1.0000,1.0000
1775148600,2026-04-02,653.5600,651.1185,653.5857,0.9995,1.0000
1775149200,2026-04-02,653.7700,651.3785,653.7242,1.0000,1.0000
1775149800,2026-04-02,654.6100,652.1309,654.5274,1.0000,1.0000
1775150400,2026-04-02,654.6300,652.2293,654.6006,1.0000,1.0000
1775151000,2026-04-02,654.2900,651.8727,654.2367,1.0000,1.0000
1775151600,2026-04-02,652.7700,650.3749,652.7310,1.0000,1.0000
1775152200,2026-04-02,653.2102,650.8159,653.1699,1.0000,1.0000
1775152800,2026-04-02,654.0097,651.5499,653.9202,1.0000,1.0000
1775153400,2026-04-02,653.9800,651.5893,653.9200,1.0000,1.0000
1775154000,2026-04-02,653.5000,651.0773,653.4311,1.0000,1.0000
1775154600,2026-04-02,653.5700,651.2263,653.5431,1.0000,1.0000
1775155200,2026-04-02,654.4999,652.1565,654.4260,1.0000,1.0000
1775155800,2026-04-02,654.4600,652.1609,654.3933,1.0000,1.0000
1775156400,2026-04-02,654.8300,652.4737,654.7604,1.0000,1.0000
1775157000,2026-04-02,654.5401,652.1944,654.4466,1.0000,1.0000
1775157600,2026-04-02,654.3799,651.9878,654.3140,1.0000,1.0000
1775158200,2026-04-02,654.7600,652.3436,654.6563,1.0000,1.0000
1775158800,2026-04-02,654.5900,652.2725,654.4941,1.0000,1.0000
1775159400,2026-04-02,655.8800,653.4698,655.7947,1.0000,1.0000
1775482200,2026-04-06,656.5952,654.5457,656.5390,1.0000,1.0000
1775482800,2026-04-06,657.0800,654.7938,656.9847,1.0000,1.0000
1775483400,2026-04-06,658.5300,656.2203,658.3769,0.9997,1.0000
1775484000,2026-04-06,657.1651,654.7152,656.9813,1.0000,1.0000
1775484600,2026-04-06,658.2850,655.8005,658.1371,1.0000,1.0000
1775485200,2026-04-06,658.3700,655.7670,658.1812,1.0000,1.0000
1775485800,2026-04-06,657.1000,654.5280,656.9027,1.0000,1.0000
1775486400,2026-04-06,656.7757,654.3509,656.5174,1.0000,1.0000
1775487000,2026-04-06,657.4900,655.0930,657.3279,1.0000,1.0000
1775487600,2026-04-06,657.7400,655.2523,657.4836,1.0000,1.0000
1775488200,2026-04-06,657.3455,654.8253,657.1313,0.9998,1.0000
1775488800,2026-04-06,656.9250,654.5295,656.7485,1.0000,1.0000
1775489400,2026-04-06,656.9750,654.5538,656.7365,1.0000,1.0000
1775490000,2026-04-06,657.4699,655.0123,657.2410,1.0000,1.0000
1775490600,2026-04-06,657.8500,655.5106,657.6674,1.0000,1.0000
1775491200,2026-04-06,657.2900,654.8682,657.0657,1.0000,1.0000
1775491800,2026-04-06,657.5800,655.2010,657.3520,1.0000,1.0000
1775492400,2026-04-06,657.7932,655.3671,657.5770,1.0000,1.0000
1775493000,2026-04-06,658.1400,655.6908,657.9318,1.0000,1.0000
1775493600,2026-04-06,658.3500,655.9688,658.1323,1.0000,1.0000
1775494200,2026-04-06,657.9300,655.5532,657.6992,1.0000,1.0000
1775494800,2026-04-06,657.2600,654.8598,657.0189,1.0000,1.0000
1775495400,2026-04-06,656.4800,654.0244,656.2279,1.0000,1.0000
1775496000,2026-04-06,657.3901,655.0336,657.2045,1.0000,1.0000
1775496600,2026-04-06,657.2100,654.7921,656.9886,1.0000,1.0000
1775497200,2026-04-06,656.8300,654.4511,656.5898,1.0000,1.0000
1775497800,2026-04-06,656.4700,654.1591,656.2915,1.0000,1.0000
1775498400,2026-04-06,656.7450,654.3686,656.5317,1.0000,1.0000
1775499000,2026-04-06,657.9650,655.6058,657.7740,1.0000,1.0000
1775499600,2026-04-06,658.2400,655.8463,658.0486,1.0000,1.0000
1775500200,2026-04-06,657.8901,655.4622,657.7055,1.0000,1.0000
1775500800,2026-04-06,658.1299,655.6817,657.9319,1.0000,1.0000
1775501400,2026-04-06,658.2900,655.9054,658.1324,0.9992,1.0000
1775502000,2026-04-06,657.9800,655.5007,657.7873,1.0000,1.0000
1775502600,2026-04-06,658.0500,655.6284,657.8768,1.0000,1.0000
1775503200,2026-04-06,657.8801,655.4674,657.7273,1.0000,1.0000
1775503800,2026-04-06,658.1100,655.7483,657.9398,1.0000,1.0000
1775504400,2026-04-06,658.7300,656.3093,658.5401,1.0000,1.0000
1775505000,2026-04-06,658.8700,656.3510,658.6587,1.0000,1.0000
1775568600,2026-04-07,655.2400,652.6676,655.0763,0.9997,1.0000
1775569200,2026-04-07,654.5800,652.2410,654.2526,0.9997,1.0000
1775569800,2026-04-07,654.0312,651.9318,653.8555,0.9997,1.0000
1775570400,2026-04-07,652.3700,650.0367,651.9830,0.9997,1.0000
1775571000,2026-04-07,653.2700,651.0825,652.8351,0.9997,1.0000
1775571600,2026-04-07,654.4000,652.3064,654.0659,0.9997,1.0000
1775572200,2026-04-07,654.3700,652.1987,653.9603,0.9997,1.0000
1775572800,2026-04-07,654.0100,651.9217,653.7653,0.9997,1.0000
1775573400,2026-04-07,652.6000,650.5233,652.2670,0.9997,1.0000
1775574000,2026-04-07,651.4300,649.1154,651.0105,0.9997,1.0000
1775574600,2026-04-07,653.0150,650.7109,652.6390,0.9997,1.0000
1775575200,2026-04-07,653.2550,650.8813,652.8424,0.9995,1.0000
1775575800,2026-04-07,653.0201,650.7606,652.6982,0.9997,1.0000
1775576400,2026-04-07,652.9909,650.5892,652.6583,0.9997,1.0000
1775577000,2026-04-07,653.8100,651.3609,653.4451,0.9995,1.0000
1775577600,2026-04-07,654.7800,652.4202,654.4931,0.9997,1.0000
1775578200,2026-04-07,655.1800,652.8055,654.9139,0.9997,1.0000
1775578800,2026-04-07,655.9200,653.4817,655.6426,0.9993,1.0000
1775579400,2026-04-07,655.6000,653.0673,655.2855,0.9997,1.0000
1775580000,2026-04-07,656.4800,653.9843,656.1934,0.9997,1.0000
1775580600,2026-04-07,656.0400,653.5789,655.7621,0.9997,1.0000
1775581200,2026-04-07,656.4650,653.9156,656.1761,0.9997,1.0000
1775581800,2026-04-07,656.0600,653.4081,655.7202,0.9995,1.0000
1775582400,2026-04-07,655.8200,653.1608,655.4572,0.9997,1.0000
1775583000,2026-04-07,657.4400,654.8208,657.1939,0.9997,1.0000
1775583600,2026-04-07,656.8600,654.1251,656.5100,0.9997,1.0000
1775584200,2026-04-07,656.7250,653.9617,656.3988,0.9997,1.0000
1775584800,2026-04-07,656.3400,653.5592,656.0395,0.9997,1.0000
1775585400,2026-04-07,656.8400,654.0705,656.4814,0.9997,1.0000
1775586000,2026-04-07,656.1500,653.4716,655.8248,0.9997,1.0000
1775586600,2026-04-07,655.9800,653.2423,655.5713,0.9997,1.0000
1775587200,2026-04-07,655.0300,652.3375,654.6895,0.9997,1.0000
1775587800,2026-04-07,653.9600,651.3351,653.6292,0.9997,1.0000
1775588400,2026-04-07,653.8000,650.9974,653.4404,0.9997,1.0000
1775589000,2026-04-07,657.1800,654.4082,656.8058,0.9997,1.0000
1775589600,2026-04-07,656.6600,653.9005,656.2880,0.9997,1.0000
1775590200,2026-04-07,656.0415,653.0983,655.6116,0.9997,1.0000
1775590800,2026-04-07,657.7200,654.7692,657.2857,0.9997,1.0000
1775591400,2026-04-07,659.2700,656.1164,658.9313,0.9997,1.0000
1775655000,2026-04-08,675.4300,672.3468,675.0558,1.0000,1.0000
1775655600,2026-04-08,676.1000,672.8819,675.7411,1.0000,1.0000
1775656200,2026-04-08,674.6300,671.6385,674.2060,1.0000,1.0000
1775656800,2026-04-08,674.8500,671.9034,674.4600,1.0000,1.0000
1775657400,2026-04-08,674.6100,671.5226,674.1949,1.0000,1.0000
1775658000,2026-04-08,674.1300,670.9771,673.6897,1.0000,1.0000
1775658600,2026-04-08,673.3200,670.0198,672.8586,1.0000,1.0000
1775659200,2026-04-08,673.4700,670.1903,673.1061,1.0000,1.0000
1775659800,2026-04-08,672.8800,669.4436,672.4764,1.0000,1.0000
1775660400,2026-04-08,672.7300,669.2472,672.2980,1.0000,1.0000
1775661000,2026-04-08,673.4100,670.1323,673.0299,1.0000,1.0000
1775661600,2026-04-08,673.0300,669.6594,672.6341,1.0000,1.0000
1775662200,2026-04-08,674.2300,670.8113,673.8036,0.9997,1.0000
1775662800,2026-04-08,674.7900,671.3366,674.4322,1.0000,1.0000
1775663400,2026-04-08,674.8900,671.3382,674.4895,1.0000,1.0000
1775664000,2026-04-08,675.1900,671.7208,674.8101,1.0000,1.0000
1775664600,2026-04-08,674.8100,671.2169,674.3619,1.0000,1.0000
1775665200,2026-04-08,675.0200,671.3353,674.6416,1.0000,1.0000
1775665800,2026-04-08,675.5050,671.7725,675.1865,1.0000,1.0000
1775666400,2026-04-08,675.9700,672.2465,675.6642,1.0000,1.0000
1775667000,2026-04-08,676.0530,672.3050,675.6923,1.0000,1.0000
1775667600,2026-04-08,675.8100,671.9876,675.4656,1.0000,1.0000
1775668200,2026-04-08,675.7200,671.9551,675.3514,1.0000,1.0000
1775668800,2026-04-08,675.0100,671.2498,674.6007,1.0000,1.0000
1775669400,2026-04-08,675.2600,671.5639,674.8668,1.0000,1.0000
1775670000,2026-04-08,675.4101,671.7769,675.0427,1.0000,1.0000
1775670600,2026-04-08,675.8100,672.0986,675.3722,1.0000,1.0000
1775671200,2026-04-08,676.4450,672.7247,676.0760,1.0000,1.0000
1775671800,2026-04-08,674.8114,671.0424,674.4344,1.0000,1.0000
1775672400,2026-04-08,674.8800,671.1734,674.5213,1.0000,1.0000
1775673000,2026-04-08,674.5500,670.7824,674.1580,0.9998,1.0000
1775673600,2026-04-08,673.8294,670.0649,673.4454,1.0000,1.0000
1775674200,2026-04-08,672.9400,669.1112,672.5223,1.0000,1.0000
1775674800,2026-04-08,673.6500,669.7775,673.1892,1.0000,1.0000
1775675400,2026-04-08,673.8000,670.0099,673.4179,1.0000,1.0000
1775676000,2026-04-08,673.5400,669.7486,673.1203,1.0000,1.0000
1775676600,2026-04-08,674.7950,670.9821,674.3759,1.0000,1.0000
1775677200,2026-04-08,674.9600,671.1148,674.5467,1.0000,1.0000
1775677800,2026-04-08,675.8700,672.1734,675.4809,1.0000,1.0000
1775741400,2026-04-09,675.1500,671.3397,674.6976,1.0000,1.0000
1775742000,2026-04-09,675.4550,671.4862,675.0386,1.0000,1.0000
1775742600,2026-04-09,675.2700,671.4391,674.8629,1.0000,1.0000
1775743200,2026-04-09,674.9850,670.9307,674.5182,1.0000,1.0000
1775743800,2026-04-09,674.4000,670.1771,673.8532,0.9998,1.0000
1775744400,2026-04-09,674.2950,670.1267,673.7914,1.0000,1.0000
1775745000,2026-04-09,674.4950,670.3255,674.0120,1.0000,1.0000
1775745600,2026-04-09,674.7600,670.4525,674.3785,1.0000,1.0000
1775746200,2026-04-09,675.3100,670.9562,674.9470,1.0000,1.0000
1775746800,2026-04-09,675.0100,670.4010,674.6224,1.0000,1.0000
1775747400,2026-04-09,676.4200,671.5870,675.9940,1.0000,1.0000
1775748000,2026-04-09,675.9300,671.1252,675.5180,0.9998,1.0000
1775748600,2026-04-09,677.2400,672.3893,676.7898,1.0000,1.0000
1775749200,2026-04-09,677.9700,673.1290,677.6207,1.0000,1.0000
1775749800,2026-04-09,678.8300,673.8514,678.4640,1.0000,1.0000
1775750400,2026-04-09,679.8700,674.7319,679.5185,1.0000,1.0000
1775751000,2026-04-09,680.2800,675.3039,679.8815,1.0000,1.0000
1775751600,2026-04-09,679.9000,674.7887,679.5097,1.0000,1.0000
1775752200,2026-04-09,679.4000,674.2157,678.9441,1.0000,1.0000
1775752800,2026-04-09,679.1591,674.0078,678.6849,1.0000,1.0000
1775753400,2026-04-09,679.8700,674.5519,679.3810,1.0000,1.0000
1775754000,2026-04-09,680.4850,675.1708,680.0424,1.0000,1.0000
1775754600,2026-04-09,680.7999,675.5445,680.3647,1.0000,1.0000
1775755200,2026-04-09,680.2901,675.1240,679.8839,1.0000,1.0000
1775755800,2026-04-09,681.0000,675.7374,680.5657,1.0000,1.0000
1775756400,2026-04-09,680.8100,675.5680,680.3900,1.0000,1.0000
1775757000,2026-04-09,680.5400,675.3281,680.1015,1.0000,1.0000
1775757600,2026-04-09,679.4800,674.2091,679.0397,1.0000,1.0000
1775758200,2026-04-09,679.3100,674.0667,678.9062,1.0000,1.0000
1775758800,2026-04-09,678.8500,673.7416,678.4533,1.0000,1.0000
1775759400,2026-04-09,679.3200,674.0994,678.8314,1.0000,1.0000
1775760000,2026-04-09,679.2000,674.0446,678.7216,1.0000,1.0000
1775760600,2026-04-09,679.1200,673.9823,678.7125,1.0000,1.0000
1775761200,2026-04-09,680.0400,674.9665,679.5965,1.0000,1.0000
1775761800,2026-04-09,679.6750,674.7175,679.2734,1.0000,1.0000
1775762400,2026-04-09,679.9200,674.9637,679.4718,1.0000,1.0000
1775763000,2026-04-09,680.2850,675.3259,679.8506,1.0000,1.0000
1775763600,2026-04-09,680.1200,675.1662,679.7353,1.0000,1.0000
1775764200,2026-04-09,679.8700,675.0203,679.5360,1.0000,1.0000
1775827800,2026-04-10,680.7400,674.7061,680.2653,1.0000,1.0000
1775828400,2026-04-10,680.5200,674.5719,679.9851,1.0000,1.0000
1775829000,2026-04-10,680.7600,674.8923,680.3576,1.0000,1.0000
1775829600,2026-04-10,680.5500,674.3910,679.9566,1.0000,1.0000
1775830200,2026-04-10,681.3300,675.1678,680.8257,0.9998,1.0000
1775830800,2026-04-10,681.5200,675.3020,681.0257,1.0000,1.0000
1775831400,2026-04-10,681.4300,675.1458,680.8056,1.0000,1.0000
1775832000,2026-04-10,680.7400,674.4211,680.1371,1.0000,1.0000
1775832600,2026-04-10,681.3600,675.0334,680.8336,0.9997,1.0000
1775833200,2026-04-10,681.4300,675.0556,680.9128,1.0000,1.0000
1775833800,2026-04-10,681.5600,675.2202,681.0547,1.0000,1.0000
1775834400,2026-04-10,681.2400,674.9230,680.6461,0.9998,1.0000
1775835000,2026-04-10,680.4500,674.2068,679.8820,1.0000,1.0000
1775835600,2026-04-10,680.2350,673.9993,679.7000,1.0000,1.0000
1775836200,2026-04-10,679.4600,673.2711,678.8640,1.0000,1.0000
1775836800,2026-04-10,679.3750,673.2037,678.8187,1.0000,1.0000
1775837400,2026-04-10,679.8200,673.7018,679.3036,1.0000,1.0000
1775838000,2026-04-10,679.5200,673.4252,679.0343,1.0000,1.0000
1775838600,2026-04-10,679.0800,673.0470,678.5732,1.0000,1.0000
1775839200,2026-04-10,679.2200,673.0624,678.6712,0.9996,1.0000
1775839800,2026-04-10,679.4900,673.4098,678.9643,0.9998,1.0000
1775840400,2026-04-10,678.9100,672.9110,678.4062,1.0000,1.0000
1775841000,2026-04-10,679.0100,673.0475,678.5439,1.0000,1.0000
1775841600,2026-04-10,678.6701,672.7968,678.1982,1.0000,1.0000
1775842200,2026-04-10,678.9850,673.1282,678.5002,1.0000,1.0000
1775842800,2026-04-10,679.2500,673.4181,678.7119,1.0000,1.0000
1775843400,2026-04-10,679.4500,673.5922,678.9663,1.0000,1.0000
1775844000,2026-04-10,678.9900,673.1687,678.4945,1.0000,1.0000
1775844600,2026-04-10,679.4950,673.7237,678.9833,1.0000,1.0000
1775845200,2026-04-10,679.4000,673.6203,678.8650,1.0000,1.0000
1775845800,2026-04-10,679.2200,673.3840,678.7056,1.0000,1.0000
1775846400,2026-04-10,679.1400,673.2357,678.6429,0.9997,1.0000
1775847000,2026-04-10,679.3100,673.4370,678.8118,1.0000,1.0000
1775847600,2026-04-10,679.5750,673.5833,679.0845,1.0000,1.0000
1775848200,2026-04-10,679.8650,673.8644,679.3896,0.9997,1.0000
1775848800,2026-04-10,679.6401,673.5724,679.1595,1.0000,1.0000
1775849400,2026-04-10,679.0700,672.8678,678.5404,1.0000,1.0000
1775850000,2026-04-10,678.8400,672.6497,678.3791,1.0000,1.0000
1775850600,2026-04-10,679.3100,673.1901,678.8759,1.0000,1.0000
1776087000,2026-04-13,677.2500,671.5221,676.8079,1.0000,1.0000
1776087600,2026-04-13,678.7900,673.1552,678.4240,0.9998,1.0000
1776088200,2026-04-13,679.7100,673.9294,679.3760,1.0000,1.0000
1776088800,2026-04-13,679.3600,673.4132,679.0918,1.0000,1.0000
1776089400,2026-04-13,679.0056,673.2430,678.6098,1.0000,1.0000
1776090000,2026-04-13,679.5688,673.9161,679.2079,1.0000,1.0000
1776090600,2026-04-13,679.5100,673.8488,679.1983,1.0000,1.0000
1776091200,2026-04-13,679.6000,673.9717,679.3255,1.0000,1.0000
1776091800,2026-04-13,680.5213,674.8961,680.2445,1.0000,1.0000
1776092400,2026-04-13,679.9800,674.3266,679.6177,1.0000,1.0000
1776093000,2026-04-13,679.6800,674.0521,679.3692,1.0000,1.0000
1776093600,2026-04-13,679.5100,673.8912,679.2107,1.0000,1.0000
1776094200,2026-04-13,679.9600,674.2992,679.6625,1.0000,1.0000
1776094800,2026-04-13,679.4700,673.8656,679.1397,1.0000,1.0000
1776095400,2026-04-13,679.4800,673.9802,679.1866,1.0000,1.0000
1776096000,2026-04-13,679.7200,674.3287,679.4650,1.0000,1.0000
1776096600,2026-04-13,680.2000,674.8234,679.8975,1.0000,1.0000
1776097200,2026-04-13,681.3900,676.0534,681.1330,1.0000,1.0000
1776097800,2026-04-13,681.4800,676.2054,681.2403,1.0000,1.0000
1776098400,2026-04-13,682.0400,676.7551,681.8014,1.0000,1.0000
1776099000,2026-04-13,682.3100,677.0485,682.0396,1.0000,1.0000
1776099600,2026-04-13,682.2400,677.0854,681.9686,1.0000,1.0000
1776100200,2026-04-13,682.5700,677.4101,682.3370,1.0000,1.0000
1776100800,2026-04-13,682.4800,677.3783,682.2539,1.0000,1.0000
1776101400,2026-04-13,682.2600,677.1876,682.0480,1.0000,1.0000
1776102000,2026-04-13,682.0650,676.9579,681.7892,1.0000,1.0000
1776102600,2026-04-13,682.1400,677.0143,681.8518,0.9997,1.0000
1776103200,2026-04-13,682.4950,677.3818,682.2302,1.0000,1.0000
1776103800,2026-04-13,682.4900,677.3558,682.1776,1.0000,1.0000
1776104400,2026-04-13,682.3750,677.2060,682.0439,1.0000,1.0000
1776105000,2026-04-13,682.6150,677.4541,682.2973,1.0000,1.0000
1776105600,2026-04-13,683.1000,677.9305,682.7629,1.0000,1.0000
1776106200,2026-04-13,683.2950,678.0770,682.9751,1.0000,1.0000
1776106800,2026-04-13,683.2788,678.0250,682.9335,1.0000,1.0000
1776107400,2026-04-13,683.4500,678.2133,683.0995,1.0000,1.0000
1776108000,2026-04-13,683.8050,678.5835,683.4682,1.0000,1.0000
1776108600,2026-04-13,684.1800,678.9384,683.8280,1.0000,1.0000
1776109200,2026-04-13,684.0700,678.7563,683.6789,1.0000,1.0000
1776109800,2026-04-13,686.0100,680.7120,685.7719,1.0000,1.0000
1776173400,2026-04-14,689.0300,683.4114,688.9891,1.0000,1.0000
1776174000,2026-04-14,689.7691,683.3587,689.6649,1.0000,1.0000
1776174600,2026-04-14,689.4900,683.2473,689.2904,1.0000,1.0000
1776175200,2026-04-14,690.3800,684.0697,690.1674,1.0000,1.0000
1776175800,2026-04-14,690.6600,684.6227,690.4872,0.9997,1.0000
1776176400,2026-04-14,690.9800,684.7192,690.8406,1.0000,1.0000
1776177000,2026-04-14,690.8200,684.4266,690.6497,1.0000,1.0000
1776177600,2026-04-14,691.3200,684.9314,691.1819,1.0000,1.0000
1776178200,2026-04-14,691.5399,685.2271,691.4467,1.0000,1.0000
1776178800,2026-04-14,690.9900,684.5765,690.7843,1.0000,1.0000
1776179400,2026-04-14,691.5900,685.0604,691.4213,1.0000,1.0000
1776180000,2026-04-14,692.2500,685.6316,692.0727,1.0000,1.0000
1776180600,2026-04-14,692.6900,685.9484,692.5860,1.0000,1.0000
1776181200,2026-04-14,692.9300,686.1043,692.8251,1.0000,1.0000
1776181800,2026-04-14,692.8600,686.0045,692.7086,1.0000,1.0000
1776182400,2026-04-14,693.0650,686.1840,692.8962,1.0000,1.0000
1776183000,2026-04-14,693.2700,686.3035,693.0982,1.0000,1.0000
1776183600,2026-04-14,693.5950,686.6984,693.4886,1.0000,1.0000
1776184200,2026-04-14,693.4100,686.4561,693.3011,1.0000,1.0000
1776184800,2026-04-14,693.6100,686.6065,693.5107,0.9992,1.0000
1776185400,2026-04-14,692.9500,685.8717,692.7951,1.0000,1.0000
1776186000,2026-04-14,693.1450,686.1658,693.0000,1.0000,1.0000
1776186600,2026-04-14,693.6950,686.7174,693.5696,1.0000,1.0000
1776187200,2026-04-14,693.7400,686.8509,693.5718,1.0000,1.0000
1776187800,2026-04-14,693.9350,687.0669,693.8246,1.0000,1.0000
1776188400,2026-04-14,693.9850,687.0366,693.8579,1.0000,1.0000
1776189000,2026-04-14,693.7250,686.8004,693.5626,1.0000,1.0000
1776189600,2026-04-14,693.8400,686.9172,693.6796,1.0000,1.0000
1776190200,2026-04-14,692.9500,686.0526,692.7694,1.0000,1.0000
1776190800,2026-04-14,692.6000,685.7098,692.4009,1.0000,1.0000
1776191400,2026-04-14,692.9850,686.1570,692.8090,1.0000,1.0000
1776192000,2026-04-14,692.4100,685.6553,692.2504,1.0000,1.0000
1776192600,2026-04-14,692.7600,686.0218,692.5714,1.0000,1.0000
1776193200,2026-04-14,693.3771,686.5075,693.2008,1.0000,1.0000
1776193800,2026-04-14,693.6750,686.9644,693.4857,1.0000,1.0000
1776194400,2026-04-14,694.2400,687.4589,694.0523,1.0000,1.0000
1776195000,2026-04-14,694.3200,687.3725,694.1108,1.0000,1.0000
1776195600,2026-04-14,694.0500,687.1338,693.8639,1.0000,1.0000
1776196200,2026-04-14,694.4000,687.3211,694.1441,1.0000,1.0000
1776259800,2026-04-15,696.2800,689.3135,696.1900,1.0000,1.0000
1776260400,2026-04-15,695.0200,687.6545,694.9966,1.0000,1.0000
1776261000,2026-04-15,695.6800,688.1649,695.6485,1.0000,1.0000
1776261600,2026-04-15,695.4501,687.6922,695.3944,1.0000,1.0000
1776262200,2026-04-15,695.9000,687.9204,695.7776,1.0000,1.0000
1776262800,2026-04-15,696.9200,688.9216,696.8194,1.0000,1.0000
1776263400,2026-04-15,696.0289,688.1066,695.9042,1.0000,1.0000
1776264000,2026-04-15,697.0200,689.0368,696.9734,1.0000,1.0000
1776264600,2026-04-15,696.7300,688.6652,696.7298,1.0000,1.0000
1776265200,2026-04-15,696.6700,688.6974,696.6353,1.0000,1.0000
1776265800,2026-04-15,697.3600,689.5279,697.3577,1.0000,1.0000
1776266400,2026-04-15,697.3700,689.5671,697.4090,1.0000,1.0000
1776267000,2026-04-15,697.1050,689.1591,697.1308,0.9997,1.0000
1776267600,2026-04-15,697.4299,689.4095,697.4658,1.0000,1.0000
1776268200,2026-04-15,697.0100,688.9322,696.9711,0.9997,1.0000
1776268800,2026-04-15,697.4300,689.2928,697.3865,1.0000,1.0000
1776269400,2026-04-15,697.5800,689.3335,697.5489,1.0000,1.0000
1776270000,2026-04-15,697.3599,689.0596,697.3569,1.0000,1.0000
1776270600,2026-04-15,697.1699,688.9691,697.1712,0.9997,1.0000
1776271200,2026-04-15,696.6650,688.4389,696.6420,1.0000,1.0000
1776271800,2026-04-15,696.5300,688.3775,696.4827,1.0000,1.0000
1776272400,2026-04-15,697.2200,689.0673,697.1410,1.0000,1.0000
1776273000,2026-04-15,697.2900,689.1928,697.2741,1.0000,1.0000
1776273600,2026-04-15,697.4200,689.3618,697.3859,1.0000,1.0000
1776274200,2026-04-15,697.6500,689.5927,697.6169,1.0000,1.0000
1776274800,2026-04-15,697.5600,689.5244,697.5414,1.0000,1.0000
1776275400,2026-04-15,697.4801,689.5929,697.4319,1.0000,1.0000
1776276000,2026-04-15,698.1000,690.1967,698.1022,1.0000,1.0000
1776276600,2026-04-15,698.3650,690.4484,698.3376,1.0000,1.0000
1776277200,2026-04-15,698.5000,690.5345,698.4520,1.0000,1.0000
1776277800,2026-04-15,699.0100,690.9153,698.9299,1.0000,1.0000
1776278400,2026-04-15,699.2600,691.1590,699.2156,1.0000,1.0000
1776279000,2026-04-15,699.6400,691.5136,699.6071,1.0000,1.0000
1776279600,2026-04-15,699.8500,691.7128,699.8313,1.0000,1.0000
1776280200,2026-04-15,699.6400,691.4758,699.5970,1.0000,1.0000
1776280800,2026-04-15,700.0000,691.8661,700.0104,1.0000,1.0000
1776281400,2026-04-15,699.5200,691.3418,699.5445,1.0000,1.0000
1776282000,2026-04-15,699.5500,691.2783,699.5244,1.0000,1.0000
1776282600,2026-04-15,699.8400,691.4123,699.8317,1.0000,1.0000
1776346200,2026-04-16,700.6200,693.2799,700.6246,1.0000,1.0000
1776346800,2026-04-16,700.6100,693.4721,700.6721,1.0000,1.0000
1776347400,2026-04-16,699.4800,692.3084,699.3097,1.0000,1.0000
1776348000,2026-04-16,699.6400,692.2959,699.6518,1.0000,1.0000
1776348600,2026-04-16,698.9199,691.4734,698.9560,1.0000,1.0000
1776349200,2026-04-16,699.1400,691.8300,699.1884,1.0000,1.0000
1776349800,2026-04-16,699.0600,691.7598,699.0776,1.0000,1.0000
1776350400,2026-04-16,699.9500,692.6849,699.9506,1.0000,1.0000
1776351000,2026-04-16,699.9300,692.8271,700.0036,1.0000,1.0000
1776351600,2026-04-16,700.9800,693.7534,701.0615,1.0000,1.0000
1776352200,2026-04-16,701.3500,694.1081,701.4239,1.0000,1.0000
1776352800,2026-04-16,700.7800,693.6588,700.8664,1.0000,1.0000
1776353400,2026-04-16,701.6800,694.5448,701.7729,1.0000,1.0000
1776354000,2026-04-16,701.2400,693.9648,701.2134,1.0000,1.0000
1776354600,2026-04-16,702.2200,694.9807,702.2880,1.0000,1.0000
1776355200,2026-04-16,702.3199,694.9638,702.3417,1.0000,1.0000
1776355800,2026-04-16,702.6950,695.3080,702.7269,1.0000,1.0000
1776356400,2026-04-16,702.0100,694.6077,702.0467,1.0000,1.0000
1776357000,2026-04-16,701.6300,694.1894,701.6830,1.0000,1.0000
1776357600,2026-04-16,701.4199,694.0439,701.4949,1.0000,1.0000
1776358200,2026-04-16,700.8100,693.4723,700.8272,0.9998,1.0000
1776358800,2026-04-16,700.6150,693.3329,700.6404,1.0000,1.0000
1776359400,2026-04-16,700.1500,692.8348,700.1885,1.0000,1.0000
1776360000,2026-04-16,700.7000,693.4352,700.7708,1.0000,1.0000
1776360600,2026-04-16,700.9900,693.7141,701.0074,1.0000,1.0000
1776361200,2026-04-16,701.4750,694.1353,701.5403,1.0000,1.0000
1776361800,2026-04-16,700.6000,693.3265,700.6864,1.0000,1.0000
1776362400,2026-04-16,700.1800,692.8453,700.1996,1.0000,1.0000
1776363000,2026-04-16,700.3900,693.1211,700.4015,1.0000,1.0000
1776363600,2026-04-16,699.7900,692.4460,699.7465,1.0000,1.0000
1776364200,2026-04-16,700.6250,693.3391,700.6482,1.0000,1.0000
1776364800,2026-04-16,700.7600,693.4568,700.7661,1.0000,1.0000
1776365400,2026-04-16,700.7050,693.4948,700.7033,1.0000,1.0000
1776366000,2026-04-16,700.8500,693.8007,700.8241,1.0000,1.0000
1776366600,2026-04-16,701.0800,694.0561,701.0647,1.0000,1.0000
1776367200,2026-04-16,700.9101,693.9324,700.9066,1.0000,1.0000
1776367800,2026-04-16,701.4000,694.3969,701.4037,1.0000,1.0000
1776368400,2026-04-16,701.6400,694.5913,701.6415,1.0000,1.0000
1776369000,2026-04-16,701.5500,694.6209,701.6464,1.0000,1.0000
1776432600,2026-04-17,707.0900,700.6016,707.1442,1.0000,1.0000
1776433200,2026-04-17,707.0653,700.2542,707.1474,1.0000,1.0000
1776433800,2026-04-17,708.3301,701.5135,708.4454,1.0000,1.0000
1776434400,2026-04-17,709.1400,702.5032,709.1351,1.0000,1.0000
1776435000,2026-04-17,708.9601,702.3727,709.0425,1.0000,1.0000
1776435600,2026-04-17,709.2250,702.7376,709.2903,1.0000,1.0000
1776436200,2026-04-17,710.3300,703.7112,710.3506,1.0000,1.0000
1776436800,2026-04-17,711.2400,704.7085,711.2748,0.9998,1.0000
1776437400,2026-04-17,710.4800,703.8302,710.5907,1.0000,1.0000
1776438000,2026-04-17,710.8814,704.1753,710.9613,1.0000,1.0000
1776438600,2026-04-17,710.1500,703.4068,710.2761,1.0000,1.0000
1776439200,2026-04-17,710.6200,703.6928,710.6976,1.0000,1.0000
1776439800,2026-04-17,711.2301,704.2636,711.3680,1.0000,1.0000
1776440400,2026-04-17,710.8000,703.8263,710.8990,1.0000,1.0000
1776441000,2026-04-17,710.7400,703.8950,710.7788,1.0000,1.0000
1776441600,2026-04-17,711.1600,704.2804,711.2818,1.0000,1.0000
1776442200,2026-04-17,711.2600,704.3575,711.3418,1.0000,1.0000
1776442800,2026-04-17,711.5100,704.6136,711.5812,1.0000,1.0000
1776443400,2026-04-17,712.0600,705.1444,712.1090,1.0000,1.0000
1776444000,2026-04-17,712.1900,705.3241,712.2796,1.0000,1.0000
1776444600,2026-04-17,711.9100,705.0412,712.0039,1.0000,1.0000
1776445200,2026-04-17,711.4250,704.4182,711.4572,1.0000,1.0000
1776445800,2026-04-17,710.8900,703.9597,711.0012,1.0000,1.0000
1776446400,2026-04-17,709.8800,702.7854,709.9681,1.0000,1.0000
1776447000,2026-04-17,710.0400,702.8839,710.1029,1.0000,1.0000
1776447600,2026-04-17,710.4450,703.3646,710.5266,1.0000,1.0000
1776448200,2026-04-17,710.2950,703.1337,710.3890,1.0000,1.0000
1776448800,2026-04-17,709.5800,702.2683,709.6313,1.0000,1.0000
1776449400,2026-04-17,709.6500,702.3353,709.6935,1.0000,1.0000
1776450000,2026-04-17,709.8100,702.5468,709.8865,1.0000,1.0000
1776450600,2026-04-17,710.1500,702.7654,710.2049,1.0000,1.0000
1776451200,2026-04-17,709.9250,702.5690,710.0115,1.0000,1.0000
1776451800,2026-04-17,709.6400,702.3361,709.7496,1.0000,1.0000
1776452400,2026-04-17,709.4200,702.1269,709.5319,1.0000,1.0000
1776453000,2026-04-17,709.4400,702.1104,709.5345,1.0000,1.0000
1776453600,2026-04-17,709.2600,701.9093,709.3607,1.0000,1.0000
1776454200,2026-04-17,710.0300,702.6372,710.1098,1.0000,1.0000
1776454800,2026-04-17,709.8700,702.3799,709.9402,1.0000,1.0000
1776455400,2026-04-17,710.0400,702.6804,710.2286,1.0000,1.0000
1776691800,2026-04-20,708.6400,701.9275,708.7641,1.0000,1.0000
1776692400,2026-04-20,708.6300,702.0841,708.7416,1.0000,1.0000
1776693000,2026-04-20,709.6700,703.0234,709.9038,1.0000,1.0000
1776693600,2026-04-20,709.3900,702.6880,709.5699,1.0000,1.0000
1776694200,2026-04-20,709.0600,702.5035,709.1994,1.0000,1.0000
1776694800,2026-04-20,708.9500,702.4136,709.0339,1.0000,1.0000
1776695400,2026-04-20,708.4950,702.1434,708.6801,1.0000,1.0000
1776696000,2026-04-20,708.6700,702.2729,708.7663,1.0000,1.0000
1776696600,2026-04-20,707.1400,700.8766,707.2441,1.0000,1.0000
1776697200,2026-04-20,706.5400,700.3571,706.6107,1.0000,1.0000
1776697800,2026-04-20,706.9350,700.8861,707.1232,1.0000,1.0000
1776698400,2026-04-20,708.2700,702.0490,708.4917,1.0000,1.0000
1776699000,2026-04-20,707.6200,701.5299,707.8277,1.0000,1.0000
1776699600,2026-04-20,707.4801,701.4464,707.7022,1.0000,1.0000
1776700200,2026-04-20,707.5992,701.5397,707.7611,1.0000,1.0000
1776700800,2026-04-20,707.4600,701.2840,707.6389,1.0000,1.0000
1776701400,2026-04-20,707.5200,701.3688,707.7482,1.0000,1.0000
1776702000,2026-04-20,707.6500,701.4673,707.8402,1.0000,1.0000
1776702600,2026-04-20,707.5400,701.2295,707.7201,1.0000,1.0000
1776703200,2026-04-20,707.7100,701.4981,707.8904,1.0000,1.0000
1776703800,2026-04-20,707.6399,701.4401,707.8122,0.9995,1.0000
1776704400,2026-04-20,707.7900,701.6665,707.9839,1.0000,1.0000
1776705000,2026-04-20,708.2700,702.1232,708.4349,1.0000,1.0000
1776705600,2026-04-20,707.9800,701.9247,708.1596,1.0000,1.0000
1776706200,2026-04-20,707.8850,701.8357,708.1098,1.0000,1.0000
1776706800,2026-04-20,707.9750,701.8600,708.2044,1.0000,1.0000
1776707400,2026-04-20,707.7400,701.6339,707.9386,1.0000,1.0000
1776708000,2026-04-20,708.1650,702.0292,708.3729,1.0000,1.0000
1776708600,2026-04-20,708.4100,702.3022,708.6300,1.0000,1.0000
1776709200,2026-04-20,708.3200,702.2204,708.5454,1.0000,1.0000
1776709800,2026-04-20,707.9300,701.8493,708.1523,1.0000,1.0000
1776710400,2026-04-20,708.3323,702.2456,708.5438,1.0000,1.0000
1776711000,2026-04-20,708.2650,702.2499,708.4864,1.0000,1.0000
1776711600,2026-04-20,708.4200,702.3810,708.6115,1.0000,1.0000
1776712200,2026-04-20,708.3200,702.1647,708.5067,1.0000,1.0000
1776712800,2026-04-20,708.0200,701.8924,708.2421,1.0000,1.0000
1776713400,2026-04-20,707.9290,701.7684,708.1273,1.0000,1.0000
1776714000,2026-04-20,707.9200,701.7288,708.1002,1.0000,1.0000
1776714600,2026-04-20,708.6900,702.3794,708.7641,1.0000,1.0000
1776778200,2026-04-21,709.0399,703.2358,709.1693,1.0000,1.0000
1776778800,2026-04-21,710.2300,704.4523,710.4523,1.0000,1.0000
1776779400,2026-04-21,710.7500,705.0364,710.9926,1.0000,1.0000
1776780000,2026-04-21,711.0300,705.4730,711.3929,1.0000,1.0000
1776780600,2026-04-21,710.8200,705.2877,711.1400,1.0000,1.0000
1776781200,2026-04-21,710.5700,704.9611,710.8527,1.0000,1.0000
1776781800,2026-04-21,709.9500,704.4926,710.2764,1.0000,1.0000
1776782400,2026-04-21,709.1600,703.4873,709.4152,1.0000,1.0000
1776783000,2026-04-21,707.5900,701.7042,707.8072,1.0000,1.0000
1776783600,2026-04-21,707.7600,701.8636,708.0608,1.0000,1.0000
1776784200,2026-04-21,707.8300,701.8994,708.1756,1.0000,1.0000
1776784800,2026-04-21,706.6900,700.6690,706.9959,1.0000,1.0000
1776785400,2026-04-21,706.7300,700.8034,707.0167,1.0000,1.0000
1776786000,2026-04-21,707.0600,701.3030,707.4325,1.0000,1.0000
1776786600,2026-04-21,706.7200,701.0337,707.0846,1.0000,1.0000
1776787200,2026-04-21,707.3401,701.7978,707.7987,1.0000,1.0000
1776787800,2026-04-21,707.0000,701.4177,707.4394,1.0000,1.0000
1776788400,2026-04-21,706.3600,700.9264,706.7232,1.0000,1.0000
1776789000,2026-04-21,706.5250,701.0125,706.8746,1.0000,1.0000
1776789600,2026-04-21,706.5600,701.1695,706.9876,1.0000,1.0000
1776790200,2026-04-21,705.5800,700.0191,705.9855,1.0000,1.0000
1776790800,2026-04-21,705.4600,699.9511,705.9024,1.0000,1.0000
1776791400,2026-04-21,704.0400,698.4655,704.3829,1.0000,1.0000
1776792000,2026-04-21,704.6900,699.0439,704.9497,1.0000,1.0000
1776792600,2026-04-21,706.3250,700.7017,706.6747,1.0000,1.0000
1776793200,2026-04-21,706.1800,700.6768,706.5278,1.0000,1.0000
1776793800,2026-04-21,705.7950,700.2509,706.1611,1.0000,1.0000
1776794400,2026-04-21,705.8400,700.2819,706.2738,1.0000,1.0000
1776795000,2026-04-21,705.1193,699.5244,705.5215,1.0000,1.0000
1776795600,2026-04-21,705.0990,699.4839,705.4698,1.0000,1.0000
1776796200,2026-04-21,705.4200,699.7052,705.7780,1.0000,1.0000
1776796800,2026-04-21,705.1700,699.3873,705.5226,0.9998,1.0000
1776797400,2026-04-21,706.3200,700.5335,706.7291,1.0000,1.0000
1776798000,2026-04-21,706.6900,700.8353,707.0643,1.0000,1.0000
1776798600,2026-04-21,706.6400,700.8439,707.0608,1.0000,1.0000
1776799200,2026-04-21,707.7250,701.9853,708.1130,1.0000,1.0000
1776799800,2026-04-21,706.2700,700.4452,706.5656,1.0000,1.0000
1776800400,2026-04-21,703.9999,698.2251,704.3272,1.0000,1.0000
1776801000,2026-04-21,704.1500,698.3934,704.4505,1.0000,1.0000
1776864600,2026-04-22,708.9000,703.1250,709.1737,1.0000,1.0000
1776865200,2026-04-22,708.6500,702.6132,708.9116,1.0000,1.0000
1776865800,2026-04-22,709.3900,703.2105,709.6927,1.0000,1.0000
1776866400,2026-04-22,709.5300,703.1345,709.9080,1.0000,1.0000
1776867000,2026-04-22,710.3150,703.9030,710.6498,1.0000,1.0000
1776867600,2026-04-22,710.5200,704.0951,710.8544,1.0000,1.0000
1776868200,2026-04-22,710.4800,704.0516,710.8639,1.0000,1.0000
1776868800,2026-04-22,710.1750,703.6398,710.5235,1.0000,1.0000
1776869400,2026-04-22,710.0400,703.4091,710.3813,1.0000,1.0000
1776870000,2026-04-22,709.8650,703.2077,710.2613,1.0000,1.0000
1776870600,2026-04-22,709.9100,703.1842,710.2865,1.0000,1.0000
1776871200,2026-04-22,710.2000,703.3842,710.5831,1.0000,1.0000
1776871800,2026-04-22,709.7800,703.0457,710.2133,1.0000,1.0000
1776872400,2026-04-22,709.7600,703.0116,710.1813,1.0000,1.0000
1776873000,2026-04-22,709.6400,702.8618,710.0510,1.0000,1.0000
1776873600,2026-04-22,709.9700,703.1495,710.3897,1.0000,1.0000
1776874200,2026-04-22,709.4319,702.5403,709.7985,1.0000,1.0000
1776874800,2026-04-22,709.1550,702.3112,709.5178,0.9998,1.0000
1776875400,2026-04-22,709.5500,702.7700,709.8772,1.0000,1.0000
1776876000,2026-04-22,709.3750,702.5752,709.7612,1.0000,1.0000
1776876600,2026-04-22,708.8900,702.1316,709.2598,1.0000,1.0000
1776877200,2026-04-22,709.7701,702.8119,710.1289,1.0000,1.0000
1776877800,2026-04-22,709.7200,702.8019,710.0622,0.9998,1.0000
1776878400,2026-04-22,710.0400,703.1619,710.3772,1.0000,1.0000
1776879000,2026-04-22,710.0400,703.0772,710.3858,1.0000,1.0000
1776879600,2026-04-22,710.1900,703.2237,710.5529,1.0000,1.0000
1776880200,2026-04-22,709.9900,702.9719,710.3490,1.0000,1.0000
1776880800,2026-04-22,709.9350,702.7448,710.2988,1.0000,1.0000
1776881400,2026-04-22,709.6500,702.4077,710.0430,1.0000,1.0000
1776882000,2026-04-22,709.4500,702.3681,709.8217,1.0000,1.0000
1776882600,2026-04-22,709.8800,702.7419,710.2480,1.0000,1.0000
1776883200,2026-04-22,709.9550,702.9764,710.3231,1.0000,1.0000
1776883800,2026-04-22,709.6500,702.7182,710.0213,1.0000,1.0000
1776884400,2026-04-22,709.9100,703.0019,710.2629,1.0000,1.0000
1776885000,2026-04-22,710.3600,703.4904,710.7104,1.0000,1.0000
1776885600,2026-04-22,710.4500,703.5455,710.8511,1.0000,1.0000
1776886200,2026-04-22,710.4350,703.4118,710.7771,1.0000,1.0000
1776886800,2026-04-22,710.7100,703.6657,711.0409,1.0000,1.0000
1776887400,2026-04-22,711.2100,704.2913,711.6349,1.0000,1.0000
1776951000,2026-04-23,710.2700,703.3674,710.6989,1.0000,1.0000
1776951600,2026-04-23,710.9600,703.9082,711.2833,1.0000,1.0000
1776952200,2026-04-23,710.2100,703.0029,710.3991,1.0000,1.0000
1776952800,2026-04-23,710.2750,703.0141,710.4370,1.0000,1.0000
1776953400,2026-04-23,710.1900,702.8421,710.2613,1.0000,1.0000
1776954000,2026-04-23,710.5300,703.4177,710.6490,1.0000,1.0000
1776954600,2026-04-23,710.7000,703.4554,710.8723,1.0000,1.0000
1776955200,2026-04-23,711.1000,703.9167,711.3437,1.0000,1.0000
1776955800,2026-04-23,711.7100,704.5315,711.9958,1.0000,1.0000
1776956400,2026-04-23,711.7400,704.4462,712.0312,1.0000,1.0000
1776957000,2026-04-23,712.0550,704.7376,712.3701,1.0000,1.0000
1776957600,2026-04-23,711.9900,704.6978,712.2333,1.0000,1.0000
1776958200,2026-04-23,711.8050,704.6624,712.1218,1.0000,1.0000
1776958800,2026-04-23,711.2400,704.0355,711.5085,1.0000,1.0000
1776959400,2026-04-23,711.1050,703.9403,711.4777,0.9998,1.0000
1776960000,2026-04-23,710.5199,703.3366,710.7578,1.0000,1.0000
1776960600,2026-04-23,710.9400,703.6948,711.2536,1.0000,1.0000
1776961200,2026-04-23,710.7300,703.4286,711.0506,1.0000,1.0000
1776961800,2026-04-23,710.8300,703.5171,711.1415,1.0000,1.0000
1776962400,2026-04-23,710.8700,703.6680,711.1973,1.0000,1.0000
1776963000,2026-04-23,710.8700,703.7601,711.1447,0.9997,1.0000
1776963600,2026-04-23,707.9300,700.7457,708.2292,1.0000,1.0000
1776964200,2026-04-23,706.5500,699.2021,706.7365,1.0000,1.0000
1776964800,2026-04-23,706.0500,698.8184,706.3125,1.0000,1.0000
1776965400,2026-04-23,705.7900,698.5902,706.0492,1.0000,1.0000
1776966000,2026-04-23,703.5396,696.1619,703.7389,1.0000,1.0000
1776966600,2026-04-23,706.6350,699.4222,706.9803,1.0000,1.0000
1776967200,2026-04-23,707.3700,700.0976,707.6708,1.0000,1.0000
1776967800,2026-04-23,708.1700,700.9379,708.4392,1.0000,1.0000
1776968400,2026-04-23,708.5101,701.3599,708.8225,1.0000,1.0000
1776969000,2026-04-23,708.9200,701.6689,709.2122,1.0000,1.0000
1776969600,2026-04-23,708.0318,700.8449,708.3499,1.0000,1.0000
1776970200,2026-04-23,707.1262,699.9336,707.3811,1.0000,1.0000
1776970800,2026-04-23,707.9000,700.8180,708.1824,1.0000,1.0000
1776971400,2026-04-23,708.4800,701.3602,708.7215,1.0000,1.0000
1776972000,2026-04-23,708.4050,701.2386,708.6809,1.0000,1.0000
1776972600,2026-04-23,707.5750,700.2106,707.7664,1.0000,1.0000
1776973200,2026-04-23,707.9600,700.6473,708.1855,1.0000,1.0000
1776973800,2026-04-23,708.4400,701.4295,708.7732,1.0000,1.0000
1777037400,2026-04-24,710.3100,703.6594,710.4387,1.0000,1.0000
1777038000,2026-04-24,710.3200,703.3893,710.5395,1.0000,1.0000
1777038600,2026-04-24,709.9400,702.9933,710.0356,1.0000,1.0000
1777039200,2026-04-24,709.9873,702.9363,710.0752,1.0000,1.0000
1777039800,2026-04-24,710.4100,703.4494,710.4460,0.9997,1.0000
1777040400,2026-04-24,709.8600,702.6967,709.7901,1.0000,1.0000
1777041000,2026-04-24,710.5800,703.4362,710.5430,1.0000,1.0000
1777041600,2026-04-24,711.1650,703.7333,711.1037,0.9997,1.0000
1777042200,2026-04-24,711.4200,703.8614,711.3460,1.0000,1.0000
1777042800,2026-04-24,711.5800,703.9025,711.4600,1.0000,1.0000
1777043400,2026-04-24,711.6500,703.9078,711.5704,1.0000,1.0000
1777044000,2026-04-24,711.8500,704.0212,711.8130,0.9997,1.0000
1777044600,2026-04-24,711.7000,703.7737,711.6202,0.9995,1.0000
1777045200,2026-04-24,713.2800,705.4792,713.1985,1.0000,1.0000
1777045800,2026-04-24,713.7700,705.6754,713.6866,1.0000,1.0000
1777046400,2026-04-24,713.2515,705.1935,713.1220,1.0000,1.0000
1777047000,2026-04-24,713.2701,705.1440,713.2297,1.0000,1.0000
1777047600,2026-04-24,713.3012,705.1585,713.1607,1.0000,1.0000
1777048200,2026-04-24,713.4700,705.2492,713.3350,1.0000,1.0000
1777048800,2026-04-24,713.2100,705.1058,713.0716,1.0000,1.0000
1777049400,2026-04-24,713.6100,705.4849,713.4867,0.9997,1.0000
1777050000,2026-04-24,713.3500,705.0983,713.2821,0.9997,1.0000
1777050600,2026-04-24,713.0750,704.8403,713.0138,0.9997,1.0000
1777051200,2026-04-24,713.0200,704.8949,712.9160,1.0000,1.0000
1777051800,2026-04-24,713.2000,705.1426,713.1095,0.9997,1.0000
1777052400,2026-04-24,713.4100,705.3327,713.3690,1.0000,1.0000
1777053000,2026-04-24,713.6500,705.4389,713.6154,0.9997,1.0000
1777053600,2026-04-24,713.6400,705.3135,713.6072,1.0000,1.0000
1777054200,2026-04-24,713.2300,704.9553,713.1792,1.0000,1.0000
1777054800,2026-04-24,713.0200,704.7840,712.9445,0.9997,1.0000
1777055400,2026-04-24,713.4900,705.2462,713.4310,0.9997,1.0000
1777056000,2026-04-24,713.2900,705.0537,713.2287,1.0000,1.0000
1777056600,2026-04-24,713.5300,705.3229,713.5182,1.0000,1.0000
1777057200,2026-04-24,714.1200,705.7652,714.0681,1.0000,1.0000
1777057800,2026-04-24,714.2250,705.7968,714.2325,1.0000,1.0000
1777058400,2026-04-24,713.7400,705.3150,713.7450,1.0000,1.0000
1777059000,2026-04-24,713.6800,704.9791,713.5954,1.0000,1.0000
1777059600,2026-04-24,713.8500,705.2893,713.7546,1.0000,1.0000
1777060200,2026-04-24,713.9800,705.5661,713.9654,1.0000,1.0000
1777296600,2026-04-27,714.3550,706.0334,714.0654,1.0000,1.0000
1777297200,2026-04-27,712.8950,703.9069,712.4008,0.9997,1.0000
1777297800,2026-04-27,714.0850,705.2775,713.7000,1.0000,1.0000
1777298400,2026-04-27,713.7800,704.9082,713.3903,1.0000,1.0000
1777299000,2026-04-27,713.4700,704.8678,713.0511,1.0000,1.0000
1777299600,2026-04-27,713.4450,704.5248,713.0877,1.0000,1.0000
1777300200,2026-04-27,713.9600,705.1355,713.7095,1.0000,1.0000
1777300800,2026-04-27,713.7100,704.9431,713.4655,1.0000,1.0000
1777301400,2026-04-27,713.6200,704.7418,713.3690,1.0000,1.0000
1777302000,2026-04-27,713.0550,704.1790,712.7324,1.0000,1.0000
1777302600,2026-04-27,712.8400,704.0151,712.4792,1.0000,1.0000
1777303200,2026-04-27,713.0000,704.1440,712.6327,1.0000,1.0000
1777303800,2026-04-27,713.0450,704.1144,712.7113,1.0000,1.0000
1777304400,2026-04-27,713.1300,704.2717,712.7791,1.0000,1.0000
1777305000,2026-04-27,713.4000,704.4460,713.1248,0.9998,1.0000
1777305600,2026-04-27,713.7514,704.7538,713.4582,1.0000,1.0000
1777306200,2026-04-27,714.0200,704.9248,713.7593,1.0000,1.0000
1777306800,2026-04-27,713.8600,704.6456,713.6371,1.0000,1.0000
1777307400,2026-04-27,714.2800,704.8419,714.0809,1.0000,1.0000
1777308000,2026-04-27,714.2200,704.7805,714.0047,1.0000,1.0000
1777308600,2026-04-27,714.1300,704.7651,713.9223,1.0000,1.0000
1777309200,2026-04-27,714.2150,704.6990,713.9953,1.0000,1.0000
1777309800,2026-04-27,714.1350,704.5224,713.9127,1.0000,1.0000
1777310400,2026-04-27,714.6000,704.9310,714.3866,1.0000,1.0000
1777311000,2026-04-27,714.7500,704.9517,714.5182,0.9997,1.0000
1777311600,2026-04-27,714.8900,705.0906,714.6746,0.9997,1.0000
1777312200,2026-04-27,714.8799,704.9776,714.6570,0.9997,1.0000
1777312800,2026-04-27,714.9550,705.0889,714.7287,1.0000,1.0000
1777313400,2026-04-27,715.1900,705.2426,714.9559,0.9997,1.0000
1777314000,2026-04-27,715.1000,705.2263,714.8540,0.9997,1.0000
1777314600,2026-04-27,715.1550,705.2942,714.8984,0.9997,1.0000
1777315200,2026-04-27,715.0200,705.2056,714.7504,0.9997,1.0000
1777315800,2026-04-27,714.8750,705.0010,714.5822,1.0000,1.0000
1777316400,2026-04-27,714.8000,704.9260,714.5503,1.0000,1.0000
1777317000,2026-04-27,715.1500,705.3291,714.8809,1.0000,1.0000
1777317600,2026-04-27,715.1400,705.2709,714.8501,1.0000,1.0000
1777318200,2026-04-27,715.1400,705.1564,714.8316,1.0000,1.0000
1777318800,2026-04-27,715.4900,705.6215,715.1954,1.0000,1.0000
1777319400,2026-04-27,715.1500,705.3223,714.7835,1.0000,1.0000
1777383000,2026-04-28,712.0700,702.1749,711.6623,1.0000,1.0000
1777383600,2026-04-28,712.2500,702.0938,711.8229,1.0000,1.0000
1777384200,2026-04-28,711.5800,701.3688,711.1876,1.0000,1.0000
1777384800,2026-04-28,712.1300,701.7608,711.8540,1.0000,1.0000
1777385400,2026-04-28,711.3600,700.8203,710.9760,1.0000,1.0000
1777386000,2026-04-28,711.2500,700.4448,710.7871,1.0000,1.0000
1777386600,2026-04-28,710.0890,699.3439,709.6114,1.0000,1.0000
1777387200,2026-04-28,710.0900,699.4595,709.6606,1.0000,1.0000
1777387800,2026-04-28,710.5200,700.0148,710.1321,0.9997,1.0000
1777388400,2026-04-28,710.0950,699.5400,709.7243,0.9997,1.0000
1777389000,2026-04-28,710.6400,700.1286,710.2651,1.0000,1.0000
1777389600,2026-04-28,709.9000,699.5043,709.5394,1.0000,1.0000
1777390200,2026-04-28,709.8900,699.5015,709.5153,1.0000,1.0000
1777390800,2026-04-28,709.5699,699.2863,709.1450,1.0000,1.0000
1777391400,2026-04-28,709.9800,699.7545,709.5892,1.0000,1.0000
1777392000,2026-04-28,710.2900,700.1590,709.8896,1.0000,1.0000
1777392600,2026-04-28,710.3350,700.1011,709.9886,1.0000,1.0000
1777393200,2026-04-28,710.3200,700.1191,709.9744,1.0000,1.0000
1777393800,2026-04-28,709.7099,699.3838,709.3183,1.0000,1.0000
1777394400,2026-04-28,709.7400,699.4976,709.3663,1.0000,1.0000
1777395000,2026-04-28,710.1800,699.8700,709.7749,1.0000,1.0000
1777395600,2026-04-28,709.8800,699.7180,709.4719,1.0000,1.0000
1777396200,2026-04-28,709.6500,699.4976,709.2846,1.0000,1.0000
1777396800,2026-04-28,710.1200,700.0282,709.7496,1.0000,1.0000
1777397400,2026-04-28,710.6000,700.6000,710.2335,1.0000,1.0000
1777398000,2026-04-28,710.7200,700.6559,710.3289,1.0000,1.0000
1777398600,2026-04-28,711.0300,700.9419,710.6121,1.0000,1.0000
1777399200,2026-04-28,710.9900,700.7467,710.5548,1.0000,1.0000
1777399800,2026-04-28,711.4000,701.2248,710.9830,1.0000,1.0000
1777400400,2026-04-28,711.3500,701.1441,710.9578,1.0000,1.0000
1777401000,2026-04-28,711.0650,700.8111,710.6553,1.0000,1.0000
1777401600,2026-04-28,711.3800,701.1444,710.9409,1.0000,1.0000
1777402200,2026-04-28,711.5200,701.2560,711.1098,1.0000,1.0000
1777402800,2026-04-28,711.9252,701.5456,711.5232,1.0000,1.0000
1777403400,2026-04-28,711.6400,701.2481,711.1908,1.0000,1.0000
1777404000,2026-04-28,711.5900,701.0863,711.1676,1.0000,1.0000
1777404600,2026-04-28,711.5400,700.9658,711.0777,1.0000,1.0000
1777405200,2026-04-28,711.7400,701.1859,711.2542,1.0000,1.0000
1777405800,2026-04-28,711.6800,701.1137,711.1520,1.0000,1.0000
1777469400,2026-04-29,710.5500,701.0517,710.1650,1.0000,1.0000
1777470000,2026-04-29,709.9600,700.1546,709.5561,1.0000,1.0000
1777470600,2026-04-29,710.7700,700.8833,710.4275,1.0000,1.0000
1777471200,2026-04-29,710.8100,700.8423,710.3633,1.0000,1.0000
1777471800,2026-04-29,711.0400,700.9160,710.5930,1.0000,1.0000
1777472400,2026-04-29,711.4800,701.2635,711.1313,1.0000,1.0000
1777473000,2026-04-29,711.8500,701.6575,711.5196,1.0000,1.0000
1777473600,2026-04-29,711.4800,701.4274,711.1439,1.0000,1.0000
1777474200,2026-04-29,711.4400,701.6110,711.0773,1.0000,1.0000
1777474800,2026-04-29,710.6150,700.6436,710.1735,1.0000,1.0000
1777475400,2026-04-29,710.6700,700.7348,710.2628,1.0000,1.0000
1777476000,2026-04-29,710.8670,701.0313,710.5298,1.0000,1.0000
1777476600,2026-04-29,710.6601,700.6184,710.3252,1.0000,1.0000
1777477200,2026-04-29,710.8500,700.9505,710.4854,1.0000,1.0000
1777477800,2026-04-29,710.0400,700.1153,709.6495,0.9997,1.0000
1777478400,2026-04-29,710.4600,700.6574,710.0443,1.0000,1.0000
1777479000,2026-04-29,709.9100,700.2032,709.4654,1.0000,1.0000
1777479600,2026-04-29,709.7500,700.1267,709.3401,1.0000,1.0000
1777480200,2026-04-29,709.4500,699.9820,709.0489,1.0000,1.0000
1777480800,2026-04-29,709.8030,700.3574,709.4537,1.0000,1.0000
1777481400,2026-04-29,709.6750,700.2617,709.2805,1.0000,1.0000
1777482000,2026-04-29,709.6600,700.0923,709.3214,1.0000,1.0000
1777482600,2026-04-29,709.6400,700.1014,709.2988,1.0000,1.0000
1777483200,2026-04-29,709.9100,700.3086,709.5582,1.0000,1.0000
1777483800,2026-04-29,710.0600,700.4030,709.7268,1.0000,1.0000
1777484400,2026-04-29,710.4600,700.8274,710.1302,1.0000,1.0000
1777485000,2026-04-29,710.6100,701.0651,710.2192,1.0000,1.0000
1777485600,2026-04-29,708.8400,699.3645,708.4661,1.0000,1.0000
1777486200,2026-04-29,709.5300,699.9379,709.2287,1.0000,1.0000
1777486800,2026-04-29,709.2200,699.7645,708.9236,0.9997,1.0000
1777487400,2026-04-29,709.3900,699.8787,709.0458,1.0000,1.0000
1777488000,2026-04-29,709.4650,699.9123,709.1561,1.0000,1.0000
1777488600,2026-04-29,710.5700,701.0220,710.2646,1.0000,1.0000
1777489200,2026-04-29,710.4600,700.9149,710.1146,1.0000,1.0000
1777489800,2026-04-29,711.2700,701.7254,710.9798,1.0000,1.0000
1777490400,2026-04-29,710.8700,701.2550,710.5510,1.0000,1.0000
1777491000,2026-04-29,710.9700,701.2959,710.6244,1.0000,1.0000
1777491600,2026-04-29,710.7400,701.2324,710.3980,1.0000,1.0000
1777492200,2026-04-29,711.5900,702.0237,711.1386,1.0000,1.0000
1777555800,2026-04-30,711.8400,701.8044,711.7656,1.0000,1.0000
1777556400,2026-04-30,712.5100,702.8686,712.6016,0.9997,1.0000
1777557000,2026-04-30,711.2700,701.7693,711.2896,0.9998,1.0000
1777557600,2026-04-30,711.1800,701.8964,711.1031,1.0000,1.0000
1777558200,2026-04-30,711.5650,702.8221,711.4590,1.0000,1.0000
1777558800,2026-04-30,712.0100,703.3449,711.9367,1.0000,1.0000
1777559400,2026-04-30,711.3000,703.2239,711.2336,1.0000,1.0000
1777560000,2026-04-30,712.8100,704.4080,712.7850,1.0000,1.0000
1777560600,2026-04-30,713.8700,705.0956,713.9672,1.0000,1.0000
1777561200,2026-04-30,714.4000,705.3313,714.4863,1.0000,1.0000
1777561800,2026-04-30,714.2100,705.0669,714.2539,1.0000,1.0000
1777562400,2026-04-30,714.4300,705.6584,714.5431,1.0000,1.0000
1777563000,2026-04-30,714.0000,705.2834,714.0812,1.0000,1.0000
1777563600,2026-04-30,714.0700,705.3072,714.2191,1.0000,1.0000
1777564200,2026-04-30,714.6000,705.7922,714.7205,1.0000,1.0000
1777564800,2026-04-30,714.7300,706.0900,714.9019,1.0000,1.0000
1777565400,2026-04-30,715.1800,706.1254,715.4073,1.0000,1.0000
1777566000,2026-04-30,715.1800,706.3167,715.3481,1.0000,1.0000
1777566600,2026-04-30,715.1650,706.2607,715.3519,1.0000,1.0000
1777567200,2026-04-30,714.8100,705.9252,714.9711,1.0000,1.0000
1777567800,2026-04-30,714.3475,705.3694,714.4999,1.0000,1.0000
1777568400,2026-04-30,715.2300,705.8063,715.4228,0.9998,1.0000
1777569000,2026-04-30,715.4400,705.9785,715.5912,1.0000,1.0000
1777569600,2026-04-30,715.8100,706.3719,716.0306,1.0000,1.0000
1777570200,2026-04-30,716.4900,706.9765,716.7155,1.0000,1.0000
1777570800,2026-04-30,716.7450,707.2750,716.9263,1.0000,1.0000
1777571400,2026-04-30,717.0601,707.5039,717.2896,1.0000,1.0000
1777572000,2026-04-30,717.5400,708.0953,717.7566,1.0000,1.0000
1777572600,2026-04-30,717.8700,708.2722,718.0858,1.0000,1.0000
1777573200,2026-04-30,717.8800,708.2772,718.1319,1.0000,1.0000
1777573800,2026-04-30,718.5100,708.9668,718.6965,1.0000,1.0000
1777574400,2026-04-30,718.6800,709.1244,718.8557,1.0000,1.0000
1777575000,2026-04-30,718.3700,708.7929,718.5757,1.0000,1.0000
1777575600,2026-04-30,718.9100,709.1808,719.1102,1.0000,1.0000
1777576200,2026-04-30,719.1400,709.5682,719.3639,1.0000,1.0000
1777576800,2026-04-30,719.1200,709.4994,719.3122,1.0000,1.0000
1777577400,2026-04-30,719.1650,709.5444,719.3772,1.0000,1.0000
1777578000,2026-04-30,719.5100,709.9450,719.6888,1.0000,1.0000
1777578600,2026-04-30,718.4300,709.1037,718.8212,1.0000,1.0000
1777642200,2026-05-01,722.1100,712.3268,722.4320,1.0000,1.0000
1777642800,2026-05-01,722.1800,712.6727,722.6088,1.0000,1.0000
1777643400,2026-05-01,724.1750,714.5143,724.5673,1.0000,1.0000
1777644000,2026-05-01,724.0523,714.1030,724.4695,1.0000,1.0000
1777644600,2026-05-01,724.4600,714.4441,724.8706,0.9997,1.0000
1777645200,2026-05-01,724.2588,714.3544,724.6648,1.0000,1.0000
1777645800,2026-05-01,722.8500,713.4098,723.2531,1.0000,1.0000
1777646400,2026-05-01,723.1600,713.3569,723.5807,1.0000,1.0000
1777647000,2026-05-01,722.7200,712.8951,723.2172,1.0000,1.0000
1777647600,2026-05-01,722.6200,712.9159,723.1011,1.0000,1.0000
1777648200,2026-05-01,722.9950,713.3322,723.5133,1.0000,1.0000
1777648800,2026-05-01,723.2900,713.5533,723.8029,0.9997,1.0000
1777649400,2026-05-01,723.7900,713.9658,724.3364,1.0000,1.0000
1777650000,2026-05-01,724.2900,714.4771,724.7865,1.0000,1.0000
1777650600,2026-05-01,723.3850,713.8221,723.9078,1.0000,1.0000
1777651200,2026-05-01,722.5400,713.1134,723.0294,1.0000,1.0000
1777651800,2026-05-01,723.0100,713.4062,723.4870,1.0000,1.0000
1777652400,2026-05-01,722.1400,712.6785,722.7351,1.0000,1.0000
1777653000,2026-05-01,722.2700,712.7649,722.7673,1.0000,1.0000
1777653600,2026-05-01,721.6900,712.3224,722.1684,1.0000,1.0000
1777654200,2026-05-01,721.8900,712.4051,722.4129,1.0000,1.0000
1777654800,2026-05-01,722.2100,712.6661,722.6945,1.0000,1.0000
1777655400,2026-05-01,722.6800,713.0505,723.1938,1.0000,1.0000
1777656000,2026-05-01,722.9800,713.3100,723.4923,1.0000,1.0000
1777656600,2026-05-01,722.8100,713.1766,723.3108,1.0000,1.0000
1777657200,2026-05-01,722.8400,713.2920,723.3667,1.0000,1.0000
1777657800,2026-05-01,722.8000,713.3151,723.3188,1.0000,1.0000
1777658400,2026-05-01,722.4550,712.9648,723.0046,1.0000,1.0000
1777659000,2026-05-01,721.8400,712.3992,722.3478,1.0000,1.0000
1777659600,2026-05-01,722.1800,712.7232,722.6779,0.9998,1.0000
1777660200,2026-05-01,721.3500,711.9816,721.8231,0.9997,1.0000
1777660800,2026-05-01,721.1150,711.8952,721.5763,1.0000,1.0000
1777661400,2026-05-01,721.1700,711.9025,721.6345,1.0000,1.0000
1777662000,2026-05-01,721.7850,712.5467,722.2575,1.0000,1.0000
1777662600,2026-05-01,722.1800,712.9970,722.6435,1.0000,1.0000
1777663200,2026-05-01,722.4200,713.0866,722.9040,1.0000,1.0000
1777663800,2026-05-01,722.3200,712.9633,722.7870,1.0000,1.0000
1777664400,2026-05-01,721.9875,712.6549,722.4020,1.0000,1.0000
1777665000,2026-05-01,720.6700,711.4778,721.2075,1.0000,1.0000
1777901400,2026-05-04,719.8400,711.1122,720.3718,1.0000,1.0000
1777902000,2026-05-04,720.4100,711.8340,720.9711,1.0000,1.0000
1777902600,2026-05-04,720.7602,712.4811,721.3833,1.0000,1.0000
1777903200,2026-05-04,720.0600,711.9447,720.6172,1.0000,1.0000
1777903800,2026-05-04,721.4200,713.0931,721.9601,1.0000,1.0000
1777904400,2026-05-04,721.2400,713.1308,721.6937,0.9998,1.0000
1777905000,2026-05-04,721.7900,713.6260,722.4636,1.0000,1.0000
1777905600,2026-05-04,721.7600,713.4575,722.3818,1.0000,1.0000
1777906200,2026-05-04,720.9100,712.5959,721.4845,1.0000,1.0000
1777906800,2026-05-04,720.7800,712.4722,721.4500,1.0000,1.0000
1777907400,2026-05-04,718.7700,710.7537,719.3706,1.0000,1.0000
1777908000,2026-05-04,718.4400,710.1578,718.9633,0.9997,1.0000
1777908600,2026-05-04,717.8301,709.5765,718.3934,1.0000,1.0000
1777909200,2026-05-04,717.6000,709.2249,718.1964,1.0000,1.0000
1777909800,2026-05-04,717.5898,709.1767,718.1497,1.0000,1.0000
1777910400,2026-05-04,716.1200,707.6053,716.5918,0.9997,1.0000
1777911000,2026-05-04,717.1900,708.6164,717.7399,1.0000,1.0000
1777911600,2026-05-04,717.0000,708.5423,717.5333,1.0000,1.0000
1777912200,2026-05-04,716.8300,708.2848,717.3778,1.0000,1.0000
1777912800,2026-05-04,716.9200,708.2219,717.4401,1.0000,1.0000
1777913400,2026-05-04,716.5500,707.8883,717.1502,1.0000,1.0000
1777914000,2026-05-04,717.4300,708.6785,718.0270,1.0000,1.0000
1777914600,2026-05-04,718.2650,709.5384,718.9327,1.0000,1.0000
1777915200,2026-05-04,718.5700,709.9468,719.1602,1.0000,1.0000
1777915800,2026-05-04,718.1000,709.3608,718.7086,1.0000,1.0000
1777916400,2026-05-04,718.3000,709.6153,718.9333,0.9997,1.0000
1777917000,2026-05-04,718.3301,709.5247,718.9603,1.0000,1.0000
1777917600,2026-05-04,718.7100,709.8135,719.2890,1.0000,1.0000
1777918200,2026-05-04,718.2500,709.3321,718.8443,1.0000,1.0000
1777918800,2026-05-04,717.7600,708.9648,718.3942,1.0000,1.0000
1777919400,2026-05-04,717.5300,708.8558,718.1217,0.9997,1.0000
1777920000,2026-05-04,717.4800,708.8146,718.0923,0.9997,1.0000
1777920600,2026-05-04,717.4700,708.8232,718.1415,1.0000,1.0000
1777921200,2026-05-04,717.9100,709.2776,718.5946,1.0000,1.0000
1777921800,2026-05-04,717.9499,709.1968,718.5947,1.0000,1.0000
1777922400,2026-05-04,717.7400,708.9273,718.3770,1.0000,1.0000
1777923000,2026-05-04,717.9800,709.0249,718.5795,1.0000,1.0000
1777923600,2026-05-04,718.1400,709.2518,718.7285,1.0000,1.0000
1777924200,2026-05-04,718.0700,708.9572,718.5084,1.0000,1.0000
1777987800,2026-05-05,722.0600,712.9923,722.8833,1.0000,1.0000
1777988400,2026-05-05,722.1600,712.7658,722.9533,0.9997,1.0000
1777989000,2026-05-05,722.5300,713.7205,723.3690,1.0000,1.0000
1777989600,2026-05-05,723.1837,714.5064,723.8901,1.0000,1.0000
1777990200,2026-05-05,722.1450,713.7404,722.7956,1.0000,1.0000
1777990800,2026-05-05,723.2900,714.8538,723.9623,1.0000,1.0000
1777991400,2026-05-05,722.6750,713.9746,723.3777,1.0000,1.0000
1777992000,2026-05-05,722.7200,714.3972,723.4318,1.0000,1.0000
1777992600,2026-05-05,723.1400,714.9335,723.7745,1.0000,1.0000
1777993200,2026-05-05,723.3200,715.1938,724.0579,1.0000,1.0000
1777993800,2026-05-05,723.3750,715.2194,724.0357,1.0000,1.0000
1777994400,2026-05-05,723.4800,715.2533,724.1575,1.0000,1.0000
1777995000,2026-05-05,723.1300,714.8815,723.8358,1.0000,1.0000
1777995600,2026-05-05,723.3250,715.1686,724.0424,1.0000,1.0000
1777996200,2026-05-05,723.0400,715.0408,723.7575,0.9997,1.0000
1777996800,2026-05-05,723.5000,715.5959,724.2441,1.0000,1.0000
1777997400,2026-05-05,723.5900,715.4876,724.3127,1.0000,1.0000
1777998000,2026-05-05,723.5800,715.3846,724.2107,1.0000,1.0000
1777998600,2026-05-05,723.4200,715.0674,724.0681,1.0000,1.0000
1777999200,2026-05-05,723.6100,715.4780,724.2816,1.0000,1.0000
1777999800,2026-05-05,723.4700,715.3984,724.1420,1.0000,1.0000
1778000400,2026-05-05,723.2300,715.2763,723.8958,1.0000,1.0000
1778001000,2026-05-05,723.5700,715.6853,724.2843,0.9997,1.0000
1778001600,2026-05-05,723.8550,715.8607,724.5201,1.0000,1.0000
1778002200,2026-05-05,723.8150,715.7965,724.4686,1.0000,1.0000
1778002800,2026-05-05,723.9000,715.8709,724.5742,1.0000,1.0000
1778003400,2026-05-05,724.0100,715.8187,724.6535,0.9998,1.0000
1778004000,2026-05-05,724.2400,716.2119,724.9749,0.9998,1.0000
1778004600,2026-05-05,724.4900,716.3653,725.2022,1.0000,1.0000
1778005200,2026-05-05,724.4750,716.3970,725.1355,1.0000,1.0000
1778005800,2026-05-05,724.1350,716.0868,724.8212,0.9997,1.0000
1778006400,2026-05-05,724.4000,716.3961,725.0552,1.0000,1.0000
1778007000,2026-05-05,724.3200,716.2923,724.9545,1.0000,1.0000
1778007600,2026-05-05,724.7200,716.6795,725.3633,1.0000,1.0000
1778008200,2026-05-05,724.8800,716.7246,725.5066,1.0000,1.0000
1778008800,2026-05-05,724.7200,716.5428,725.3580,1.0000,1.0000
1778009400,2026-05-05,724.7600,716.5766,725.3711,1.0000,1.0000
1778010000,2026-05-05,724.4799,716.2564,725.0505,1.0000,1.0000
1778010600,2026-05-05,723.7400,715.3984,724.2563,1.0000,1.0000
1778074200,2026-05-06,729.0800,721.6645,729.8054,1.0000,1.0000
1778074800,2026-05-06,729.0795,721.1256,729.7194,1.0000,1.0000
1778075400,2026-05-06,729.6500,721.4015,730.3152,1.0000,1.0000
1778076000,2026-05-06,729.7500,721.4642,730.3791,1.0000,1.0000
1778076600,2026-05-06,729.7400,721.2158,730.2464,1.0000,1.0000
1778077200,2026-05-06,730.0200,721.3972,730.4680,1.0000,1.0000
1778077800,2026-05-06,731.2400,722.7481,731.8136,1.0000,1.0000
1778078400,2026-05-06,731.7900,723.1868,732.3837,0.9997,1.0000
1778079000,2026-05-06,732.1501,723.6302,732.6515,1.0000,1.0000
1778079600,2026-05-06,731.8600,723.6204,732.3524,1.0000,1.0000
1778080200,2026-05-06,732.1900,724.3563,732.7155,1.0000,1.0000
1778080800,2026-05-06,732.0500,724.0068,732.5527,1.0000,1.0000
1778081400,2026-05-06,731.4750,723.2603,732.0024,1.0000,1.0000
1778082000,2026-05-06,731.5499,723.3287,732.1671,1.0000,1.0000
1778082600,2026-05-06,731.6400,723.4410,732.2982,1.0000,1.0000
1778083200,2026-05-06,731.6300,723.3353,732.3050,1.0000,1.0000
1778083800,2026-05-06,731.8400,723.2046,732.4927,0.9995,1.0000
1778084400,2026-05-06,731.7700,723.2232,732.4221,0.9998,1.0000
1778085000,2026-05-06,731.6701,723.2802,732.3538,1.0000,1.0000
1778085600,2026-05-06,731.3400,722.9679,732.0039,1.0000,1.0000
1778086200,2026-05-06,730.9850,722.5777,731.6901,1.0000,1.0000
1778086800,2026-05-06,731.4700,723.0691,732.1874,1.0000,1.0000
1778087400,2026-05-06,731.5800,723.0512,732.3068,1.0000,1.0000
1778088000,2026-05-06,731.6800,723.2844,732.3369,1.0000,1.0000
1778088600,2026-05-06,731.6600,723.3484,732.3413,0.9997,1.0000
1778089200,2026-05-06,731.8700,723.5091,732.5731,1.0000,1.0000
1778089800,2026-05-06,732.1250,723.7721,732.7628,1.0000,1.0000
1778090400,2026-05-06,732.5050,724.1999,733.1426,1.0000,1.0000
1778091000,2026-05-06,732.8850,724.4962,733.5594,1.0000,1.0000
1778091600,2026-05-06,733.0450,724.7807,733.6853,1.0000,1.0000
1778092200,2026-05-06,733.1950,724.8258,733.8210,1.0000,1.0000
1778092800,2026-05-06,732.8700,724.5492,733.5212,1.0000,1.0000
1778093400,2026-05-06,732.9600,724.5542,733.5856,1.0000,1.0000
1778094000,2026-05-06,733.5250,725.2221,734.1843,1.0000,1.0000
1778094600,2026-05-06,733.7800,725.6369,734.4350,1.0000,1.0000
1778095200,2026-05-06,733.8600,725.6694,734.5171,1.0000,1.0000
1778095800,2026-05-06,733.9700,725.7360,734.6089,1.0000,1.0000
1778096400,2026-05-06,733.7000,725.4004,734.3244,1.0000,1.0000
1778097000,2026-05-06,733.7900,725.5886,734.6356,1.0000,1.0000
1778160600,2026-05-07,734.5000,725.5836,735.4040,0.9996,1.0000
1778161200,2026-05-07,733.6500,725.0781,734.4363,0.9996,1.0000
1778161800,2026-05-07,733.9400,724.9987,734.8595,0.9994,1.0000
1778162400,2026-05-07,734.6900,725.3893,735.4143,0.9996,1.0000
1778163000,2026-05-07,734.5600,725.5152,735.2875,0.9996,1.0000
1778163600,2026-05-07,734.5500,725.3514,735.2693,0.9996,1.0000
1778164200,2026-05-07,735.1800,726.1070,735.9854,0.9996,1.0000
1778164800,2026-05-07,735.2200,726.1679,735.9013,0.9996,1.0000
1778165400,2026-05-07,736.0800,727.2069,736.7719,0.9996,1.0000
1778166000,2026-05-07,735.6400,726.7967,736.3346,0.9996,1.0000
1778166600,2026-05-07,735.3800,726.5992,736.0434,0.9996,1.0000
1778167200,2026-05-07,734.9088,726.0909,735.4850,0.9996,1.0000
1778167800,2026-05-07,735.2301,726.6037,735.8738,0.9996,1.0000
1778168400,2026-05-07,734.8350,725.9469,735.4564,0.9996,1.0000
1778169000,2026-05-07,733.9799,724.9441,734.5435,0.9996,1.0000
1778169600,2026-05-07,733.3601,724.3336,733.8706,0.9996,1.0000
1778170200,2026-05-07,731.8750,722.8445,732.3005,0.9996,1.0000
1778170800,2026-05-07,733.3650,724.1289,733.8769,0.9996,1.0000
1778171400,2026-05-07,732.7600,723.4732,733.2643,0.9996,1.0000
1778172000,2026-05-07,732.5200,723.2814,733.0703,0.9996,1.0000
1778172600,2026-05-07,732.0400,722.8702,732.6209,0.9996,1.0000
1778173200,2026-05-07,732.1800,723.0268,732.6839,0.9996,1.0000
1778173800,2026-05-07,731.3800,722.0676,731.8963,0.9996,1.0000
1778174400,2026-05-07,730.6250,721.1103,731.2349,0.9996,1.0000
1778175000,2026-05-07,731.4000,721.8690,731.9677,0.9996,1.0000
1778175600,2026-05-07,730.5500,721.0827,731.0869,0.9996,1.0000
1778176200,2026-05-07,731.7200,722.3717,732.3468,0.9996,1.0000
1778176800,2026-05-07,731.3600,722.0104,731.8456,0.9996,1.0000
1778177400,2026-05-07,731.8400,722.4071,732.3869,0.9996,1.0000
1778178000,2026-05-07,731.2900,721.8789,731.8484,0.9996,1.0000
1778178600,2026-05-07,731.4050,721.8104,731.9510,0.9996,1.0000
1778179200,2026-05-07,730.2000,720.6404,730.7366,0.9996,1.0000
1778179800,2026-05-07,731.1400,721.6171,731.6594,0.9996,1.0000
1778180400,2026-05-07,730.9100,721.5722,731.4326,0.9996,1.0000
1778181000,2026-05-07,730.6100,721.2021,731.1029,0.9996,1.0000
1778181600,2026-05-07,730.5000,721.0807,731.0125,0.9996,1.0000
1778182200,2026-05-07,731.2900,722.0440,731.8479,0.9995,1.0000
1778182800,2026-05-07,731.2101,722.0402,731.7685,0.9996,1.0000
1778183400,2026-05-07,731.5600,722.3672,732.0722,0.9996,1.0000
1778247000,2026-05-08,734.9300,725.7644,735.5680,1.0000,1.0000
1778247600,2026-05-08,736.0500,726.4178,736.6419,0.9998,1.0000
1778248200,2026-05-08,736.6400,727.2634,737.2908,0.9998,1.0000
1778248800,2026-05-08,736.5400,727.4745,737.1147,0.9998,1.0000
1778249400,2026-05-08,736.8900,728.1339,737.5607,1.0000,1.0000
1778250000,2026-05-08,736.8000,728.0275,737.3446,1.0000,1.0000
1778250600,2026-05-08,736.9500,728.3949,737.5481,0.9998,1.0000
1778251200,2026-05-08,737.1900,728.5464,737.8999,0.9998,1.0000
1778251800,2026-05-08,737.0600,728.5611,737.7164,1.0000,1.0000
1778252400,2026-05-08,736.7345,728.1205,737.3733,1.0000,1.0000
1778253000,2026-05-08,736.4000,727.9488,737.0484,1.0000,1.0000
1778253600,2026-05-08,736.9100,728.3656,737.5637,1.0000,1.0000
1778254200,2026-05-08,737.2810,728.7930,737.9444,1.0000,1.0000
1778254800,2026-05-08,737.0900,728.7008,737.7968,1.0000,1.0000
1778255400,2026-05-08,736.8900,728.6711,737.5452,1.0000,1.0000
1778256000,2026-05-08,737.2547,728.9803,737.9266,1.0000,1.0000
1778256600,2026-05-08,737.2700,728.9964,737.9178,1.0000,1.0000
1778257200,2026-05-08,737.5500,729.3725,738.1449,1.0000,1.0000
1778257800,2026-05-08,737.3700,729.2896,738.0704,1.0000,1.0000
1778258400,2026-05-08,737.3001,729.1458,737.9571,1.0000,1.0000
1778259000,2026-05-08,736.9200,729.0345,737.5273,1.0000,1.0000
1778259600,2026-05-08,737.3500,729.6537,738.0526,1.0000,1.0000
1778260200,2026-05-08,737.5200,729.5598,738.1244,0.9998,1.0000
1778260800,2026-05-08,737.6900,729.9480,738.3448,0.9998,1.0000
1778261400,2026-05-08,737.4575,729.6540,738.0426,1.0000,1.0000
1778262000,2026-05-08,737.2600,729.4438,737.8906,1.0000,1.0000
1778262600,2026-05-08,737.1900,729.2651,737.8014,0.9998,1.0000
1778263200,2026-05-08,737.4000,729.4270,737.9746,1.0000,1.0000
1778263800,2026-05-08,737.7501,729.7010,738.4041,1.0000,1.0000
1778264400,2026-05-08,737.7300,729.7035,738.3520,1.0000,1.0000
1778265000,2026-05-08,737.4900,729.4640,738.1276,1.0000,1.0000
1778265600,2026-05-08,736.9500,728.9798,737.5748,1.0000,1.0000
1778266200,2026-05-08,736.3800,728.2224,737.0041,1.0000,1.0000
1778266800,2026-05-08,736.8400,728.9683,737.5496,1.0000,1.0000
1778267400,2026-05-08,737.1450,729.3385,737.8278,1.0000,1.0000
1778268000,2026-05-08,736.6400,728.6301,737.3162,1.0000,1.0000
1778268600,2026-05-08,737.1200,729.1002,737.7736,1.0000,1.0000
1778269200,2026-05-08,737.2000,729.1858,737.9043,1.0000,1.0000
1778269800,2026-05-08,737.5300,729.7285,738.2444,1.0000,1.0000
1778506200,2026-05-11,737.6050,730.7432,737.9912,1.0000,1.0000
1778506800,2026-05-11,738.7800,731.2576,739.0714,1.0000,1.0000
1778507400,2026-05-11,738.6701,731.2829,739.0998,1.0000,1.0000
1778508000,2026-05-11,738.7850,731.6469,739.0875,1.0000,1.0000
1778508600,2026-05-11,739.4850,732.4664,739.6823,1.0000,1.0000
1778509200,2026-05-11,738.4674,731.2923,738.7137,1.0000,1.0000
1778509800,2026-05-11,738.6100,731.5796,738.9100,1.0000,1.0000
1778510400,2026-05-11,739.0550,731.6855,739.3857,0.9998,1.0000
1778511000,2026-05-11,739.6500,731.9364,739.9519,1.0000,1.0000
1778511600,2026-05-11,739.6100,731.7944,740.0253,1.0000,1.0000
1778512200,2026-05-11,739.4700,731.6146,739.7889,0.9998,1.0000
1778512800,2026-05-11,740.0707,732.2298,740.4618,0.9998,1.0000
1778513400,2026-05-11,740.0700,732.4080,740.4716,1.0000,1.0000
1778514000,2026-05-11,739.9300,732.3061,740.3237,1.0000,1.0000
1778514600,2026-05-11,740.2200,732.5846,740.5646,1.0000,1.0000
1778515200,2026-05-11,740.0900,732.6891,740.5288,1.0000,1.0000
1778515800,2026-05-11,740.0800,732.6164,740.5468,1.0000,1.0000
1778516400,2026-05-11,740.3350,732.9843,740.7798,1.0000,1.0000
1778517000,2026-05-11,740.0900,732.7821,740.4868,1.0000,1.0000
1778517600,2026-05-11,739.5300,732.2739,739.9340,1.0000,1.0000
1778518200,2026-05-11,739.3278,732.1432,739.7360,1.0000,1.0000
1778518800,2026-05-11,739.4500,732.2584,739.8690,1.0000,1.0000
1778519400,2026-05-11,738.9550,731.8451,739.3657,0.9998,1.0000
1778520000,2026-05-11,739.8100,732.7122,740.1742,1.0000,1.0000
1778520600,2026-05-11,740.3000,733.1626,740.6737,1.0000,1.0000
1778521200,2026-05-11,740.3500,733.1821,740.7108,1.0000,1.0000
1778521800,2026-05-11,740.2000,733.0158,740.5486,1.0000,1.0000
1778522400,2026-05-11,740.5600,733.4153,740.9782,1.0000,1.0000
1778523000,2026-05-11,740.3100,733.3183,740.6944,1.0000,1.0000
1778523600,2026-05-11,740.3400,733.3646,740.7496,1.0000,1.0000
1778524200,2026-05-11,739.7900,732.9519,740.1917,1.0000,1.0000
1778524800,2026-05-11,739.5100,732.6680,739.9012,1.0000,1.0000
1778525400,2026-05-11,738.5200,731.7213,738.9329,1.0000,1.0000
1778526000,2026-05-11,738.9600,732.2318,739.3850,1.0000,1.0000
1778526600,2026-05-11,738.5900,731.9123,738.9977,1.0000,1.0000
1778527200,2026-05-11,738.4900,731.6307,738.9377,1.0000,1.0000
1778527800,2026-05-11,738.6200,731.7052,739.0728,1.0000,1.0000
1778528400,2026-05-11,738.6100,731.9136,739.0117,1.0000,1.0000
1778529000,2026-05-11,739.2600,732.6194,739.6139,1.0000,1.0000
1778592600,2026-05-12,736.0900,728.8164,736.4084,1.0000,1.0000
1778593200,2026-05-12,735.7800,727.9561,736.0665,0.9998,1.0000
1778593800,2026-05-12,735.1100,727.1337,735.3739,0.9998,1.0000
1778594400,2026-05-12,735.3200,727.6279,735.6252,0.9996,1.0000
1778595000,2026-05-12,736.2200,728.4795,736.5653,1.0000,1.0000
1778595600,2026-05-12,734.9200,727.1064,735.0937,1.0000,1.0000
1778596200,2026-05-12,734.6400,726.8521,734.8277,0.9998,1.0000
1778596800,2026-05-12,734.1000,726.2228,734.2772,1.0000,1.0000
1778597400,2026-05-12,733.7900,725.8140,734.0362,1.0000,1.0000
1778598000,2026-05-12,733.9900,725.8806,734.2279,1.0000,1.0000
1778598600,2026-05-12,732.9500,724.6735,733.1365,1.0000,1.0000
1778599200,2026-05-12,732.3200,724.0443,732.4754,1.0000,1.0000
1778599800,2026-05-12,733.1043,724.9367,733.3412,1.0000,1.0000
1778600400,2026-05-12,733.3400,724.9879,733.5283,1.0000,1.0000
1778601000,2026-05-12,732.4900,723.9985,732.6295,1.0000,1.0000
1778601600,2026-05-12,732.7800,724.3868,732.9486,1.0000,1.0000
1778602200,2026-05-12,733.0100,724.8349,733.1525,1.0000,1.0000
1778602800,2026-05-12,732.7400,724.3997,732.8850,0.9998,1.0000
1778603400,2026-05-12,732.8000,724.5450,732.8653,0.9998,1.0000
1778604000,2026-05-12,732.1200,723.7645,732.2031,1.0000,1.0000
1778604600,2026-05-12,732.1200,723.9614,732.1765,0.9998,1.0000
1778605200,2026-05-12,733.0100,725.0921,733.0945,1.0000,1.0000
1778605800,2026-05-12,734.0700,726.3310,734.1602,1.0000,1.0000
1778606400,2026-05-12,734.3500,726.3948,734.4705,1.0000,1.0000
1778607000,2026-05-12,734.6301,726.6872,734.7773,1.0000,1.0000
1778607600,2026-05-12,734.6600,726.7022,734.7786,1.0000,1.0000
1778608200,2026-05-12,735.0600,727.1974,735.1792,1.0000,1.0000
1778608800,2026-05-12,734.9400,727.1592,735.0661,1.0000,1.0000
1778609400,2026-05-12,735.2200,727.5507,735.3630,1.0000,1.0000
1778610000,2026-05-12,736.1850,728.3184,736.3317,1.0000,1.0000
1778610600,2026-05-12,736.0900,728.3161,736.2345,1.0000,1.0000
1778611200,2026-05-12,736.0750,728.2857,736.1960,1.0000,1.0000
1778611800,2026-05-12,736.0000,727.9634,736.1180,1.0000,1.0000
1778612400,2026-05-12,736.4800,728.3425,736.6095,1.0000,1.0000
1778613000,2026-05-12,736.9800,728.9523,737.1375,1.0000,1.0000
1778613600,2026-05-12,737.0800,728.8580,737.2294,1.0000,1.0000
1778614200,2026-05-12,737.7900,729.8803,737.9805,1.0000,1.0000
1778614800,2026-05-12,738.0500,730.3245,738.2499,1.0000,1.0000
1778615400,2026-05-12,738.2200,730.4474,738.3493,1.0000,1.0000
1778679000,2026-05-13,736.7900,728.8314,737.2131,1.0000,1.0000
1778679600,2026-05-13,736.3401,728.5855,736.7258,1.0000,1.0000
1778680200,2026-05-13,736.9000,728.5137,737.4767,1.0000,1.0000
1778680800,2026-05-13,737.1150,728.9485,737.7434,1.0000,1.0000
1778681400,2026-05-13,737.3079,728.6032,737.7895,1.0000,1.0000
1778682000,2026-05-13,738.3050,729.7768,738.8744,1.0000,1.0000
1778682600,2026-05-13,737.9550,729.6795,738.5404,1.0000,1.0000
1778683200,2026-05-13,738.4800,729.9379,739.1589,1.0000,1.0000
1778683800,2026-05-13,738.8300,730.1680,739.5104,1.0000,1.0000
1778684400,2026-05-13,739.1150,730.3054,739.7188,1.0000,1.0000
1778685000,2026-05-13,739.2700,730.3394,739.8519,1.0000,1.0000
1778685600,2026-05-13,739.2900,730.2065,739.9174,0.9998,1.0000
1778686200,2026-05-13,739.7900,730.6820,740.3825,0.9998,1.0000
1778686800,2026-05-13,739.8900,730.5263,740.3965,1.0000,1.0000
1778687400,2026-05-13,739.7400,730.2123,740.2430,1.0000,1.0000
1778688000,2026-05-13,740.3300,730.8758,740.8917,1.0000,1.0000
1778688600,2026-05-13,740.7100,731.3421,741.2368,1.0000,1.0000
1778689200,2026-05-13,741.7250,732.1969,742.2985,1.0000,1.0000
1778689800,2026-05-13,741.7100,732.2735,742.2402,1.0000,1.0000
1778690400,2026-05-13,741.5600,732.1224,742.1219,1.0000,1.0000
1778691000,2026-05-13,742.0400,732.4472,742.5265,1.0000,1.0000
1778691600,2026-05-13,742.7100,733.1022,743.3040,0.9998,1.0000
1778692200,2026-05-13,742.4800,732.9348,743.0408,0.9998,1.0000
1778692800,2026-05-13,742.6200,733.0520,743.1763,0.9998,1.0000
1778693400,2026-05-13,742.4000,732.8676,742.8891,1.0000,1.0000
1778694000,2026-05-13,742.5800,733.0338,743.0809,0.9998,1.0000
1778694600,2026-05-13,742.1350,732.6657,742.6421,1.0000,1.0000
1778695200,2026-05-13,742.7900,733.3308,743.3974,1.0000,1.0000
1778695800,2026-05-13,743.6199,734.1646,744.1881,1.0000,1.0000
1778696400,2026-05-13,743.5300,733.9403,744.0556,1.0000,1.0000
1778697000,2026-05-13,743.0900,733.4858,743.6153,1.0000,1.0000
1778697600,2026-05-13,743.0500,733.4969,743.6018,1.0000,1.0000
1778698200,2026-05-13,742.6500,733.0897,743.1357,1.0000,1.0000
1778698800,2026-05-13,743.3109,733.8470,743.9041,1.0000,1.0000
1778699400,2026-05-13,743.6200,734.2225,744.1673,1.0000,1.0000
1778700000,2026-05-13,743.4900,734.0412,744.0419,1.0000,1.0000
1778700600,2026-05-13,743.3750,733.9987,743.9137,1.0000,1.0000
1778701200,2026-05-13,743.3900,734.0418,743.8961,1.0000,1.0000
1778701800,2026-05-13,742.2900,732.8157,742.8445,1.0000,1.0000
1778765400,2026-05-14,745.3100,736.1354,745.8430,1.0000,1.0000
1778766000,2026-05-14,745.6997,736.3700,746.1495,1.0000,1.0000
1778766600,2026-05-14,744.4300,735.2385,744.9868,1.0000,1.0000
1778767200,2026-05-14,745.0550,735.8262,745.4756,1.0000,1.0000
1778767800,2026-05-14,746.0475,736.6641,746.5993,1.0000,1.0000
1778768400,2026-05-14,745.9600,736.7834,746.4472,1.0000,1.0000
1778769000,2026-05-14,746.6375,737.3126,747.1836,1.0000,1.0000
1778769600,2026-05-14,747.2250,737.9724,747.8078,0.9999,1.0000
1778770200,2026-05-14,747.1800,737.8837,747.7565,1.0000,1.0000
1778770800,2026-05-14,747.7601,738.5043,748.3545,1.0000,1.0000
1778771400,2026-05-14,748.4500,739.2551,749.0285,1.0000,1.0000
1778772000,2026-05-14,748.5105,739.1791,749.0753,1.0000,1.0000
1778772600,2026-05-14,748.4650,738.9269,748.9672,1.0000,1.0000
1778773200,2026-05-14,748.7861,739.3598,749.3820,1.0000,1.0000
1778773800,2026-05-14,749.2650,739.7078,749.7791,0.9999,1.0000
1778774400,2026-05-14,749.1900,739.7176,749.8073,1.0000,1.0000
1778775000,2026-05-14,749.0300,739.7243,749.6752,1.0000,1.0000
1778775600,2026-05-14,748.0000,738.6539,748.5851,0.9999,1.0000
1778776200,2026-05-14,748.1200,738.7576,748.6971,1.0000,1.0000
1778776800,2026-05-14,748.0300,738.8155,748.6446,1.0000,1.0000
1778777400,2026-05-14,747.8290,738.2994,748.3754,1.0000,1.0000
1778778000,2026-05-14,747.4400,737.9851,748.0043,1.0000,1.0000
1778778600,2026-05-14,746.4800,736.9307,747.0374,1.0000,1.0000
1778779200,2026-05-14,746.9100,736.9040,747.4129,1.0000,1.0000
1778779800,2026-05-14,747.6800,737.8884,748.2336,1.0000,1.0000
1778780400,2026-05-14,748.1501,738.3245,748.7278,1.0000,1.0000
1778781000,2026-05-14,747.7400,737.8591,748.2796,1.0000,1.0000
1778781600,2026-05-14,747.3200,737.4698,747.7483,1.0000,1.0000
1778782200,2026-05-14,748.2453,738.4744,748.6966,1.0000,1.0000
1778782800,2026-05-14,747.5600,737.7417,747.9933,1.0000,1.0000
1778783400,2026-05-14,747.8000,738.0740,748.2079,1.0000,1.0000
1778784000,2026-05-14,748.0250,738.1013,748.4502,1.0000,1.0000
1778784600,2026-05-14,748.3000,738.2972,748.7063,1.0000,1.0000
1778785200,2026-05-14,748.5900,738.4307,749.0207,1.0000,1.0000
1778785800,2026-05-14,748.4300,738.3408,748.8744,1.0000,1.0000
1778786400,2026-05-14,748.0850,737.8821,748.4750,1.0000,1.0000
1778787000,2026-05-14,748.4001,738.4200,748.8068,1.0000,1.0000
1778787600,2026-05-14,748.3300,738.3265,748.7472,1.0000,1.0000
1778788200,2026-05-14,748.1500,737.8129,748.4617,1.0000,1.0000
1778851800,2026-05-15,739.1600,729.2866,739.2111,1.0000,1.0000
1778852400,2026-05-15,739.6500,729.5028,739.9005,1.0000,1.0000
1778853000,2026-05-15,739.1700,728.7879,739.3627,1.0000,1.0000
1778853600,2026-05-15,739.6900,729.1893,739.9281,1.0000,1.0000
1778854200,2026-05-15,741.9900,731.6245,742.1732,1.0000,1.0000
1778854800,2026-05-15,741.1300,730.9661,741.2775,1.0000,1.0000
1778855400,2026-05-15,741.8900,731.6756,742.0883,1.0000,1.0000
1778856000,2026-05-15,741.1050,730.8385,741.2583,0.9999,1.0000
1778856600,2026-05-15,740.9700,730.4772,741.1473,1.0000,1.0000
1778857200,2026-05-15,741.3200,730.7442,741.4861,1.0000,1.0000
1778857800,2026-05-15,741.2500,730.5870,741.4529,1.0000,1.0000
1778858400,2026-05-15,741.2200,730.6417,741.4137,1.0000,1.0000
1778859000,2026-05-15,741.0700,730.6092,741.2396,1.0000,1.0000
1778859600,2026-05-15,739.9100,729.4296,740.0494,1.0000,1.0000
1778860200,2026-05-15,740.2799,729.6546,740.3986,0.9999,1.0000
1778860800,2026-05-15,740.3600,729.8887,740.4710,0.9997,1.0000
1778861400,2026-05-15,740.2800,729.6819,740.3960,1.0000,1.0000
1778862000,2026-05-15,741.3100,730.5658,741.4729,1.0000,1.0000
1778862600,2026-05-15,741.3150,730.5377,741.3801,1.0000,1.0000
1778863200,2026-05-15,741.3600,730.6818,741.4960,1.0000,1.0000
1778863800,2026-05-15,740.9600,730.3218,741.0161,1.0000,1.0000
1778864400,2026-05-15,741.5700,730.8015,741.7053,1.0000,1.0000
1778865000,2026-05-15,741.7800,730.9112,741.9161,1.0000,1.0000
1778865600,2026-05-15,742.5228,731.7135,742.6958,1.0000,1.0000
1778866200,2026-05-15,742.6300,731.7706,742.8032,1.0000,1.0000
1778866800,2026-05-15,742.3300,731.4537,742.4431,0.9999,1.0000
1778867400,2026-05-15,742.9600,732.1258,743.1029,1.0000,1.0000
1778868000,2026-05-15,743.0300,732.2283,743.1709,0.9999,1.0000
1778868600,2026-05-15,741.7800,731.1015,741.8485,1.0000,1.0000
1778869200,2026-05-15,741.7100,730.9321,741.8028,1.0000,1.0000
1778869800,2026-05-15,741.4899,730.8528,741.6107,0.9999,1.0000
1778870400,2026-05-15,741.2499,730.6434,741.4105,1.0000,1.0000
1778871000,2026-05-15,741.6400,730.8945,741.7354,1.0000,1.0000
1778871600,2026-05-15,740.7098,730.1606,740.8041,1.0000,1.0000
1778872200,2026-05-15,740.4500,729.8806,740.5492,1.0000,1.0000
1778872800,2026-05-15,740.1600,729.5860,740.2484,1.0000,1.0000
1778873400,2026-05-15,740.6700,730.1310,740.7818,1.0000,1.0000
1778874000,2026-05-15,740.2400,729.7405,740.3417,1.0000,1.0000
1778874600,2026-05-15,739.0900,728.4593,739.0564,1.0000,1.0000
1779111000,2026-05-18,738.7100,728.2008,738.6560,1.0000,1.0000
1779111600,2026-05-18,738.8699,728.3636,738.7639,1.0000,1.0000
1779112200,2026-05-18,740.5700,729.7335,740.6490,1.0000,1.0000
1779112800,2026-05-18,740.3899,729.7834,740.3540,1.0000,1.0000
1779113400,2026-05-18,740.5400,729.7355,740.6102,1.0000,1.0000
1779114000,2026-05-18,739.5000,728.8082,739.4274,1.0000,1.0000
1779114600,2026-05-18,737.9300,727.3422,737.8533,1.0000,1.0000
1779115200,2026-05-18,737.5200,726.8184,737.4194,1.0000,1.0000
1779115800,2026-05-18,738.2850,727.6768,738.2460,1.0000,1.0000
1779116400,2026-05-18,736.7900,726.1083,736.7489,1.0000,1.0000
1779117000,2026-05-18,736.3150,725.7777,736.1627,1.0000,1.0000
1779117600,2026-05-18,735.6200,725.2988,735.5153,0.9999,1.0000
1779118200,2026-05-18,736.7800,726.3922,736.6948,1.0000,1.0000
1779118800,2026-05-18,736.5371,726.0924,736.5064,1.0000,1.0000
1779119400,2026-05-18,736.2800,725.8495,736.2675,0.9999,1.0000
1779120000,2026-05-18,736.2600,725.8543,736.1669,1.0000,1.0000
1779120600,2026-05-18,737.2100,726.6651,737.1196,1.0000,1.0000
1779121200,2026-05-18,734.8300,724.2684,734.6854,1.0000,1.0000
1779121800,2026-05-18,735.7200,725.0532,735.6317,1.0000,1.0000
1779122400,2026-05-18,735.4700,724.9737,735.3421,1.0000,1.0000
1779123000,2026-05-18,736.4900,725.8888,736.4363,1.0000,1.0000
1779123600,2026-05-18,737.0000,726.3129,736.8791,1.0000,1.0000
1779124200,2026-05-18,737.2400,726.5431,737.1024,1.0000,1.0000
1779124800,2026-05-18,737.3600,726.5948,737.2322,1.0000,1.0000
1779125400,2026-05-18,736.4300,725.6997,736.2970,1.0000,1.0000
1779126000,2026-05-18,736.6800,725.9040,736.5317,1.0000,1.0000
1779126600,2026-05-18,737.0300,726.2999,736.9013,1.0000,1.0000
1779127200,2026-05-18,735.5750,724.8138,735.4553,1.0000,1.0000
1779127800,2026-05-18,734.4600,723.8017,734.3090,1.0000,1.0000
1779128400,2026-05-18,734.7100,724.0555,734.5059,1.0000,1.0000
1779129000,2026-05-18,734.3800,723.8251,734.2119,1.0000,1.0000
1779129600,2026-05-18,733.9300,723.4308,733.7402,1.0000,1.0000
1779130200,2026-05-18,733.6700,723.2048,733.4775,1.0000,1.0000
1779130800,2026-05-18,736.3000,725.7186,736.0832,1.0000,1.0000
1779131400,2026-05-18,735.7500,725.1102,735.5789,1.0000,1.0000
1779132000,2026-05-18,735.5200,724.9586,735.3340,1.0000,1.0000
1779132600,2026-05-18,736.9800,726.4925,736.7949,1.0000,1.0000
1779133200,2026-05-18,738.2900,727.9654,738.1166,1.0000,1.0000
1779133800,2026-05-18,738.5600,728.2224,738.3040,1.0000,1.0000
1779197400,2026-05-19,735.4000,725.6509,735.2114,1.0000,1.0000
1779198000,2026-05-19,734.5900,724.8249,734.3020,1.0000,1.0000
1779198600,2026-05-19,735.3300,725.4354,735.1218,1.0000,1.0000
1779199200,2026-05-19,733.3400,722.9696,733.0475,1.0000,1.0000
1779199800,2026-05-19,732.5300,722.4668,732.1480,1.0000,1.0000
1779200400,2026-05-19,732.4200,722.3886,732.0054,1.0000,1.0000
1779201000,2026-05-19,733.0050,723.0207,732.6716,1.0000,1.0000
1779201600,2026-05-19,731.9500,722.0727,731.5762,1.0000,1.0000
1779202200,2026-05-19,733.1600,723.2098,732.8070,1.0000,1.0000
1779202800,2026-05-19,733.2600,723.4849,732.9171,1.0000,1.0000
1779203400,2026-05-19,733.0100,723.3291,732.7465,1.0000,1.0000
1779204000,2026-05-19,732.2300,722.6338,732.0105,0.9998,1.0000
1779204600,2026-05-19,733.4050,723.8621,733.1425,1.0000,1.0000
1779205200,2026-05-19,733.8800,724.4220,733.6419,1.0000,1.0000
1779205800,2026-05-19,732.9900,723.4428,732.7452,1.0000,1.0000
1779206400,2026-05-19,732.6300,723.1472,732.4808,1.0000,1.0000
1779207000,2026-05-19,733.6800,724.3170,733.4916,1.0000,1.0000
1779207600,2026-05-19,734.4900,725.1471,734.2908,1.0000,1.0000
1779208200,2026-05-19,735.0500,725.7455,734.8482,1.0000,1.0000
1779208800,2026-05-19,735.5000,726.1624,735.3294,1.0000,1.0000
1779209400,2026-05-19,736.1200,726.5824,735.9872,1.0000,1.0000
1779210000,2026-05-19,736.6200,726.9708,736.5090,1.0000,1.0000
1779210600,2026-05-19,737.2800,727.5852,737.1502,1.0000,1.0000
1779211200,2026-05-19,736.9800,727.5697,736.8554,1.0000,1.0000
1779211800,2026-05-19,737.2200,727.8725,737.0486,1.0000,1.0000
1779212400,2026-05-19,736.7300,727.3954,736.5437,1.0000,1.0000
1779213000,2026-05-19,736.7700,727.2710,736.6431,1.0000,1.0000
1779213600,2026-05-19,737.1100,727.6831,736.9893,1.0000,1.0000
1779214200,2026-05-19,736.8100,727.3349,736.6234,1.0000,1.0000
1779214800,2026-05-19,735.8800,726.4244,735.7490,1.0000,1.0000
1779215400,2026-05-19,735.6950,726.3118,735.5488,1.0000,1.0000
1779216000,2026-05-19,735.6750,726.2659,735.5880,1.0000,1.0000
1779216600,2026-05-19,734.4500,724.9844,734.3095,1.0000,1.0000
1779217200,2026-05-19,735.2400,725.9679,735.1271,1.0000,1.0000
1779217800,2026-05-19,735.3400,725.9292,735.1769,1.0000,1.0000
1779218400,2026-05-19,734.7700,725.1918,734.5679,1.0000,1.0000
1779219000,2026-05-19,734.1700,724.6425,734.0535,1.0000,1.0000
1779219600,2026-05-19,733.8000,724.2597,733.5980,1.0000,1.0000
1779220200,2026-05-19,733.7600,724.1190,733.4967,1.0000,1.0000
1779283800,2026-05-20,734.8900,725.5303,734.9864,1.0000,1.0000
1779284400,2026-05-20,736.0230,726.7302,736.0389,1.0000,1.0000
1779285000,2026-05-20,736.1300,726.9451,736.1453,1.0000,1.0000
1779285600,2026-05-20,734.7450,725.7884,734.6664,1.0000,1.0000
1779286200,2026-05-20,737.3200,728.1872,737.2434,1.0000,1.0000
1779286800,2026-05-20,737.8900,728.9514,737.7812,1.0000,1.0000
1779287400,2026-05-20,737.9400,728.9361,737.8711,1.0000,1.0000
1779288000,2026-05-20,738.0100,729.0699,737.9600,1.0000,1.0000
1779288600,2026-05-20,739.2000,730.2214,739.1460,1.0000,1.0000
1779289200,2026-05-20,738.8300,730.0816,738.7821,1.0000,1.0000
1779289800,2026-05-20,740.3800,731.6245,740.2475,1.0000,1.0000
1779290400,2026-05-20,739.2950,730.6034,739.1031,1.0000,1.0000
1779291000,2026-05-20,739.9200,731.3891,739.7980,1.0000,1.0000
1779291600,2026-05-20,740.7266,731.9541,740.6134,1.0000,1.0000
1779292200,2026-05-20,740.2400,731.6702,740.1107,1.0000,1.0000
1779292800,2026-05-20,740.1820,731.4875,740.0485,1.0000,1.0000
1779293400,2026-05-20,739.6800,731.0131,739.5297,1.0000,1.0000
1779294000,2026-05-20,738.9300,730.1600,738.7936,1.0000,1.0000
1779294600,2026-05-20,738.8500,730.2462,738.7074,1.0000,1.0000
1779295200,2026-05-20,739.1200,730.5835,738.9868,1.0000,1.0000
1779295800,2026-05-20,739.3650,730.7053,739.1843,1.0000,1.0000
1779296400,2026-05-20,739.0200,730.3125,738.8368,1.0000,1.0000
1779297000,2026-05-20,739.7290,730.9968,739.5530,1.0000,1.0000
1779297600,2026-05-20,740.1550,731.3949,739.9922,1.0000,1.0000
1779298200,2026-05-20,740.4400,731.7476,740.3035,0.9998,1.0000
1779298800,2026-05-20,740.1400,731.5212,739.9700,1.0000,1.0000
1779299400,2026-05-20,739.8500,731.1602,739.6925,1.0000,1.0000
1779300000,2026-05-20,740.0700,731.2623,739.8378,1.0000,1.0000
1779300600,2026-05-20,740.1100,731.2756,739.9171,1.0000,1.0000
1779301200,2026-05-20,740.0800,731.2471,739.8697,0.9998,1.0000
1779301800,2026-05-20,740.7175,732.0841,740.5242,0.9998,1.0000
1779302400,2026-05-20,740.1100,731.5356,739.8836,1.0000,1.0000
1779303000,2026-05-20,740.1650,731.5250,739.9461,1.0000,1.0000
1779303600,2026-05-20,740.1900,731.8448,740.0158,1.0000,1.0000
1779304200,2026-05-20,740.6900,732.3248,740.4941,1.0000,1.0000
1779304800,2026-05-20,740.8200,732.3364,740.6241,1.0000,1.0000
1779305400,2026-05-20,741.4100,733.0038,741.1882,1.0000,1.0000
1779306000,2026-05-20,741.0850,732.6731,740.8998,1.0000,1.0000
1779306600,2026-05-20,741.3000,733.0036,741.2839,1.0000,1.0000
1779370200,2026-05-21,737.6800,729.3009,737.4502,1.0000,1.0000
1779370800,2026-05-21,737.5800,729.3974,737.1752,1.0000,1.0000
1779371400,2026-05-21,739.7900,732.0255,739.4173,0.9997,1.0000
1779372000,2026-05-21,740.3900,732.6839,740.0599,1.0000,1.0000
1779372600,2026-05-21,738.2350,730.7447,737.8117,1.0000,1.0000
1779373200,2026-05-21,738.5050,731.0795,738.0306,1.0000,1.0000
1779373800,2026-05-21,738.9200,731.4529,738.5656,1.0000,1.0000
1779374400,2026-05-21,738.1100,730.6117,737.7045,1.0000,1.0000
1779375000,2026-05-21,738.9100,731.3270,738.5352,1.0000,1.0000
1779375600,2026-05-21,737.6700,729.9956,737.2397,1.0000,1.0000
1779376200,2026-05-21,738.9900,731.4219,738.6495,1.0000,1.0000
1779376800,2026-05-21,738.8000,731.0797,738.3918,1.0000,1.0000
1779377400,2026-05-21,738.9500,731.0151,738.5139,1.0000,1.0000
1779378000,2026-05-21,739.6900,731.9164,739.2317,1.0000,1.0000
1779378600,2026-05-21,739.3000,731.5002,738.8639,0.9998,1.0000
1779379200,2026-05-21,739.9300,732.2023,739.5640,0.9998,1.0000
1779379800,2026-05-21,739.1750,731.4449,738.8015,0.9997,1.0000
1779380400,2026-05-21,738.8000,731.1259,738.4004,1.0000,1.0000
1779381000,2026-05-21,738.7100,731.1732,738.2853,1.0000,1.0000
1779381600,2026-05-21,738.4700,730.9867,738.1082,1.0000,1.0000
1779382200,2026-05-21,738.9000,731.2509,738.5678,1.0000,1.0000
1779382800,2026-05-21,739.0900,731.5477,738.7405,1.0000,1.0000
1779383400,2026-05-21,741.7600,734.2772,741.3769,1.0000,1.0000
1779384000,2026-05-21,742.1500,734.6439,741.7602,1.0000,1.0000
1779384600,2026-05-21,742.7900,735.3000,742.3975,1.0000,1.0000
1779385200,2026-05-21,743.8300,736.4196,743.4363,1.0000,1.0000
1779385800,2026-05-21,743.6800,736.1428,743.2914,1.0000,1.0000
1779386400,2026-05-21,743.4900,736.2517,743.1393,1.0000,1.0000
1779387000,2026-05-21,743.2004,736.0430,742.8828,1.0000,1.0000
1779387600,2026-05-21,743.3400,736.0263,742.9759,1.0000,1.0000
1779388200,2026-05-21,743.0900,735.8766,742.7544,1.0000,1.0000
1779388800,2026-05-21,742.3800,734.9764,742.0424,1.0000,1.0000
1779389400,2026-05-21,741.0268,733.6608,740.5814,1.0000,1.0000
1779390000,2026-05-21,742.4150,735.1142,741.9714,1.0000,1.0000
1779390600,2026-05-21,742.7900,735.4662,742.3587,1.0000,1.0000
1779391200,2026-05-21,742.6800,735.2732,742.2318,0.9998,1.0000
1779391800,2026-05-21,742.7100,735.4353,742.3084,1.0000,1.0000
1779392400,2026-05-21,742.6000,735.3017,742.1746,1.0000,1.0000
1779393000,2026-05-21,742.7500,735.6956,742.3662,1.0000,1.0000
1779456600,2026-05-22,747.7900,741.5308,747.3848,1.0000,1.0000
1779457200,2026-05-22,747.4000,741.6290,746.9804,1.0000,1.0000
1779457800,2026-05-22,747.5400,741.7986,747.1540,1.0000,1.0000
1779458400,2026-05-22,746.1300,740.4909,745.6857,1.0000,1.0000
1779459000,2026-05-22,745.4400,739.7156,744.9925,1.0000,1.0000
1779459600,2026-05-22,745.6900,739.9538,745.2301,1.0000,1.0000
1779460200,2026-05-22,746.0400,740.3539,745.6120,1.0000,1.0000
1779460800,2026-05-22,746.1600,740.3597,745.8446,1.0000,1.0000
1779461400,2026-05-22,746.4900,740.4470,746.0369,1.0000,1.0000
1779462000,2026-05-22,747.0500,740.8879,746.6389,1.0000,1.0000
1779462600,2026-05-22,747.4300,741.2762,746.9693,0.9998,1.0000
1779463200,2026-05-22,747.8800,741.8177,747.4596,0.9998,1.0000
1779463800,2026-05-22,747.6600,741.6643,747.1802,0.9998,1.0000
1779464400,2026-05-22,747.3600,741.6061,746.8930,1.0000,1.0000
1779465000,2026-05-22,747.6100,741.8738,747.2331,0.9996,1.0000
1779465600,2026-05-22,747.3500,741.5502,746.9679,1.0000,1.0000
1779466200,2026-05-22,746.9400,741.2210,746.5188,1.0000,1.0000
1779466800,2026-05-22,747.3800,741.6075,746.9068,1.0000,1.0000
1779467400,2026-05-22,747.0100,741.4385,746.6246,1.0000,1.0000
1779468000,2026-05-22,747.1500,741.7033,746.7181,1.0000,1.0000
1779468600,2026-05-22,747.2800,741.8671,746.8411,1.0000,1.0000
1779469200,2026-05-22,747.7400,742.3131,747.2690,1.0000,1.0000
1779469800,2026-05-22,746.8300,741.3869,746.4178,1.0000,1.0000
1779470400,2026-05-22,748.7350,743.2145,748.3071,1.0000,1.0000
1779471000,2026-05-22,748.2900,742.8436,747.8193,1.0000,1.0000
1779471600,2026-05-22,747.7500,742.3777,747.3634,1.0000,1.0000
1779472200,2026-05-22,747.3700,742.1417,746.8951,1.0000,1.0000
1779472800,2026-05-22,747.3400,742.0911,746.9284,1.0000,1.0000
1779473400,2026-05-22,747.3101,742.0939,746.8238,1.0000,1.0000
1779474000,2026-05-22,747.3100,742.0300,746.8344,1.0000,1.0000
1779474600,2026-05-22,747.1900,741.8315,746.7711,1.0000,1.0000
1779475200,2026-05-22,747.0800,741.7734,746.6860,1.0000,1.0000
1779475800,2026-05-22,747.1200,741.7916,746.7144,1.0000,1.0000
1779476400,2026-05-22,746.4850,741.1547,746.0505,1.0000,1.0000
1779477000,2026-05-22,746.3600,741.1108,745.9180,1.0000,1.0000
1779477600,2026-05-22,745.5800,740.1461,745.0955,1.0000,1.0000
1779478200,2026-05-22,745.8600,740.6108,745.4467,1.0000,1.0000
1779478800,2026-05-22,745.4600,740.1113,744.9528,1.0000,1.0000
1779479400,2026-05-22,745.5900,740.1764,745.1137,1.0000,1.0000
1779802200,2026-05-26,749.7300,745.4668,749.2153,1.0000,1.0000
1779802800,2026-05-26,750.9800,746.6418,750.5885,0.9998,1.0000
1779803400,2026-05-26,750.7800,746.4598,750.5460,0.9998,1.0000
1779804000,2026-05-26,751.3150,747.1483,750.8910,1.0000,1.0000
1779804600,2026-05-26,751.5950,747.4066,751.1409,1.0000,1.0000
1779805200,2026-05-26,751.5400,747.1964,751.0360,1.0000,1.0000
1779805800,2026-05-26,751.7150,747.7469,751.2708,1.0000,1.0000
1779806400,2026-05-26,751.7290,747.8430,751.2683,1.0000,1.0000
1779807000,2026-05-26,751.4000,747.5090,750.9401,0.9998,1.0000
1779807600,2026-05-26,750.8902,747.1672,750.4917,0.9998,1.0000
1779808200,2026-05-26,750.3999,746.6768,749.9911,0.9998,1.0000
1779808800,2026-05-26,749.8500,746.2797,749.4122,1.0000,1.0000
1779809400,2026-05-26,749.8300,746.2990,749.3790,0.9998,1.0000
1779810000,2026-05-26,749.0999,745.5328,748.6635,0.9998,1.0000
1779810600,2026-05-26,748.9300,745.3544,748.4447,0.9998,1.0000
1779811200,2026-05-26,748.8800,745.5856,748.4223,1.0000,1.0000
1779811800,2026-05-26,749.3200,746.1099,748.8841,0.9998,1.0000
1779812400,2026-05-26,749.7400,746.4924,749.3062,1.0000,1.0000
1779813000,2026-05-26,749.7100,746.5181,749.2498,1.0000,1.0000
1779813600,2026-05-26,748.8700,745.6247,748.4697,1.0000,1.0000
1779814200,2026-05-26,749.0100,745.7568,748.5667,0.9998,1.0000
1779814800,2026-05-26,749.1200,745.9066,748.6599,1.0000,1.0000
1779815400,2026-05-26,748.8100,745.8061,748.4105,0.9998,1.0000
1779816000,2026-05-26,748.6500,745.7338,748.2301,1.0000,1.0000
1779816600,2026-05-26,748.8403,746.0742,748.3962,1.0000,1.0000
1779817200,2026-05-26,749.2050,746.3318,748.7880,1.0000,1.0000
1779817800,2026-05-26,749.0300,746.0652,748.5792,1.0000,1.0000
1779818400,2026-05-26,749.4000,746.3647,748.9900,1.0000,1.0000
1779819000,2026-05-26,749.9200,746.8910,749.5117,0.9998,1.0000
1779819600,2026-05-26,749.6550,746.7346,749.2474,1.0000,1.0000
1779820200,2026-05-26,749.7000,746.8510,749.3358,1.0000,1.0000
1779820800,2026-05-26,749.3100,746.5394,748.9254,1.0000,1.0000
1779821400,2026-05-26,749.1000,746.2500,748.6294,1.0000,1.0000
1779822000,2026-05-26,749.4050,746.6519,749.0166,1.0000,1.0000
1779822600,2026-05-26,749.4300,746.6907,749.0314,1.0000,1.0000
1779823200,2026-05-26,749.5100,746.5297,749.1259,1.0000,1.0000
1779823800,2026-05-26,750.2100,747.2228,749.8157,1.0000,1.0000
1779824400,2026-05-26,750.5900,747.4041,750.0945,1.0000,1.0000
1779825000,2026-05-26,750.4900,746.9147,749.8621,1.0000,1.0000
1779888600,2026-05-27,750.5300,747.6261,749.9904,1.0000,1.0000
1779889200,2026-05-27,749.5700,746.7581,749.0958,1.0000,1.0000
1779889800,2026-05-27,750.4900,747.6764,750.0990,1.0000,1.0000
1779890400,2026-05-27,750.6020,747.8832,750.2526,1.0000,1.0000
1779891000,2026-05-27,751.2500,748.4851,750.9472,1.0000,1.0000
1779891600,2026-05-27,750.0450,747.0510,749.6416,1.0000,1.0000
1779892200,2026-05-27,750.9500,748.0343,750.6555,0.9998,1.0000
1779892800,2026-05-27,750.0000,747.0809,749.7360,1.0000,1.0000
1779893400,2026-05-27,749.6800,746.6839,749.3474,1.0000,1.0000
1779894000,2026-05-27,750.0100,746.8527,749.7036,0.9998,1.0000
1779894600,2026-05-27,749.1800,745.9342,748.8419,1.0000,1.0000
1779895200,2026-05-27,749.5400,746.3786,749.2108,1.0000,1.0000
1779895800,2026-05-27,749.1200,746.1464,748.7835,1.0000,1.0000
1779896400,2026-05-27,748.6746,745.7082,748.3739,0.9998,1.0000
1779897000,2026-05-27,749.1050,746.0873,748.7285,0.9998,1.0000
1779897600,2026-05-27,749.4750,746.5103,749.1575,0.9998,1.0000
1779898200,2026-05-27,749.4000,746.6539,749.1371,1.0000,1.0000
1779898800,2026-05-27,749.6701,746.7911,749.4371,1.0000,1.0000
1779899400,2026-05-27,750.0700,746.8707,749.8401,1.0000,1.0000
1779900000,2026-05-27,750.5100,747.3753,750.3252,1.0000,1.0000
1779900600,2026-05-27,749.7900,746.5225,749.5222,0.9998,1.0000
1779901200,2026-05-27,748.3000,744.9830,748.0149,1.0000,1.0000
1779901800,2026-05-27,749.3050,746.0499,749.0290,1.0000,1.0000
1779902400,2026-05-27,749.1600,745.9777,748.9205,0.9998,1.0000
1779903000,2026-05-27,749.6600,746.3445,749.3713,0.9998,1.0000
1779903600,2026-05-27,749.4650,746.1076,749.1395,1.0000,1.0000
1779904200,2026-05-27,749.7200,746.2950,749.4099,1.0000,1.0000
1779904800,2026-05-27,749.8199,746.3608,749.5639,1.0000,1.0000
1779905400,2026-05-27,750.3300,746.9276,750.0608,1.0000,1.0000
1779906000,2026-05-27,750.7200,747.2758,750.4058,1.0000,1.0000
1779906600,2026-05-27,750.7400,747.4758,750.4375,1.0000,1.0000
1779907200,2026-05-27,750.8000,747.5915,750.4956,0.9998,1.0000
1779907800,2026-05-27,750.8100,747.5684,750.5594,1.0000,1.0000
1779908400,2026-05-27,750.9900,747.6896,750.6711,1.0000,1.0000
1779909000,2026-05-27,750.8400,747.5051,750.5408,1.0000,1.0000
1779909600,2026-05-27,750.5601,747.1634,750.2385,1.0000,1.0000
1779910200,2026-05-27,750.7700,747.4027,750.4385,1.0000,1.0000
1779910800,2026-05-27,750.3110,746.8365,749.9699,1.0000,1.0000
1779911400,2026-05-27,750.4700,747.0751,750.0708,1.0000,1.0000
1779975000,2026-05-28,749.3999,745.9591,749.0535,1.0000,1.0000
1779975600,2026-05-28,749.3700,745.7034,749.0217,0.9998,1.0000
1779976200,2026-05-28,750.1700,746.5094,749.9012,0.9998,1.0000
1779976800,2026-05-28,750.6400,747.0109,750.3487,0.9998,1.0000
1779977400,2026-05-28,753.0100,749.4438,752.7535,1.0000,1.0000
1779978000,2026-05-28,752.7200,749.7037,752.4461,1.0000,1.0000
1779978600,2026-05-28,751.9300,749.2004,751.6565,1.0000,1.0000
1779979200,2026-05-28,752.3500,749.6309,751.9937,1.0000,1.0000
1779979800,2026-05-28,752.8799,750.1963,752.6375,1.0000,1.0000
1779980400,2026-05-28,753.5900,751.0401,753.3782,0.9996,1.0000
1779981000,2026-05-28,753.4400,751.0654,753.2240,1.0000,1.0000
1779981600,2026-05-28,753.9400,751.5926,753.6787,0.9998,1.0000
1779982200,2026-05-28,754.1300,751.8314,753.9537,1.0000,1.0000
1779982800,2026-05-28,753.9000,751.5347,753.7047,1.0000,1.0000
1779983400,2026-05-28,754.0800,751.6773,753.8440,0.9998,1.0000
1779984000,2026-05-28,754.0900,751.7915,753.8658,0.9998,1.0000
1779984600,2026-05-28,754.4800,752.1142,754.2748,1.0000,1.0000
1779985200,2026-05-28,754.3800,752.1189,754.1673,1.0000,1.0000
1779985800,2026-05-28,754.1900,752.0679,754.0293,1.0000,1.0000
1779986400,2026-05-28,754.3100,752.2064,754.1255,1.0000,1.0000
1779987000,2026-05-28,754.7200,752.5489,754.5498,1.0000,1.0000
1779987600,2026-05-28,754.4600,752.1166,754.2634,1.0000,1.0000
1779988200,2026-05-28,754.1600,751.7789,753.9736,0.9998,1.0000
1779988800,2026-05-28,754.2650,751.6475,754.0915,1.0000,1.0000
1779989400,2026-05-28,754.4401,751.6807,754.2823,1.0000,1.0000
1779990000,2026-05-28,754.7900,751.8671,754.6319,1.0000,1.0000
1779990600,2026-05-28,754.7000,751.7703,754.5225,1.0000,1.0000
1779991200,2026-05-28,754.7000,751.7986,754.5575,1.0000,1.0000
1779991800,2026-05-28,754.6400,751.6319,754.4859,1.0000,1.0000
1779992400,2026-05-28,754.7800,751.7275,754.6229,1.0000,1.0000
1779993000,2026-05-28,754.3500,751.1494,754.2147,1.0000,1.0000
1779993600,2026-05-28,754.2600,750.9861,754.1416,1.0000,1.0000
1779994200,2026-05-28,754.2400,751.0735,754.0534,0.9998,1.0000
1779994800,2026-05-28,754.3600,751.3269,754.2416,1.0000,1.0000
1779995400,2026-05-28,754.3200,751.1745,754.1646,1.0000,1.0000
1779996000,2026-05-28,754.7600,751.7575,754.6758,1.0000,1.0000
1779996600,2026-05-28,755.1400,752.1008,755.0337,1.0000,1.0000
1779997200,2026-05-28,754.6800,751.6421,754.5537,1.0000,1.0000
1779997800,2026-05-28,754.6400,751.4574,754.5511,1.0000,1.0000
1780061400,2026-05-29,756.7200,754.2972,756.6490,1.0000,1.0000
1780062000,2026-05-29,757.6300,755.0447,757.5852,1.0000,1.0000
1780062600,2026-05-29,757.8200,755.3265,757.7987,1.0000,1.0000
1780063200,2026-05-29,757.3100,755.0891,757.0953,1.0000,1.0000
1780063800,2026-05-29,756.7500,754.4757,756.4307,1.0000,1.0000
1780064400,2026-05-29,756.6000,754.2705,756.2844,1.0000,1.0000
1780065000,2026-05-29,755.6300,753.4549,755.1995,1.0000,1.0000
1780065600,2026-05-29,755.0100,752.6321,754.6108,1.0000,1.0000
1780066200,2026-05-29,756.0400,754.0208,755.7284,1.0000,1.0000
1780066800,2026-05-29,756.6999,754.5418,756.3941,1.0000,1.0000
1780067400,2026-05-29,756.8800,754.7915,756.6151,1.0000,1.0000
1780068000,2026-05-29,756.7800,754.7388,756.5729,0.9999,1.0000
1780068600,2026-05-29,757.1700,755.1743,756.8161,1.0000,1.0000
1780069200,2026-05-29,756.6400,754.7178,756.3774,0.9994,1.0000
1780069800,2026-05-29,756.4200,754.4978,756.1369,1.0000,1.0000
1780070400,2026-05-29,757.2750,755.4203,757.0006,1.0000,1.0000
1780071000,2026-05-29,756.8500,754.8137,756.5590,1.0000,1.0000
1780071600,2026-05-29,756.7500,754.6795,756.4444,0.9999,1.0000
1780072200,2026-05-29,757.6800,755.5287,757.4178,0.9999,1.0000
1780072800,2026-05-29,757.1700,755.1055,756.9217,1.0000,1.0000
1780073400,2026-05-29,756.8100,754.8233,756.5849,1.0000,1.0000
1780074000,2026-05-29,756.7800,754.6494,756.5578,1.0000,1.0000
1780074600,2026-05-29,756.8500,754.7695,756.6011,1.0000,1.0000
1780075200,2026-05-29,756.6100,754.6069,756.3800,1.0000,1.0000
1780075800,2026-05-29,756.3700,754.5597,756.1630,1.0000,1.0000
1780076400,2026-05-29,756.1000,754.1059,755.8526,1.0000,1.0000
1780077000,2026-05-29,755.3000,753.3609,755.0715,0.9999,1.0000
1780077600,2026-05-29,755.9700,754.0684,755.7704,1.0000,1.0000
1780078200,2026-05-29,755.9200,754.0659,755.7884,1.0000,1.0000
1780078800,2026-05-29,756.2900,754.3210,756.1513,1.0000,1.0000
1780079400,2026-05-29,756.6200,754.6756,756.3810,1.0000,1.0000
1780080000,2026-05-29,755.8499,753.8523,755.6189,1.0000,1.0000
1780080600,2026-05-29,755.4900,753.5436,755.2546,1.0000,1.0000
1780081200,2026-05-29,756.2450,754.1732,756.0658,1.0000,1.0000
1780081800,2026-05-29,756.1950,754.1932,755.9822,1.0000,1.0000
1780082400,2026-05-29,756.8600,754.8225,756.6363,1.0000,1.0000
1780083000,2026-05-29,757.4600,755.3782,757.2318,1.0000,1.0000
1780083600,2026-05-29,757.2500,755.2201,756.9508,1.0000,1.0000
1780084200,2026-05-29,756.4000,754.7550,756.0937,1.0000,1.0000
1780320600,2026-06-01,756.2500,754.8195,755.9478,0.9986,1.0000
1780321200,2026-06-01,756.4000,754.6775,756.0159,0.9984,1.0000
1780321800,2026-06-01,755.5500,753.5063,755.1426,0.9986,1.0000
1780322400,2026-06-01,756.3500,754.4611,755.9413,0.9986,1.0000
1780323000,2026-06-01,755.9000,754.0083,755.4843,0.9986,1.0000
1780323600,2026-06-01,755.8550,754.0848,755.4763,0.9986,1.0000
1780324200,2026-06-01,755.4350,754.0030,755.0599,0.9986,1.0000
1780324800,2026-06-01,755.6500,754.2441,755.3228,0.9986,1.0000
1780325400,2026-06-01,755.6550,754.3647,755.3132,0.9986,1.0000
1780326000,2026-06-01,756.0200,755.0917,755.6624,0.9986,1.0000
1780326600,2026-06-01,755.8750,755.2097,755.6176,0.9986,1.0000
1780327200,2026-06-01,756.1600,755.6548,755.9462,0.9984,1.0000
1780327800,2026-06-01,757.4000,756.8253,757.1935,0.9984,1.0000
1780328400,2026-06-01,756.9000,756.3866,756.6235,0.9986,1.0000
1780329000,2026-06-01,756.7150,756.1927,756.3869,0.9986,1.0000
1780329600,2026-06-01,756.8000,756.2211,756.4446,0.9986,1.0000
1780330200,2026-06-01,756.3450,755.7814,755.9722,0.9986,1.0000
1780330800,2026-06-01,756.7800,756.0354,756.4746,0.9986,1.0000
1780331400,2026-06-01,757.1600,756.5491,756.8519,0.9986,1.0000
1780332000,2026-06-01,757.1200,756.5749,756.7543,0.9986,1.0000
1780332600,2026-06-01,757.9500,757.5766,757.6865,0.9986,1.0000
1780333200,2026-06-01,757.1000,756.7566,756.7983,0.9986,1.0000
1780333800,2026-06-01,757.3450,757.1759,757.0565,0.9984,1.0000
1780334400,2026-06-01,758.5200,758.1834,758.1311,0.9986,1.0000
1780335000,2026-06-01,758.4400,758.2234,758.1633,0.9986,1.0000
1780335600,2026-06-01,759.6200,759.3577,759.4048,0.9984,1.0000
1780336200,2026-06-01,759.5500,759.3450,759.3170,0.9986,1.0000
1780336800,2026-06-01,759.6500,759.4003,759.4220,0.9986,1.0000
1780337400,2026-06-01,759.7500,759.2150,759.4874,0.9984,1.0000
1780338000,2026-06-01,759.8205,759.2155,759.6138,0.9986,1.0000
1780338600,2026-06-01,759.6600,759.0896,759.4440,0.9986,1.0000
1780339200,2026-06-01,759.5650,758.9982,759.3515,0.9986,1.0000
1780339800,2026-06-01,759.5200,758.9978,759.3276,0.9986,1.0000
1780340400,2026-06-01,759.6350,758.8939,759.4215,0.9986,1.0000
1780341000,2026-06-01,759.4600,758.6908,759.2611,0.9986,1.0000
1780341600,2026-06-01,759.6800,758.9600,759.4267,0.9986,1.0000
1780342200,2026-06-01,759.2100,758.5754,758.9538,0.9986,1.0000
1780342800,2026-06-01,758.6600,758.1586,758.3198,0.9986,1.0000
1780343400,2026-06-01,758.4300,757.9213,758.0277,0.9986,1.0000
1780407000,2026-06-02,756.9900,757.2606,756.8324,0.9997,1.0000
1780407600,2026-06-02,757.6600,757.5014,757.6296,0.9997,1.0000
1780408200,2026-06-02,757.6200,757.2129,757.6644,0.9997,1.0000
1780408800,2026-06-02,757.9150,757.5050,757.9664,0.9995,1.0000
1780409400,2026-06-02,758.3200,757.5587,758.3892,0.9997,1.0000
1780410000,2026-06-02,757.7350,756.6534,757.7377,0.9997,1.0000
1780410600,2026-06-02,758.5150,757.6638,758.6105,0.9995,1.0000
1780411200,2026-06-02,759.2600,758.6254,759.3961,0.9997,1.0000
1780411800,2026-06-02,759.7200,758.9307,759.8296,0.9997,1.0000
1780412400,2026-06-02,760.1099,759.3487,760.1649,0.9997,1.0000
1780413000,2026-06-02,760.1300,759.5400,760.2249,0.9997,1.0000
1780413600,2026-06-02,759.8900,759.3353,759.9981,0.9997,1.0000
1780414200,2026-06-02,759.7800,759.3490,759.8690,0.9997,1.0000
1780414800,2026-06-02,759.7300,759.5264,759.7783,0.9997,1.0000
1780415400,2026-06-02,759.6900,759.6636,759.7917,0.9997,1.0000
1780416000,2026-06-02,759.7300,759.6858,759.8265,0.9993,1.0000
1780416600,2026-06-02,759.5400,759.3813,759.6878,0.9997,1.0000
1780417200,2026-06-02,759.3500,759.0934,759.4967,0.9995,1.0000
1780417800,2026-06-02,759.2500,758.9648,759.3673,0.9997,1.0000
1780418400,2026-06-02,759.6650,759.4582,759.8091,0.9997,1.0000
1780419000,2026-06-02,759.8650,759.5624,760.0389,0.9995,1.0000
1780419600,2026-06-02,759.7750,759.4685,759.9360,0.9997,1.0000
1780420200,2026-06-02,759.3600,759.1233,759.3836,0.9997,1.0000
1780420800,2026-06-02,759.0250,758.8209,759.0772,0.9997,1.0000
1780421400,2026-06-02,758.8235,758.6786,758.9245,0.9997,1.0000
1780422000,2026-06-02,759.2300,759.0689,759.3414,0.9997,1.0000
1780422600,2026-06-02,758.8750,758.8807,758.9632,0.9997,1.0000
1780423200,2026-06-02,759.1400,759.1669,759.2294,0.9997,1.0000
1780423800,2026-06-02,758.9400,759.1608,759.0471,0.9997,1.0000
1780424400,2026-06-02,758.9564,759.3488,759.0707,0.9997,1.0000
1780425000,2026-06-02,758.7100,759.1091,758.7788,0.9997,1.0000
1780425600,2026-06-02,758.9900,759.3706,759.0562,0.9994,1.0000
1780426200,2026-06-02,759.0400,759.5817,759.1075,0.9997,1.0000
1780426800,2026-06-02,759.3700,759.8750,759.4172,0.9997,1.0000
1780427400,2026-06-02,759.3200,759.9175,759.3729,0.9997,1.0000
1780428000,2026-06-02,759.3300,760.0787,759.3916,0.9997,1.0000
1780428600,2026-06-02,759.3000,760.1645,759.3969,0.9997,1.0000
1780429200,2026-06-02,759.4350,760.5007,759.5178,0.9997,1.0000
1780429800,2026-06-02,759.4500,760.4590,759.4877,0.9997,1.0000
1780493400,2026-06-03,757.8793,758.6590,758.0031,1.0000,1.0000
1780494000,2026-06-03,755.1100,755.3564,755.0986,0.9999,1.0000
1780494600,2026-06-03,755.9200,756.1404,756.1130,1.0000,1.0000
1780495200,2026-06-03,756.4400,757.2036,756.8395,1.0000,1.0000
1780495800,2026-06-03,756.2200,757.4654,756.6347,1.0000,1.0000
1780496400,2026-06-03,756.8100,758.2522,757.2103,1.0000,1.0000
1780497000,2026-06-03,756.8900,758.2718,757.2899,1.0000,1.0000
1780497600,2026-06-03,756.0300,757.5643,756.4410,1.0000,1.0000
1780498200,2026-06-03,756.1700,757.7242,756.4796,1.0000,1.0000
1780498800,2026-06-03,756.1600,757.8832,756.4687,1.0000,1.0000
1780499400,2026-06-03,756.0900,757.7741,756.4909,1.0000,1.0000
1780500000,2026-06-03,756.1200,757.6413,756.3679,1.0000,1.0000
1780500600,2026-06-03,755.3500,756.7937,755.5750,1.0000,1.0000
1780501200,2026-06-03,755.2000,756.3216,755.3968,1.0000,1.0000
1780501800,2026-06-03,755.2000,756.4382,755.3994,1.0000,1.0000
1780502400,2026-06-03,755.0700,756.4531,755.2816,1.0000,1.0000
1780503000,2026-06-03,754.9300,756.4098,755.1038,1.0000,1.0000
1780503600,2026-06-03,754.3100,755.8951,754.5174,1.0000,1.0000
1780504200,2026-06-03,753.9000,755.5580,754.1409,1.0000,1.0000
1780504800,2026-06-03,754.5850,755.9810,754.8153,0.9999,1.0000
1780505400,2026-06-03,755.1200,756.4581,755.3272,1.0000,1.0000
1780506000,2026-06-03,754.9100,756.2652,755.1511,1.0000,1.0000
1780506600,2026-06-03,754.1700,755.5347,754.3767,1.0000,1.0000
1780507200,2026-06-03,754.6325,756.0908,754.8437,1.0000,1.0000
1780507800,2026-06-03,755.0000,756.5222,755.1721,0.9999,1.0000
1780508400,2026-06-03,755.2300,756.9100,755.4189,1.0000,1.0000
1780509000,2026-06-03,755.5650,757.2989,755.7826,0.9999,1.0000
1780509600,2026-06-03,755.3400,757.2196,755.5465,1.0000,1.0000
1780510200,2026-06-03,755.4750,757.2682,755.6865,1.0000,1.0000
1780510800,2026-06-03,755.9800,757.8084,756.1928,1.0000,1.0000
1780511400,2026-06-03,755.7150,757.4774,755.8933,1.0000,1.0000
1780512000,2026-06-03,755.5950,757.2469,755.8197,1.0000,1.0000
1780512600,2026-06-03,755.5830,757.1465,755.8122,0.9999,1.0000
1780513200,2026-06-03,755.1300,756.6960,755.3631,1.0000,1.0000
1780513800,2026-06-03,755.1300,756.7851,755.3245,1.0000,1.0000
1780514400,2026-06-03,754.8300,756.4805,755.0542,1.0000,1.0000
1780515000,2026-06-03,755.3100,757.0872,755.5116,1.0000,1.0000
1780515600,2026-06-03,755.3400,757.1587,755.5099,1.0000,1.0000
1780516200,2026-06-03,754.1900,755.8820,754.3228,1.0000,1.0000
1780579800,2026-06-04,752.9100,754.4044,753.0571,1.0000,1.0000
1780580400,2026-06-04,752.5600,753.9426,752.6998,1.0000,1.0000
1780581000,2026-06-04,753.2000,754.3894,753.3877,1.0000,1.0000
1780581600,2026-06-04,752.7000,753.8299,752.8907,1.0000,1.0000
1780582200,2026-06-04,753.1900,754.4701,753.5368,1.0000,1.0000
1780582800,2026-06-04,754.0200,755.5328,754.3490,1.0000,1.0000
1780583400,2026-06-04,753.6800,755.1050,754.0294,1.0000,1.0000
1780584000,2026-06-04,753.7200,754.7892,754.0696,1.0000,1.0000
1780584600,2026-06-04,754.2100,755.3818,754.6364,1.0000,1.0000
1780585200,2026-06-04,755.3700,756.7604,755.8369,1.0000,1.0000
1780585800,2026-06-04,755.6500,756.9006,756.1833,1.0000,1.0000
1780586400,2026-06-04,755.8650,756.8023,756.3627,1.0000,1.0000
1780587000,2026-06-04,755.6400,756.6296,756.0900,1.0000,1.0000
1780587600,2026-06-04,754.9200,755.7342,755.2878,1.0000,1.0000
1780588200,2026-06-04,755.3400,756.0697,755.7042,1.0000,1.0000
1780588800,2026-06-04,756.2100,756.8190,756.6366,1.0000,1.0000
1780589400,2026-06-04,756.3850,757.1362,756.8163,1.0000,1.0000
1780590000,2026-06-04,756.5000,757.3666,756.9573,1.0000,1.0000
1780590600,2026-06-04,756.7000,757.2932,757.1845,1.0000,1.0000
1780591200,2026-06-04,756.7300,757.3074,757.1394,1.0000,1.0000
1780591800,2026-06-04,756.7950,757.4261,757.2051,1.0000,1.0000
1780592400,2026-06-04,756.9100,757.4816,757.3502,1.0000,1.0000
1780593000,2026-06-04,756.8600,757.1931,757.2823,1.0000,1.0000
1780593600,2026-06-04,757.1100,757.4283,757.5197,1.0000,1.0000
1780594200,2026-06-04,757.1000,757.4991,757.5448,1.0000,1.0000
1780594800,2026-06-04,757.4200,757.7677,757.8495,1.0000,1.0000
1780595400,2026-06-04,757.6850,758.1425,758.1691,1.0000,1.0000
1780596000,2026-06-04,757.7400,758.3090,758.2428,1.0000,1.0000
1780596600,2026-06-04,757.8500,758.3240,758.2956,1.0000,1.0000
1780597200,2026-06-04,757.8100,758.3386,758.3023,1.0000,1.0000
1780597800,2026-06-04,757.8000,758.1851,758.2646,1.0000,1.0000
1780598400,2026-06-04,757.8801,758.3018,758.3769,1.0000,1.0000
1780599000,2026-06-04,757.6200,758.0738,758.0977,1.0000,1.0000
1780599600,2026-06-04,757.9201,758.3931,758.4171,1.0000,1.0000
1780600200,2026-06-04,757.6950,758.0998,758.1365,1.0000,1.0000
1780600800,2026-06-04,758.2900,758.9854,758.7970,1.0000,1.0000
1780601400,2026-06-04,758.1500,758.9320,758.6553,1.0000,1.0000
1780602000,2026-06-04,757.8400,758.2932,758.2670,1.0000,1.0000
1780602600,2026-06-04,757.0600,757.4099,757.5346,1.0000,1.0000
1780666200,2026-06-05,751.6000,750.9186,751.8962,1.0000,1.0000
1780666800,2026-06-05,749.4500,747.8772,749.4760,1.0000,1.0000
1780667400,2026-06-05,748.7300,747.2953,748.7546,1.0000,1.0000
1780668000,2026-06-05,749.8100,748.7970,749.9911,1.0000,1.0000
1780668600,2026-06-05,750.9001,750.0469,751.1533,1.0000,1.0000
1780669200,2026-06-05,749.2200,748.1032,749.3838,1.0000,1.0000
1780669800,2026-06-05,750.1700,749.6131,750.3496,1.0000,1.0000
1780670400,2026-06-05,749.3900,748.8466,749.5628,1.0000,1.0000
1780671000,2026-06-05,749.8800,749.3299,750.0364,0.9999,1.0000
1780671600,2026-06-05,748.9300,748.1482,749.0805,1.0000,1.0000
1780672200,2026-06-05,748.6400,747.8606,748.6725,1.0000,1.0000
1780672800,2026-06-05,748.1480,747.1301,748.2556,1.0000,1.0000
1780673400,2026-06-05,746.7900,745.7363,746.8636,1.0000,1.0000
1780674000,2026-06-05,746.3600,745.2332,746.4147,1.0000,1.0000
1780674600,2026-06-05,746.5800,745.2141,746.5956,1.0000,1.0000
1780675200,2026-06-05,745.2300,743.9107,745.1771,0.9999,1.0000
1780675800,2026-06-05,744.8100,743.2815,744.7660,1.0000,1.0000
1780676400,2026-06-05,744.7401,743.1624,744.7523,1.0000,1.0000
1780677000,2026-06-05,744.2300,742.6025,744.1682,1.0000,1.0000
1780677600,2026-06-05,743.5600,741.9599,743.4680,1.0000,1.0000
1780678200,2026-06-05,744.5400,743.0234,744.4897,1.0000,1.0000
1780678800,2026-06-05,743.5000,741.8804,743.4229,1.0000,1.0000
1780679400,2026-06-05,743.2800,741.5964,743.1601,0.9999,1.0000
1780680000,2026-06-05,744.0300,742.2411,743.9401,1.0000,1.0000
1780680600,2026-06-05,744.9300,743.1729,744.8860,1.0000,1.0000
1780681200,2026-06-05,743.9600,742.1066,743.8538,1.0000,1.0000
1780681800,2026-06-05,744.6700,742.9806,744.5980,0.9999,1.0000
1780682400,2026-06-05,743.2399,741.4636,743.1396,0.9999,1.0000
1780683000,2026-06-05,741.4200,739.9962,741.2259,1.0000,1.0000
1780683600,2026-06-05,740.9000,739.5755,740.7076,1.0000,1.0000
1780684200,2026-06-05,740.5750,739.1471,740.3706,1.0000,1.0000
1780684800,2026-06-05,739.6300,738.0913,739.4676,1.0000,1.0000
1780685400,2026-06-05,739.2300,737.9808,739.1968,1.0000,1.0000
1780686000,2026-06-05,738.0136,736.7166,737.8473,1.0000,1.0000
1780686600,2026-06-05,736.3500,735.0742,736.1506,1.0000,1.0000
1780687200,2026-06-05,738.4500,737.3886,738.3397,1.0000,1.0000
1780687800,2026-06-05,738.6800,737.7624,738.5788,1.0000,1.0000
1780688400,2026-06-05,738.7200,737.6772,738.5523,1.0000,1.0000
1780689000,2026-06-05,737.4200,735.8470,736.9443,1.0000,1.0000
1780925400,2026-06-08,741.5950,740.7046,741.6876,1.0000,1.0000
1780926000,2026-06-08,742.5800,742.2237,742.6628,1.0000,1.0000
1780926600,2026-06-08,740.8500,740.5777,740.8725,1.0000,1.0000
1780927200,2026-06-08,742.3200,742.6355,742.4698,1.0000,1.0000
1780927800,2026-06-08,741.5500,741.7418,741.6661,1.0000,1.0000
1780928400,2026-06-08,742.4800,742.9575,742.7264,1.0000,1.0000
1780929000,2026-06-08,743.2700,743.9328,743.4814,1.0000,1.0000
1780929600,2026-06-08,743.5401,744.1050,743.8121,1.0000,1.0000
1780930200,2026-06-08,744.9950,745.4688,745.1741,1.0000,1.0000
1780930800,2026-06-08,745.1200,745.8297,745.3444,1.0000,1.0000
1780931400,2026-06-08,744.8440,745.8665,745.1251,1.0000,1.0000
1780932000,2026-06-08,743.2300,743.9244,743.4632,1.0000,1.0000
1780932600,2026-06-08,743.5000,744.3096,743.7170,0.9998,1.0000
1780933200,2026-06-08,743.3650,744.0699,743.6189,1.0000,1.0000
1780933800,2026-06-08,742.7650,743.4524,742.9374,1.0000,1.0000
1780934400,2026-06-08,742.6300,743.3098,742.8846,1.0000,1.0000
1780935000,2026-06-08,743.7000,744.2913,743.9250,0.9998,1.0000
1780935600,2026-06-08,742.1400,742.8126,742.4115,1.0000,1.0000
1780936200,2026-06-08,741.7900,742.4703,742.0308,0.9998,1.0000
1780936800,2026-06-08,742.4900,743.2589,742.7413,1.0000,1.0000
1780937400,2026-06-08,741.9100,742.7550,742.2135,1.0000,1.0000
1780938000,2026-06-08,740.8450,741.3948,741.1022,1.0000,1.0000
1780938600,2026-06-08,740.3800,740.8806,740.6668,1.0000,1.0000
1780939200,2026-06-08,742.0300,742.2822,742.3066,1.0000,1.0000
1780939800,2026-06-08,741.1800,741.5170,741.4611,1.0000,1.0000
1780940400,2026-06-08,741.4000,742.0144,741.6101,1.0000,1.0000
1780941000,2026-06-08,741.1300,741.8051,741.4033,1.0000,1.0000
1780941600,2026-06-08,741.9100,742.9733,742.2113,1.0000,1.0000
1780942200,2026-06-08,741.6200,742.7365,741.9200,1.0000,1.0000
1780942800,2026-06-08,741.9600,743.1256,742.2802,1.0000,1.0000
1780943400,2026-06-08,740.9900,742.2540,741.3421,1.0000,1.0000
1780944000,2026-06-08,740.9900,742.1738,741.3385,1.0000,1.0000
1780944600,2026-06-08,740.9700,742.0977,741.2330,1.0000,1.0000
1780945200,2026-06-08,740.1800,741.2190,740.5003,1.0000,1.0000
1780945800,2026-06-08,739.2500,740.0801,739.4606,1.0000,1.0000
1780946400,2026-06-08,739.2000,740.0868,739.3962,1.0000,1.0000
1780947000,2026-06-08,739.4100,740.3438,739.6290,1.0000,1.0000
1780947600,2026-06-08,739.3000,740.1601,739.4715,1.0000,1.0000
1780948200,2026-06-08,739.3100,740.2445,739.4169,1.0000,1.0000
1781011800,2026-06-09,744.3900,745.8015,744.7512,1.0000,1.0000
1781012400,2026-06-09,746.7500,748.6328,747.0469,1.0000,1.0000
1781013000,2026-06-09,744.3800,746.4298,744.6091,1.0000,1.0000
1781013600,2026-06-09,743.9800,746.0875,744.1733,1.0000,1.0000
1781014200,2026-06-09,740.1300,742.1176,740.1185,1.0000,1.0000
1781014800,2026-06-09,741.2100,743.2751,741.2083,1.0000,1.0000
1781015400,2026-06-09,740.9350,742.9195,740.9845,1.0000,1.0000
1781016000,2026-06-09,735.2600,736.8337,735.1427,1.0000,1.0000
1781016600,2026-06-09,737.7500,739.5228,737.7422,1.0000,1.0000
1781017200,2026-06-09,737.9200,739.7594,737.8585,1.0000,1.0000
1781017800,2026-06-09,736.2300,737.8816,736.1650,1.0000,1.0000
1781018400,2026-06-09,731.0000,732.3690,730.8008,1.0000,1.0000
1781019000,2026-06-09,731.4800,732.8824,731.3742,1.0000,1.0000
1781019600,2026-06-09,731.9700,733.3305,731.8474,1.0000,1.0000
1781020200,2026-06-09,729.0600,729.9088,728.8142,1.0000,1.0000
1781020800,2026-06-09,728.2632,728.9480,728.0273,1.0000,1.0000
1781021400,2026-06-09,725.9600,726.4846,725.6686,1.0000,1.0000
1781022000,2026-06-09,727.3600,727.7879,727.1350,0.9998,1.0000
1781022600,2026-06-09,723.3340,723.6512,723.0100,1.0000,1.0000
1781023200,2026-06-09,724.8700,725.3015,724.5831,1.0000,1.0000
1781023800,2026-06-09,726.6200,727.0982,726.2916,1.0000,1.0000
1781024400,2026-06-09,728.2850,728.9131,728.0565,1.0000,1.0000
1781025000,2026-06-09,729.9325,730.7889,729.7587,1.0000,1.0000
1781025600,2026-06-09,730.7600,731.6031,730.5547,1.0000,1.0000
1781026200,2026-06-09,732.1200,733.0977,731.9594,1.0000,1.0000
1781026800,2026-06-09,731.1700,731.8669,730.9907,1.0000,1.0000
1781027400,2026-06-09,732.5600,733.4733,732.4534,1.0000,1.0000
1781028000,2026-06-09,733.5900,734.2553,733.3846,1.0000,1.0000
1781028600,2026-06-09,734.4300,735.3397,734.3407,1.0000,1.0000
1781029200,2026-06-09,735.1000,735.9642,734.9508,1.0000,1.0000
1781029800,2026-06-09,735.9600,736.8453,735.8491,1.0000,1.0000
1781030400,2026-06-09,735.5200,736.4215,735.2857,1.0000,1.0000
1781031000,2026-06-09,736.7400,737.8676,736.6463,1.0000,1.0000
1781031600,2026-06-09,736.5100,737.4891,736.3651,1.0000,1.0000
1781032200,2026-06-09,733.6600,734.4876,733.5014,1.0000,1.0000
1781032800,2026-06-09,734.6000,735.7732,734.3951,1.0000,1.0000
1781033400,2026-06-09,733.5900,734.8163,733.4317,1.0000,1.0000
1781034000,2026-06-09,733.0600,734.4886,732.9456,1.0000,1.0000
1781034600,2026-06-09,737.0500,738.7642,737.0894,1.0000,1.0000
1781098200,2026-06-10,734.6000,736.6259,734.5241,1.0000,1.0000
1781098800,2026-06-10,736.6700,739.8097,736.6404,1.0000,1.0000
1781099400,2026-06-10,735.7200,738.5999,735.6990,1.0000,1.0000
1781100000,2026-06-10,737.1250,740.1312,737.0868,1.0000,1.0000
1781100600,2026-06-10,736.6100,739.4642,736.4857,1.0000,1.0000
1781101200,2026-06-10,737.2500,740.4267,737.2135,1.0000,1.0000
1781101800,2026-06-10,736.5700,739.9854,736.4657,1.0000,1.0000
1781102400,2026-06-10,734.9600,737.9532,734.8249,1.0000,1.0000
1781103000,2026-06-10,732.8400,735.6512,732.7537,1.0000,1.0000
1781103600,2026-06-10,731.7800,734.3923,731.6453,1.0000,1.0000
1781104200,2026-06-10,730.2200,732.7246,730.0845,1.0000,1.0000
1781104800,2026-06-10,731.4300,734.1559,731.3242,1.0000,1.0000
1781105400,2026-06-10,730.8001,733.3612,730.6691,0.9997,1.0000
1781106000,2026-06-10,730.0000,732.4971,729.8118,1.0000,1.0000
1781106600,2026-06-10,731.9500,734.6443,731.7482,1.0000,1.0000
1781107200,2026-06-10,730.8900,733.6616,730.6570,1.0000,1.0000
1781107800,2026-06-10,730.5800,733.1628,730.3160,0.9998,1.0000
1781108400,2026-06-10,730.6800,733.3019,730.4087,0.9997,1.0000
1781109000,2026-06-10,731.9700,734.5561,731.6787,1.0000,1.0000
1781109600,2026-06-10,729.9800,732.4918,729.8030,1.0000,1.0000
1781110200,2026-06-10,730.3601,732.8032,730.1017,1.0000,1.0000
1781110800,2026-06-10,729.6930,732.2094,729.4359,1.0000,1.0000
1781111400,2026-06-10,728.9800,731.4861,728.6938,1.0000,1.0000
1781112000,2026-06-10,729.5900,732.0659,729.3832,0.9997,1.0000
1781112600,2026-06-10,728.1800,730.7939,727.9200,1.0000,1.0000
1781113200,2026-06-10,730.3250,732.8974,730.0776,1.0000,1.0000
1781113800,2026-06-10,730.6600,733.2402,730.4147,1.0000,1.0000
1781114400,2026-06-10,730.5000,733.0135,730.3213,1.0000,1.0000
1781115000,2026-06-10,729.7950,732.1474,729.5763,1.0000,1.0000
1781115600,2026-06-10,729.5500,731.8657,729.3548,1.0000,1.0000
1781116200,2026-06-10,728.5399,730.8515,728.3018,1.0000,1.0000
1781116800,2026-06-10,727.9100,730.1932,727.7280,1.0000,1.0000
1781117400,2026-06-10,727.4300,729.8288,727.2660,1.0000,1.0000
1781118000,2026-06-10,727.7700,730.2499,727.5709,1.0000,1.0000
1781118600,2026-06-10,726.5100,728.6807,726.2972,1.0000,1.0000
1781119200,2026-06-10,725.9900,728.4563,725.8221,1.0000,1.0000
1781119800,2026-06-10,727.4550,729.9997,727.3219,1.0000,1.0000
1781120400,2026-06-10,726.8300,729.3658,726.6012,1.0000,1.0000
1781121000,2026-06-10,725.4200,727.9746,725.3108,1.0000,1.0000
1781184600,2026-06-11,727.2250,730.9268,726.7617,1.0000,1.0000
1781185200,2026-06-11,728.6000,732.9384,728.2635,1.0000,1.0000
1781185800,2026-06-11,729.7300,734.4937,729.3414,1.0000,1.0000
1781186400,2026-06-11,730.0650,735.1488,729.8135,1.0000,1.0000
1781187000,2026-06-11,727.0900,731.8935,726.7906,1.0000,1.0000
1781187600,2026-06-11,728.8150,733.7250,728.5632,1.0000,1.0000
1781188200,2026-06-11,729.1300,734.0054,728.9113,1.0000,1.0000
1781188800,2026-06-11,728.1700,732.9502,727.8580,1.0000,1.0000
1781189400,2026-06-11,725.6000,730.4132,725.3470,1.0000,1.0000
1781190000,2026-06-11,726.6600,731.3929,726.3758,1.0000,1.0000
1781190600,2026-06-11,727.3300,732.3337,726.9995,1.0000,1.0000
1781191200,2026-06-11,727.1800,732.1622,726.9794,0.9998,1.0000
1781191800,2026-06-11,728.4600,733.5700,728.1690,1.0000,1.0000
1781192400,2026-06-11,727.7600,732.8697,727.4840,1.0000,1.0000
1781193000,2026-06-11,728.1000,733.0801,727.8042,1.0000,1.0000
1781193600,2026-06-11,729.0397,733.9854,728.7422,1.0000,1.0000
1781194200,2026-06-11,729.7650,734.6609,729.4429,1.0000,1.0000
1781194800,2026-06-11,727.8800,732.7548,727.6160,1.0000,1.0000
1781195400,2026-06-11,728.7599,733.5964,728.3615,1.0000,1.0000
1781196000,2026-06-11,728.3050,733.1844,727.9355,1.0000,1.0000
1781196600,2026-06-11,726.5201,731.4249,726.1574,1.0000,1.0000
1781197200,2026-06-11,726.7900,731.7288,726.3667,1.0000,1.0000
1781197800,2026-06-11,725.7000,730.6494,725.3360,1.0000,1.0000
1781198400,2026-06-11,732.5200,737.6707,732.1515,1.0000,1.0000
1781199000,2026-06-11,734.2650,739.5623,733.8964,1.0000,1.0000
1781199600,2026-06-11,734.8400,740.2656,734.4409,1.0000,1.0000
1781200200,2026-06-11,734.9500,740.4913,734.6736,1.0000,1.0000
1781200800,2026-06-11,733.2400,738.5263,732.8452,1.0000,1.0000
1781201400,2026-06-11,735.5700,740.9576,735.3378,1.0000,1.0000
1781202000,2026-06-11,734.5200,739.7290,734.1857,1.0000,1.0000
1781202600,2026-06-11,734.3000,739.8509,734.0589,1.0000,1.0000
1781203200,2026-06-11,735.8100,741.4855,735.5936,1.0000,1.0000
1781203800,2026-06-11,735.7550,741.4151,735.5394,1.0000,1.0000
1781204400,2026-06-11,736.1600,741.9077,736.0258,1.0000,1.0000
1781205000,2026-06-11,737.3700,743.1314,737.2153,1.0000,1.0000
1781205600,2026-06-11,737.9200,743.5934,737.7744,1.0000,1.0000
1781206200,2026-06-11,738.9300,744.4342,738.8355,1.0000,1.0000
1781206800,2026-06-11,737.9850,743.6993,737.8890,1.0000,1.0000
1781207400,2026-06-11,737.6400,743.3979,737.7036,1.0000,1.0000
1781271000,2026-06-12,739.2400,744.7372,738.9036,1.0000,1.0000
1781271600,2026-06-12,735.6400,741.7342,735.3390,1.0000,1.0000
1781272200,2026-06-12,736.6200,742.8008,736.3971,0.9997,1.0000
1781272800,2026-06-12,740.2100,746.7101,739.8769,1.0000,1.0000
1781273400,2026-06-12,740.3200,746.6235,740.0583,1.0000,1.0000
1781274000,2026-06-12,739.5900,745.6614,739.3037,1.0000,1.0000
1781274600,2026-06-12,740.4100,746.5796,740.1200,1.0000,1.0000
1781275200,2026-06-12,737.4500,743.5979,737.0661,1.0000,1.0000
1781275800,2026-06-12,742.3600,748.6998,742.1091,1.0000,1.0000
1781276400,2026-06-12,742.4450,748.9568,742.2155,1.0000,1.0000
1781277000,2026-06-12,743.6300,749.9566,743.3999,0.9998,1.0000
1781277600,2026-06-12,744.1500,750.1636,743.8083,1.0000,1.0000
1781278200,2026-06-12,741.9300,748.0772,741.6829,1.0000,1.0000
1781278800,2026-06-12,739.5400,745.6168,739.1962,1.0000,1.0000
1781279400,2026-06-12,738.8900,744.9195,738.5009,1.0000,1.0000
1781280000,2026-06-12,739.6350,745.8797,739.2387,1.0000,1.0000
1781280600,2026-06-12,740.6100,746.9689,740.2817,1.0000,1.0000
1781281200,2026-06-12,740.6100,747.0775,740.3279,1.0000,1.0000
1781281800,2026-06-12,740.7200,747.1962,740.4067,1.0000,1.0000
1781282400,2026-06-12,741.3800,748.0556,741.0672,0.9998,1.0000
1781283000,2026-06-12,741.5600,748.3058,741.2725,1.0000,1.0000
1781283600,2026-06-12,742.3000,749.1627,742.1017,1.0000,1.0000
1781284200,2026-06-12,742.5100,749.4159,742.2820,0.9998,1.0000
1781284800,2026-06-12,742.0900,749.0982,741.9342,1.0000,1.0000
1781285400,2026-06-12,741.7300,748.8365,741.5464,1.0000,1.0000
1781286000,2026-06-12,741.8559,748.9524,741.6239,0.9995,1.0000
1781286600,2026-06-12,741.3000,748.4035,741.1379,1.0000,1.0000
1781287200,2026-06-12,740.9750,747.8796,740.7916,1.0000,1.0000
1781287800,2026-06-12,740.6800,747.5458,740.4789,1.0000,1.0000
1781288400,2026-06-12,741.2600,748.1953,741.0344,1.0000,1.0000
1781289000,2026-06-12,741.7450,748.5859,741.4909,1.0000,1.0000
1781289600,2026-06-12,741.9700,748.7769,741.7698,1.0000,1.0000
1781290200,2026-06-12,741.0100,747.6606,740.8223,1.0000,1.0000
1781290800,2026-06-12,741.7750,748.4882,741.5934,1.0000,1.0000
1781291400,2026-06-12,741.6700,748.4050,741.4970,1.0000,1.0000
1781292000,2026-06-12,741.4200,748.0714,741.2541,1.0000,1.0000
1781292600,2026-06-12,740.6200,747.2371,740.4881,1.0000,1.0000
1781293200,2026-06-12,740.9100,747.5329,740.7690,1.0000,1.0000
1781293800,2026-06-12,741.6300,748.1949,741.5982,1.0000,1.0000
1781530200,2026-06-15,753.0713,759.2704,752.6632,1.0000,1.0000
1781530800,2026-06-15,753.8000,760.1806,753.4402,1.0000,1.0000
1781531400,2026-06-15,753.3200,759.4301,752.9245,1.0000,1.0000
1781532000,2026-06-15,753.2300,759.4386,752.8328,1.0000,1.0000
1781532600,2026-06-15,753.3000,759.2050,752.9142,1.0000,1.0000
1781533200,2026-06-15,753.6500,759.4876,753.3472,1.0000,1.0000
1781533800,2026-06-15,753.3900,759.3154,753.0421,1.0000,1.0000
1781534400,2026-06-15,753.5150,759.2191,753.0989,1.0000,1.0000
1781535000,2026-06-15,754.1922,759.8374,753.8138,1.0000,1.0000
1781535600,2026-06-15,754.6900,760.4604,754.3211,0.9997,1.0000
1781536200,2026-06-15,754.5800,760.2609,754.2970,1.0000,1.0000
1781536800,2026-06-15,755.1400,760.6421,754.7868,1.0000,1.0000
1781537400,2026-06-15,755.2500,760.6504,754.9056,1.0000,1.0000
1781538000,2026-06-15,755.9901,761.3216,755.6776,1.0000,1.0000
1781538600,2026-06-15,756.1400,761.4435,755.7611,1.0000,1.0000
1781539200,2026-06-15,756.2900,761.6422,755.9195,1.0000,1.0000
1781539800,2026-06-15,756.1300,761.5999,755.8130,0.9998,1.0000
1781540400,2026-06-15,756.5000,761.9131,756.1235,0.9998,1.0000
1781541000,2026-06-15,755.9300,761.3910,755.5940,1.0000,1.0000
1781541600,2026-06-15,755.6900,761.0946,755.3826,1.0000,1.0000
1781542200,2026-06-15,755.8500,761.1643,755.5580,1.0000,1.0000
1781542800,2026-06-15,755.4074,760.6536,755.1040,1.0000,1.0000
1781543400,2026-06-15,755.9850,761.1295,755.7124,0.9997,1.0000
1781544000,2026-06-15,756.1300,761.4446,755.8190,1.0000,1.0000
1781544600,2026-06-15,756.0200,761.3074,755.7504,1.0000,1.0000
1781545200,2026-06-15,755.7600,760.9840,755.5318,1.0000,1.0000
1781545800,2026-06-15,755.2050,760.4901,754.9632,1.0000,1.0000
1781546400,2026-06-15,755.0200,760.3102,754.7607,1.0000,1.0000
1781547000,2026-06-15,755.1200,760.5055,754.8933,1.0000,1.0000
1781547600,2026-06-15,754.7200,760.0815,754.4749,1.0000,1.0000
1781548200,2026-06-15,755.2000,760.6692,754.9908,1.0000,1.0000
1781548800,2026-06-15,755.2200,760.6797,755.0131,1.0000,1.0000
1781549400,2026-06-15,755.0000,760.2151,754.7169,1.0000,1.0000
1781550000,2026-06-15,754.8400,760.1831,754.6224,1.0000,1.0000
1781550600,2026-06-15,754.9600,760.4553,754.7027,1.0000,1.0000
1781551200,2026-06-15,754.3700,759.8882,754.1028,1.0000,1.0000
1781551800,2026-06-15,754.3700,760.0654,754.1157,1.0000,1.0000
1781552400,2026-06-15,754.7000,760.4085,754.4901,1.0000,1.0000
1781553000,2026-06-15,754.6600,760.1796,754.2240,1.0000,1.0000
1781616600,2026-06-16,754.7700,761.4563,754.3514,1.0000,1.0000
1781617200,2026-06-16,755.1500,761.8491,754.8337,1.0000,1.0000
1781617800,2026-06-16,754.0900,760.6699,753.7702,1.0000,1.0000
1781618400,2026-06-16,755.0700,760.9236,754.8390,1.0000,1.0000
1781619000,2026-06-16,753.9800,759.4200,753.6952,1.0000,1.0000
1781619600,2026-06-16,753.0600,758.4230,752.7742,1.0000,1.0000
1781620200,2026-06-16,753.6000,758.8242,753.1967,1.0000,1.0000
1781620800,2026-06-16,753.1100,757.8643,752.7179,1.0000,1.0000
1781621400,2026-06-16,752.9300,757.2495,752.5925,0.9998,1.0000
1781622000,2026-06-16,753.4200,757.6381,753.0477,1.0000,1.0000
1781622600,2026-06-16,753.0300,757.4134,752.6621,1.0000,1.0000
1781623200,2026-06-16,752.6499,756.7272,752.1906,1.0000,1.0000
1781623800,2026-06-16,752.8200,756.6990,752.3986,1.0000,1.0000
1781624400,2026-06-16,752.2299,756.0107,751.7200,1.0000,1.0000
1781625000,2026-06-16,752.7500,756.9054,752.2753,1.0000,1.0000
1781625600,2026-06-16,753.5000,757.9498,752.9964,1.0000,1.0000
1781626200,2026-06-16,753.6000,758.1976,753.1265,1.0000,1.0000
1781626800,2026-06-16,753.3600,758.0063,752.8739,1.0000,1.0000
1781627400,2026-06-16,752.7300,757.1307,752.2218,1.0000,1.0000
1781628000,2026-06-16,752.7395,757.2770,752.1890,1.0000,1.0000
1781628600,2026-06-16,752.7300,757.4094,752.2103,1.0000,1.0000
1781629200,2026-06-16,752.4450,757.0230,751.9003,1.0000,1.0000
1781629800,2026-06-16,752.1200,756.6887,751.6199,0.9997,1.0000
1781630400,2026-06-16,752.1900,756.7987,751.7025,0.9997,1.0000
1781631000,2026-06-16,751.6700,756.1575,751.1081,1.0000,1.0000
1781631600,2026-06-16,752.1100,756.7753,751.6072,1.0000,1.0000
1781632200,2026-06-16,752.1200,756.8079,751.6286,1.0000,1.0000
1781632800,2026-06-16,751.9600,756.6286,751.5274,1.0000,1.0000
1781633400,2026-06-16,751.9500,756.4252,751.4941,1.0000,1.0000
1781634000,2026-06-16,752.1350,756.6676,751.6715,0.9997,1.0000
1781634600,2026-06-16,752.0600,756.4647,751.6023,0.9998,1.0000
1781635200,2026-06-16,751.8100,756.2156,751.3460,1.0000,1.0000
1781635800,2026-06-16,751.7800,755.9696,751.2585,1.0000,1.0000
1781636400,2026-06-16,751.3505,755.5621,750.8306,1.0000,1.0000
1781637000,2026-06-16,751.0200,755.0944,750.4787,1.0000,1.0000
1781637600,2026-06-16,751.2200,755.5073,750.7061,1.0000,1.0000
1781638200,2026-06-16,750.4500,754.6229,749.9468,1.0000,1.0000
1781638800,2026-06-16,750.8000,754.9722,750.3250,1.0000,1.0000
1781639400,2026-06-16,750.3900,754.1500,749.5858,1.0000,1.0000
1781703000,2026-06-17,750.4000,755.3978,749.8067,1.0000,1.0000
1781703600,2026-06-17,751.1412,756.3944,750.5869,1.0000,1.0000
1781704200,2026-06-17,749.8794,754.9503,749.1790,1.0000,1.0000
1781704800,2026-06-17,750.6700,755.7263,749.9760,1.0000,1.0000
1781705400,2026-06-17,751.3199,756.4995,750.7454,1.0000,1.0000
1781706000,2026-06-17,751.6900,756.8939,751.0699,1.0000,1.0000
1781706600,2026-06-17,750.0400,755.3921,749.3708,1.0000,1.0000
1781707200,2026-06-17,749.4100,754.5052,748.7350,0.9996,1.0000
1781707800,2026-06-17,749.0600,754.4344,748.4418,0.9998,1.0000
1781708400,2026-06-17,748.7400,754.2955,748.1062,1.0000,1.0000
1781709000,2026-06-17,749.8000,755.2802,749.1774,1.0000,1.0000
1781709600,2026-06-17,750.0000,755.7223,749.3770,1.0000,1.0000
1781710200,2026-06-17,750.7150,756.4447,750.1102,1.0000,1.0000
1781710800,2026-06-17,750.6692,756.5489,750.0822,1.0000,1.0000
1781711400,2026-06-17,750.6200,756.2873,750.0154,0.9996,1.0000
1781712000,2026-06-17,750.6300,756.4120,750.0119,1.0000,1.0000
1781712600,2026-06-17,750.9300,756.3929,750.3169,1.0000,1.0000
1781713200,2026-06-17,750.7600,756.2347,750.2112,1.0000,1.0000
1781713800,2026-06-17,750.5250,756.1365,749.9576,1.0000,1.0000
1781714400,2026-06-17,750.0500,755.6637,749.4336,1.0000,1.0000
1781715000,2026-06-17,750.0050,755.5972,749.4207,1.0000,1.0000
1781715600,2026-06-17,749.4350,755.0372,748.8123,1.0000,1.0000
1781716200,2026-06-17,749.4300,755.1050,748.8014,0.9997,1.0000
1781716800,2026-06-17,749.6600,755.2438,749.0640,1.0000,1.0000
1781717400,2026-06-17,749.6200,755.2215,749.0348,0.9998,1.0000
1781718000,2026-06-17,749.6500,755.1377,749.0301,1.0000,1.0000
1781718600,2026-06-17,750.8650,756.1517,750.1813,1.0000,1.0000
1781719200,2026-06-17,746.6900,751.8459,746.1287,1.0000,1.0000
1781719800,2026-06-17,747.6450,753.1412,747.1425,1.0000,1.0000
1781720400,2026-06-17,746.2250,751.5094,745.6766,1.0000,1.0000
1781721000,2026-06-17,748.0350,753.8555,747.6106,1.0000,1.0000
1781721600,2026-06-17,748.8000,754.7698,748.3561,1.0000,1.0000
1781722200,2026-06-17,746.0000,751.7378,745.4639,1.0000,1.0000
1781722800,2026-06-17,745.7300,751.4459,745.2011,1.0000,1.0000
1781723400,2026-06-17,744.1200,749.7692,743.6464,1.0000,1.0000
1781724000,2026-06-17,742.0600,747.6877,741.5384,1.0000,1.0000
1781724600,2026-06-17,739.5300,744.5003,738.8743,1.0000,1.0000
1781725200,2026-06-17,740.8200,745.6200,740.1895,1.0000,1.0000
1781725800,2026-06-17,741.0200,745.5438,740.2825,1.0000,1.0000
1781789400,2026-06-18,744.5800,752.5679,745.8025,1.0000,1.0000
1781790000,2026-06-18,745.2000,753.1938,746.3108,1.0000,1.0000
1781790600,2026-06-18,744.7500,752.4468,745.8356,1.0000,1.0000
1781791200,2026-06-18,745.8100,753.2575,747.1059,1.0000,1.0000
1781791800,2026-06-18,746.1600,753.5759,747.3613,1.0000,1.0000
1781792400,2026-06-18,745.3700,752.7481,746.4310,1.0000,1.0000
1781793000,2026-06-18,746.5000,754.0439,747.7543,1.0000,1.0000
1781793600,2026-06-18,747.0900,754.6104,748.4201,1.0000,1.0000
1781794200,2026-06-18,746.8400,754.5855,748.1516,1.0000,1.0000
1781794800,2026-06-18,746.3900,754.0751,747.7107,1.0000,1.0000
1781795400,2026-06-18,745.6898,753.4303,747.0707,1.0000,1.0000
1781796000,2026-06-18,745.3800,752.9494,746.7517,1.0000,1.0000
1781796600,2026-06-18,744.9100,752.4132,746.3115,1.0000,1.0000
1781797200,2026-06-18,745.2200,752.7786,746.5908,0.9997,1.0000
1781797800,2026-06-18,746.2501,753.7738,747.7199,1.0000,1.0000
1781798400,2026-06-18,746.0900,753.7072,747.5274,1.0000,1.0000
1781799000,2026-06-18,746.1700,753.6561,747.6457,1.0000,1.0000
1781799600,2026-06-18,746.6500,754.1044,748.1055,1.0000,1.0000
1781800200,2026-06-18,747.1500,754.4544,748.5690,1.0000,1.0000
1781800800,2026-06-18,746.8900,754.2569,748.3540,1.0000,1.0000
1781801400,2026-06-18,746.6400,754.1928,748.0973,0.9998,1.0000
1781802000,2026-06-18,747.4700,755.0570,748.9629,1.0000,1.0000
1781802600,2026-06-18,747.9850,755.5575,749.4699,1.0000,1.0000
1781803200,2026-06-18,747.5500,755.0910,749.0447,1.0000,1.0000
1781803800,2026-06-18,747.3300,754.9460,748.8893,0.9998,1.0000
1781804400,2026-06-18,747.2600,754.8715,748.8172,1.0000,1.0000
1781805000,2026-06-18,747.0100,754.5533,748.5331,1.0000,1.0000
1781805600,2026-06-18,746.6300,754.2689,748.1177,1.0000,1.0000
1781806200,2026-06-18,746.6150,754.2591,748.0989,1.0000,1.0000
1781806800,2026-06-18,746.5000,754.1674,747.9819,1.0000,1.0000
1781807400,2026-06-18,746.2400,753.6128,747.6868,1.0000,1.0000
1781808000,2026-06-18,746.7999,754.1140,748.2430,1.0000,1.0000
1781808600,2026-06-18,746.3850,753.7496,747.8553,1.0000,1.0000
1781809200,2026-06-18,745.9150,753.2924,747.3649,1.0000,1.0000
1781809800,2026-06-18,745.8900,753.2780,747.3390,1.0000,1.0000
1781810400,2026-06-18,746.0100,753.3891,747.4983,1.0000,1.0000
1781811000,2026-06-18,746.9650,754.2988,748.4077,1.0000,1.0000
1781811600,2026-06-18,747.0000,754.1987,748.4531,1.0000,1.0000
1781812200,2026-06-18,746.5600,753.5335,748.0519,1.0000,1.0000
1782135000,2026-06-22,749.7680,755.8595,750.8146,1.0000,1.0000
1782135600,2026-06-22,749.5000,755.8153,750.6675,1.0000,1.0000
1782136200,2026-06-22,749.9100,756.5077,751.1468,1.0000,1.0000
1782136800,2026-06-22,749.9400,756.5638,751.0832,1.0000,1.0000
1782137400,2026-06-22,748.4600,755.3635,749.6352,1.0000,1.0000
1782138000,2026-06-22,746.5100,753.6347,747.7512,1.0000,1.0000
1782138600,2026-06-22,745.5000,752.4827,746.7144,1.0000,1.0000
1782139200,2026-06-22,744.8000,751.8865,745.9502,1.0000,1.0000
1782139800,2026-06-22,744.7200,752.1443,745.7987,1.0000,1.0000
1782140400,2026-06-22,744.2950,751.8422,745.4112,1.0000,1.0000
1782141000,2026-06-22,744.1900,751.8220,745.2966,1.0000,1.0000
1782141600,2026-06-22,744.3900,751.9060,745.5197,1.0000,1.0000
1782142200,2026-06-22,745.1750,752.2663,746.3353,1.0000,1.0000
1782142800,2026-06-22,744.4100,751.5693,745.5699,1.0000,1.0000
1782143400,2026-06-22,744.6100,751.6861,745.7218,1.0000,1.0000
1782144000,2026-06-22,744.2000,751.3083,745.3157,1.0000,1.0000
1782144600,2026-06-22,744.9600,752.0516,746.0629,1.0000,1.0000
1782145200,2026-06-22,744.7850,751.7959,745.8597,1.0000,1.0000
1782145800,2026-06-22,744.4000,751.4944,745.4967,1.0000,1.0000
1782146400,2026-06-22,744.9650,752.0090,746.0548,1.0000,1.0000
1782147000,2026-06-22,744.9500,752.1116,746.0518,1.0000,1.0000
1782147600,2026-06-22,744.2000,751.4208,745.3695,1.0000,1.0000
1782148200,2026-06-22,745.0500,752.1447,746.1749,1.0000,1.0000
1782148800,2026-06-22,744.7000,751.8454,745.8039,1.0000,1.0000
1782149400,2026-06-22,744.4700,751.6045,745.5524,1.0000,1.0000
1782150000,2026-06-22,744.8000,751.9832,745.8903,1.0000,1.0000
1782150600,2026-06-22,744.6900,751.9583,745.8190,1.0000,1.0000
1782151200,2026-06-22,744.9250,752.1113,746.0228,1.0000,1.0000
1782151800,2026-06-22,745.2250,752.4130,746.3257,1.0000,1.0000
1782152400,2026-06-22,745.1299,752.3342,746.2291,1.0000,1.0000
1782153000,2026-06-22,744.9300,752.0302,746.0621,1.0000,1.0000
1782153600,2026-06-22,744.7700,751.8406,745.8634,1.0000,1.0000
1782154200,2026-06-22,743.7250,750.8069,744.8249,1.0000,1.0000
1782154800,2026-06-22,743.6700,750.6900,744.7686,1.0000,1.0000
1782155400,2026-06-22,744.1400,751.0423,745.1865,1.0000,1.0000
1782156000,2026-06-22,743.4050,750.2643,744.5156,1.0000,1.0000
1782156600,2026-06-22,743.5600,750.7126,744.6401,1.0000,1.0000
1782157200,2026-06-22,743.7700,751.0375,744.8867,1.0000,1.0000
1782157800,2026-06-22,744.3700,751.7502,745.4265,1.0000,1.0000
1782221400,2026-06-23,734.3800,740.4087,735.6151,1.0000,1.0000
1782222000,2026-06-23,736.4000,742.2248,737.4988,1.0000,1.0000
1782222600,2026-06-23,737.1700,743.2414,738.2417,1.0000,1.0000
1782223200,2026-06-23,738.3800,744.5299,739.4821,1.0000,1.0000
1782223800,2026-06-23,739.1400,745.3900,740.2446,1.0000,1.0000
1782224400,2026-06-23,738.9000,745.0259,740.0203,1.0000,1.0000
1782225000,2026-06-23,737.6000,743.8123,738.7811,1.0000,1.0000
1782225600,2026-06-23,737.3250,743.3683,738.4504,1.0000,1.0000
1782226200,2026-06-23,737.0300,743.3321,738.1154,1.0000,1.0000
1782226800,2026-06-23,735.9600,742.3917,737.0908,1.0000,1.0000
1782227400,2026-06-23,735.2300,741.6480,736.3607,1.0000,1.0000
1782228000,2026-06-23,734.5900,741.0952,735.6674,1.0000,1.0000
1782228600,2026-06-23,734.5000,741.0798,735.6059,0.9997,1.0000
1782229200,2026-06-23,735.0850,741.5888,736.1650,1.0000,1.0000
1782229800,2026-06-23,735.9700,742.5886,737.0836,1.0000,1.0000
1782230400,2026-06-23,737.1800,743.9964,738.2408,1.0000,1.0000
1782231000,2026-06-23,737.0600,743.8622,738.1077,1.0000,1.0000
1782231600,2026-06-23,737.3800,744.1565,738.4462,1.0000,1.0000
1782232200,2026-06-23,737.4800,744.2359,738.5697,1.0000,1.0000
1782232800,2026-06-23,737.4000,743.9938,738.4650,1.0000,1.0000
1782233400,2026-06-23,737.4440,744.0889,738.5197,1.0000,1.0000
1782234000,2026-06-23,736.9300,743.4956,738.0281,1.0000,1.0000
1782234600,2026-06-23,737.1100,743.7561,738.1781,1.0000,1.0000
1782235200,2026-06-23,737.5300,744.1609,738.6096,1.0000,1.0000
1782235800,2026-06-23,737.5400,744.1189,738.6329,1.0000,1.0000
1782236400,2026-06-23,737.2750,743.7259,738.3379,1.0000,1.0000
1782237000,2026-06-23,735.7950,742.2854,736.8896,1.0000,1.0000
1782237600,2026-06-23,735.7700,742.2062,736.8515,1.0000,1.0000
1782238200,2026-06-23,735.5800,742.0991,736.6887,0.9997,1.0000
1782238800,2026-06-23,735.4000,741.9872,736.4942,1.0000,1.0000
1782239400,2026-06-23,734.9100,741.4799,735.9840,1.0000,1.0000
1782240000,2026-06-23,733.9605,740.4352,735.0217,1.0000,1.0000
1782240600,2026-06-23,734.0225,740.5884,735.1409,1.0000,1.0000
1782241200,2026-06-23,734.4400,741.0256,735.5418,1.0000,1.0000
1782241800,2026-06-23,733.8000,740.4062,734.9197,1.0000,1.0000
1782242400,2026-06-23,735.0100,741.7814,736.1221,1.0000,1.0000
1782243000,2026-06-23,734.6100,741.3296,735.7194,1.0000,1.0000
1782243600,2026-06-23,734.7100,741.2883,735.7886,1.0000,1.0000
1782244200,2026-06-23,733.6700,740.6362,734.8604,1.0000,1.0000
1782307800,2026-06-24,736.3600,742.6835,737.5379,1.0000,1.0000
1782308400,2026-06-24,735.4900,742.2334,736.6418,1.0000,1.0000
1782309000,2026-06-24,735.9350,742.6364,737.0964,1.0000,1.0000
1782309600,2026-06-24,735.7400,742.5016,736.8014,1.0000,1.0000
1782310200,2026-06-24,734.8800,741.6152,735.9661,1.0000,1.0000
1782310800,2026-06-24,736.4900,743.3208,737.6254,1.0000,1.0000
1782311400,2026-06-24,736.2500,743.1968,737.3184,0.9998,1.0000
1782312000,2026-06-24,738.3100,744.8937,739.3814,1.0000,1.0000
1782312600,2026-06-24,739.6600,746.4092,740.7419,1.0000,1.0000
1782313200,2026-06-24,738.4350,745.0969,739.5481,1.0000,1.0000
1782313800,2026-06-24,739.1601,745.8747,740.2601,1.0000,1.0000
1782314400,2026-06-24,739.6400,746.1044,740.7058,1.0000,1.0000
1782315000,2026-06-24,738.8600,745.2891,739.9121,1.0000,1.0000
1782315600,2026-06-24,738.6600,745.0818,739.7277,1.0000,1.0000
1782316200,2026-06-24,738.3400,744.7514,739.3927,1.0000,1.0000
1782316800,2026-06-24,738.1500,744.6254,739.2202,1.0000,1.0000
1782317400,2026-06-24,738.3000,744.8763,739.3530,1.0000,1.0000
1782318000,2026-06-24,738.0800,744.6285,739.1289,1.0000,1.0000
1782318600,2026-06-24,736.5300,743.1125,737.5588,1.0000,1.0000
1782319200,2026-06-24,736.3400,742.9388,737.4000,1.0000,1.0000
1782319800,2026-06-24,735.6900,742.1522,736.6954,1.0000,1.0000
1782320400,2026-06-24,734.9631,741.4160,735.9841,1.0000,1.0000
1782321000,2026-06-24,733.8200,740.2154,734.8610,1.0000,1.0000
1782321600,2026-06-24,732.1600,738.5200,733.2365,1.0000,1.0000
1782322200,2026-06-24,732.5300,739.0110,733.5369,1.0000,1.0000
1782322800,2026-06-24,732.4600,738.9459,733.4921,1.0000,1.0000
1782323400,2026-06-24,731.8700,738.3428,732.9203,1.0000,1.0000
1782324000,2026-06-24,733.0100,739.5400,734.0313,1.0000,1.0000
1782324600,2026-06-24,733.7700,740.6175,734.8239,1.0000,1.0000
1782325200,2026-06-24,734.3400,741.4995,735.3477,1.0000,1.0000
1782325800,2026-06-24,733.6200,740.7015,734.6401,1.0000,1.0000
1782326400,2026-06-24,731.8000,739.0045,732.7975,1.0000,1.0000
1782327000,2026-06-24,731.9300,739.0911,732.9228,1.0000,1.0000
1782327600,2026-06-24,731.3250,738.4569,732.3602,1.0000,1.0000
1782328200,2026-06-24,731.6000,738.6723,732.6273,1.0000,1.0000
1782328800,2026-06-24,731.9800,739.1171,733.0255,1.0000,1.0000
1782329400,2026-06-24,731.7800,738.9862,732.7932,1.0000,1.0000
1782330000,2026-06-24,732.0600,739.3239,733.0823,1.0000,1.0000
1782330600,2026-06-24,733.1200,740.4218,734.0000,1.0000,1.0000
1782394200,2026-06-25,736.9600,747.0728,737.5079,1.0000,1.0000
1782394800,2026-06-25,732.8899,742.8843,733.6468,1.0000,1.0000
1782395400,2026-06-25,729.8500,739.3606,730.6687,0.9998,1.0000
1782396000,2026-06-25,734.9100,744.5887,735.7457,1.0000,1.0000
1782396600,2026-06-25,735.5600,745.4242,736.3954,1.0000,1.0000
1782397200,2026-06-25,735.4750,745.2675,736.3279,1.0000,1.0000
1782397800,2026-06-25,736.6450,746.4693,737.4956,1.0000,1.0000
1782398400,2026-06-25,736.3500,746.0617,737.1362,1.0000,1.0000
1782399000,2026-06-25,735.2300,745.0243,736.0230,1.0000,1.0000
1782399600,2026-06-25,734.7600,744.5389,735.5640,1.0000,1.0000
1782400200,2026-06-25,733.6700,743.2320,734.4306,1.0000,1.0000
1782400800,2026-06-25,734.2900,743.7450,735.0561,0.9997,1.0000
1782401400,2026-06-25,734.2100,743.7696,735.0587,0.9998,1.0000
1782402000,2026-06-25,734.4490,744.0169,735.2840,0.9998,1.0000
1782402600,2026-06-25,734.1400,743.6724,734.9230,1.0000,1.0000
1782403200,2026-06-25,735.3300,745.3016,736.0650,1.0000,1.0000
1782403800,2026-06-25,735.5000,745.6087,736.2712,1.0000,1.0000
1782404400,2026-06-25,734.1900,744.4847,734.9432,1.0000,1.0000
1782405000,2026-06-25,732.7700,743.0150,733.5656,1.0000,1.0000
1782405600,2026-06-25,732.8000,742.9650,733.5769,1.0000,1.0000
1782406200,2026-06-25,732.5400,742.7007,733.3199,0.9997,1.0000
1782406800,2026-06-25,732.7000,742.8582,733.4311,1.0000,1.0000
1782407400,2026-06-25,732.5100,742.7320,733.3095,1.0000,1.0000
1782408000,2026-06-25,733.2600,743.4016,733.9869,1.0000,1.0000
1782408600,2026-06-25,733.3400,743.5116,734.0135,1.0000,1.0000
1782409200,2026-06-25,731.8600,742.1533,732.5964,0.9997,1.0000
1782409800,2026-06-25,733.4500,743.7820,734.2105,1.0000,1.0000
1782410400,2026-06-25,733.4250,743.5245,734.1492,1.0000,1.0000
1782411000,2026-06-25,734.8200,744.7832,735.6338,1.0000,1.0000
1782411600,2026-06-25,735.8400,745.7474,736.6114,1.0000,1.0000
1782412200,2026-06-25,734.4600,744.2022,735.1522,1.0000,1.0000
1782412800,2026-06-25,733.5650,743.3828,734.3151,0.9997,1.0000
1782413400,2026-06-25,733.8800,743.6752,734.6111,1.0000,1.0000
1782414000,2026-06-25,733.0900,742.9330,733.8439,1.0000,1.0000
1782414600,2026-06-25,732.2300,742.1872,733.0176,1.0000,1.0000
1782415200,2026-06-25,732.3924,742.4773,733.2020,1.0000,1.0000
1782415800,2026-06-25,732.0892,742.1192,732.8462,0.9998,1.0000
1782416400,2026-06-25,731.7550,741.9154,732.4973,1.0000,1.0000
1782417000,2026-06-25,733.2600,743.2834,733.8369,1.0000,1.0000
1782480600,2026-06-26,728.1300,737.8245,728.9779,1.0000,1.0000
1782481200,2026-06-26,728.7100,738.5315,729.5769,1.0000,1.0000
1782481800,2026-06-26,730.8950,740.8576,731.6899,1.0000,1.0000
1782482400,2026-06-26,733.0200,742.8704,733.7996,1.0000,1.0000
1782483000,2026-06-26,732.6100,742.3110,733.4076,1.0000,1.0000
1782483600,2026-06-26,733.4900,743.2826,734.2857,1.0000,1.0000
1782484200,2026-06-26,732.1800,741.7760,733.0140,1.0000,1.0000
1782484800,2026-06-26,732.8800,742.3776,733.8249,1.0000,1.0000
1782485400,2026-06-26,732.4500,741.8631,733.3214,1.0000,1.0000
1782486000,2026-06-26,733.0600,742.3437,733.9060,1.0000,1.0000
1782486600,2026-06-26,733.0600,742.3379,733.9084,1.0000,1.0000
1782487200,2026-06-26,734.6700,743.9112,735.5702,1.0000,1.0000
1782487800,2026-06-26,735.7519,745.1436,736.7510,1.0000,1.0000
1782488400,2026-06-26,735.5700,744.7336,736.5001,1.0000,1.0000
1782489000,2026-06-26,735.4000,744.6545,736.3477,1.0000,1.0000
1782489600,2026-06-26,734.2500,743.5673,735.2083,1.0000,1.0000
1782490200,2026-06-26,734.0000,743.3621,734.9756,1.0000,1.0000
1782490800,2026-06-26,733.4200,742.8318,734.3638,1.0000,1.0000
1782491400,2026-06-26,734.3900,743.8610,735.3084,1.0000,1.0000
1782492000,2026-06-26,734.3550,743.7981,735.2487,1.0000,1.0000
1782492600,2026-06-26,734.4700,743.8810,735.3808,1.0000,1.0000
1782493200,2026-06-26,735.6500,745.1461,736.5547,1.0000,1.0000
1782493800,2026-06-26,734.4400,743.7971,735.3475,1.0000,1.0000
1782494400,2026-06-26,734.7200,744.0853,735.6567,1.0000,1.0000
1782495000,2026-06-26,734.0500,743.4387,734.9206,0.9997,1.0000
1782495600,2026-06-26,733.8600,743.2179,734.7895,0.9998,1.0000
1782496200,2026-06-26,733.6600,742.9290,734.6187,1.0000,1.0000
1782496800,2026-06-26,734.1900,743.3291,735.1043,1.0000,1.0000
1782497400,2026-06-26,733.4000,742.5138,734.3230,0.9997,1.0000
1782498000,2026-06-26,732.8300,741.9384,733.7649,1.0000,1.0000
1782498600,2026-06-26,732.8900,741.9976,733.8248,1.0000,1.0000
1782499200,2026-06-26,732.0299,741.1230,732.9345,0.9997,1.0000
1782499800,2026-06-26,731.6200,740.6342,732.5200,1.0000,1.0000
1782500400,2026-06-26,732.3500,741.3812,733.2354,1.0000,1.0000
1782501000,2026-06-26,732.7500,741.7286,733.6430,1.0000,1.0000
1782501600,2026-06-26,732.1900,741.3837,733.0622,1.0000,1.0000
1782502200,2026-06-26,732.3325,741.3583,733.1662,1.0000,1.0000
1782502800,2026-06-26,733.0500,741.9935,733.8754,1.0000,1.0000
1782503400,2026-06-26,729.0900,740.3470,731.5334,1.0000,1.0000
1782739800,2026-06-29,738.0299,746.5182,739.1560,0.9978,1.0000
1782740400,2026-06-29,738.8500,747.7903,739.9523,0.9978,1.0000
1782741000,2026-06-29,736.8899,745.4938,737.9029,0.9978,1.0000
1782741600,2026-06-29,735.0515,743.5268,736.1900,0.9978,1.0000
1782742200,2026-06-29,733.6900,742.1318,734.8712,0.9978,1.0000
1782742800,2026-06-29,736.0700,744.8206,737.3666,0.9978,1.0000
1782743400,2026-06-29,737.1400,745.6227,738.3364,0.9978,1.0000
1782744000,2026-06-29,736.6600,745.2083,737.9122,0.9978,1.0000
1782744600,2026-06-29,737.8600,746.6471,739.0403,0.9978,1.0000
1782745200,2026-06-29,737.2100,745.9541,738.2817,0.9978,1.0000
1782745800,2026-06-29,736.9700,745.7706,738.1006,0.9978,1.0000
1782746400,2026-06-29,737.7700,746.5597,738.9109,0.9978,1.0000
1782747000,2026-06-29,738.0500,746.8343,739.0980,0.9978,1.0000
1782747600,2026-06-29,737.9100,746.9434,738.9481,0.9978,1.0000
1782748200,2026-06-29,738.5100,747.5588,739.5656,0.9978,1.0000
1782748800,2026-06-29,738.7901,748.1743,739.8847,0.9978,1.0000
1782749400,2026-06-29,738.5800,748.0733,739.6625,0.9978,1.0000
1782750000,2026-06-29,738.3300,747.9523,739.4780,0.9978,1.0000
1782750600,2026-06-29,738.4450,748.0572,739.5268,0.9978,1.0000
1782751200,2026-06-29,738.4600,748.1411,739.6179,0.9978,1.0000
1782751800,2026-06-29,738.6800,748.1746,739.8233,0.9978,1.0000
1782752400,2026-06-29,739.2600,748.8497,740.4677,0.9978,1.0000
1782753000,2026-06-29,740.0750,749.5873,741.2645,0.9978,1.0000
1782753600,2026-06-29,740.1400,749.5809,741.3455,0.9978,1.0000
1782754200,2026-06-29,740.3200,749.7839,741.4813,0.9978,1.0000
1782754800,2026-06-29,740.4900,749.9396,741.6491,0.9978,1.0000
1782755400,2026-06-29,740.4100,749.8429,741.5947,0.9978,1.0000
1782756000,2026-06-29,740.5200,750.1627,741.6963,0.9978,1.0000
1782756600,2026-06-29,740.4200,750.0817,741.6187,0.9978,1.0000
1782757200,2026-06-29,740.2150,749.7701,741.3810,0.9978,1.0000
1782757800,2026-06-29,740.7950,750.3465,741.9403,0.9975,1.0000
1782758400,2026-06-29,740.9600,750.6827,742.1929,0.9978,1.0000
1782759000,2026-06-29,740.6850,750.3330,741.9266,0.9978,1.0000
1782759600,2026-06-29,740.7600,750.2391,742.0316,0.9978,1.0000
1782760200,2026-06-29,740.6400,750.1981,741.9291,0.9978,1.0000
1782760800,2026-06-29,740.8700,750.4482,742.1170,0.9978,1.0000
1782761400,2026-06-29,740.7200,750.1827,742.0273,0.9978,1.0000
1782762000,2026-06-29,740.8600,750.2559,742.1292,0.9978,1.0000
1782762600,2026-06-29,740.8800,750.3847,742.2078,0.9978,1.0000
1782826200,2026-06-30,741.4700,750.7106,742.4314,1.0000,1.0000
1782826800,2026-06-30,742.0100,751.3804,743.0019,1.0000,1.0000
1782827400,2026-06-30,743.9200,753.4660,744.8497,1.0000,1.0000
1782828000,2026-06-30,743.5400,752.9463,744.4066,1.0000,1.0000
1782828600,2026-06-30,743.5600,752.9593,744.4620,1.0000,1.0000
1782829200,2026-06-30,744.4800,753.9609,745.2946,0.9998,1.0000
1782829800,2026-06-30,744.5550,753.8547,745.4062,1.0000,1.0000
1782830400,2026-06-30,743.8700,753.1555,744.6877,0.9997,1.0000
1782831000,2026-06-30,743.3199,752.4101,744.1684,1.0000,1.0000
1782831600,2026-06-30,744.4250,753.7764,745.2403,0.9998,1.0000
1782832200,2026-06-30,744.5500,753.6707,745.4126,1.0000,1.0000
1782832800,2026-06-30,745.2600,754.4611,746.1165,0.9998,1.0000
1782833400,2026-06-30,744.9400,754.1012,745.8463,1.0000,1.0000
1782834000,2026-06-30,745.4150,754.6356,746.3187,0.9997,1.0000
1782834600,2026-06-30,745.7900,754.9926,746.6492,1.0000,1.0000
1782835200,2026-06-30,746.0850,755.3611,746.9245,0.9997,1.0000
1782835800,2026-06-30,746.3900,755.7107,747.3026,0.9997,1.0000
1782836400,2026-06-30,746.2900,755.6460,747.1845,1.0000,1.0000
1782837000,2026-06-30,746.4200,755.6591,747.2958,1.0000,1.0000
1782837600,2026-06-30,746.7900,755.9942,747.7421,1.0000,1.0000
1782838200,2026-06-30,746.7700,755.9743,747.6635,1.0000,1.0000
1782838800,2026-06-30,746.8700,756.2366,747.7882,1.0000,1.0000
1782839400,2026-06-30,746.6400,756.0157,747.5295,1.0000,1.0000
1782840000,2026-06-30,746.4900,755.9340,747.3614,1.0000,1.0000
1782840600,2026-06-30,746.2000,755.6369,747.0478,1.0000,1.0000
1782841200,2026-06-30,746.3700,755.8009,747.1796,1.0000,1.0000
1782841800,2026-06-30,746.4900,755.9186,747.2924,0.9997,1.0000
1782842400,2026-06-30,746.6600,756.0483,747.5135,1.0000,1.0000
1782843000,2026-06-30,746.9500,756.1949,747.7957,1.0000,1.0000
1782843600,2026-06-30,746.8000,756.0774,747.5944,1.0000,1.0000
1782844200,2026-06-30,746.7300,756.2144,747.5463,1.0000,1.0000
1782844800,2026-06-30,747.3300,756.9342,748.1594,1.0000,1.0000
1782845400,2026-06-30,747.1300,756.6904,748.0190,0.9998,1.0000
1782846000,2026-06-30,747.5000,756.9560,748.3835,1.0000,1.0000
1782846600,2026-06-30,747.6200,757.0452,748.4758,0.9997,1.0000
1782847200,2026-06-30,747.4200,756.8134,748.2900,1.0000,1.0000
1782847800,2026-06-30,746.9300,756.2012,747.8371,1.0000,1.0000
1782848400,2026-06-30,746.9100,756.3245,747.7581,1.0000,1.0000
1782849000,2026-06-30,746.3200,755.8861,747.4812,1.0000,1.0000
1782912600,2026-07-01,743.0725,751.0657,743.6627,1.0000,1.0000
1782913200,2026-07-01,743.6900,752.7822,744.2040,1.0000,1.0000
1782913800,2026-07-01,745.3400,754.3295,745.9188,1.0000,1.0000
1782914400,2026-07-01,746.0950,755.0274,746.7171,1.0000,1.0000
1782915000,2026-07-01,746.7500,755.5410,747.3603,1.0000,1.0000
1782915600,2026-07-01,746.8200,755.1978,747.4818,1.0000,1.0000
1782916200,2026-07-01,746.9200,754.9576,747.5599,1.0000,1.0000
1782916800,2026-07-01,746.4600,754.1900,747.1217,1.0000,1.0000
1782917400,2026-07-01,746.9600,754.8109,747.5349,1.0000,1.0000
1782918000,2026-07-01,747.6600,755.3782,748.3290,0.9998,1.0000
1782918600,2026-07-01,748.4800,756.3792,749.1121,1.0000,1.0000
1782919200,2026-07-01,749.2900,757.1233,749.9672,1.0000,1.0000
1782919800,2026-07-01,748.6300,756.7082,749.2355,1.0000,1.0000
1782920400,2026-07-01,748.4600,756.4307,749.0670,1.0000,1.0000
1782921000,2026-07-01,748.7900,756.7120,749.3791,1.0000,1.0000
1782921600,2026-07-01,748.8800,756.7525,749.4380,1.0000,1.0000
1782922200,2026-07-01,749.0800,756.9578,749.6743,1.0000,1.0000
1782922800,2026-07-01,748.9701,756.8937,749.5729,0.9998,1.0000
1782923400,2026-07-01,748.5600,756.4776,749.2021,1.0000,1.0000
1782924000,2026-07-01,748.3200,756.2246,748.9876,1.0000,1.0000
1782924600,2026-07-01,747.5200,755.2738,748.1973,1.0000,1.0000
1782925200,2026-07-01,747.4800,754.9902,748.1490,1.0000,1.0000
1782925800,2026-07-01,748.0700,755.4908,748.7337,1.0000,1.0000
1782926400,2026-07-01,747.9300,755.3651,748.5407,0.9998,1.0000
1782927000,2026-07-01,747.9400,755.1935,748.5801,0.9998,1.0000
1782927600,2026-07-01,747.4200,754.5249,748.0329,1.0000,1.0000
1782928200,2026-07-01,747.1950,754.2589,747.8204,1.0000,1.0000
1782928800,2026-07-01,747.5300,754.4758,748.1667,1.0000,1.0000
1782929400,2026-07-01,747.2100,754.2502,747.7972,1.0000,1.0000
1782930000,2026-07-01,747.1300,754.1397,747.7462,1.0000,1.0000
1782930600,2026-07-01,747.2800,754.1679,747.9156,1.0000,1.0000
1782931200,2026-07-01,746.9300,753.6224,747.5681,1.0000,1.0000
1782931800,2026-07-01,746.8500,753.5940,747.5035,1.0000,1.0000
1782932400,2026-07-01,747.6100,754.5310,748.3017,1.0000,1.0000
1782933000,2026-07-01,747.4000,754.2910,748.0648,1.0000,1.0000
1782933600,2026-07-01,746.9400,753.9069,747.5949,0.9998,1.0000
1782934200,2026-07-01,746.8400,753.7750,747.5097,1.0000,1.0000
1782934800,2026-07-01,746.5200,753.4792,747.1637,1.0000,1.0000
1782935400,2026-07-01,745.6900,752.6263,746.3098,1.0000,1.0000
1782999000,2026-07-02,748.7800,755.1310,749.5423,1.0000,1.0000
1782999600,2026-07-02,750.4050,756.7541,751.1527,1.0000,1.0000
1783000200,2026-07-02,750.7600,757.1221,751.4650,1.0000,1.0000
1783000800,2026-07-02,750.2450,756.1641,750.9182,0.9998,1.0000
1783001400,2026-07-02,750.6700,756.1711,751.2708,1.0000,1.0000
1783002000,2026-07-02,747.9400,752.7938,748.5913,1.0000,1.0000
1783002600,2026-07-02,748.4550,753.1737,749.0217,1.0000,1.0000
1783003200,2026-07-02,747.2700,752.0064,747.7690,1.0000,1.0000
1783003800,2026-07-02,747.6600,752.3998,748.2366,1.0000,1.0000
1783004400,2026-07-02,745.3800,750.0744,745.8569,1.0000,1.0000
1783005000,2026-07-02,744.6300,748.9472,745.1700,1.0000,1.0000
1783005600,2026-07-02,744.9100,749.7712,745.4860,0.9996,1.0000
1783006200,2026-07-02,746.2350,751.1259,746.7656,1.0000,1.0000
1783006800,2026-07-02,744.8600,749.8174,745.4471,0.9998,1.0000
1783007400,2026-07-02,744.6450,749.5620,745.2251,1.0000,1.0000
1783008000,2026-07-02,743.9060,748.8511,744.4169,1.0000,1.0000
1783008600,2026-07-02,744.0500,748.6647,744.5833,0.9996,1.0000
1783009200,2026-07-02,743.5400,748.0281,744.0669,1.0000,1.0000
1783009800,2026-07-02,742.6700,746.9741,743.1667,1.0000,1.0000
1783010400,2026-07-02,742.9900,747.3688,743.4774,1.0000,1.0000
1783011000,2026-07-02,742.1800,746.6107,742.7060,1.0000,1.0000
1783011600,2026-07-02,741.5200,745.8808,742.0410,0.9997,1.0000
1783012200,2026-07-02,741.4600,745.8103,741.9726,0.9997,1.0000
1783012800,2026-07-02,741.5300,745.8292,742.1258,1.0000,1.0000
1783013400,2026-07-02,740.7500,744.7949,741.2604,1.0000,1.0000
1783014000,2026-07-02,740.6400,744.4613,741.1716,1.0000,1.0000
1783014600,2026-07-02,740.2400,744.1545,740.7722,1.0000,1.0000
1783015200,2026-07-02,742.4400,746.5993,743.0081,1.0000,1.0000
1783015800,2026-07-02,741.6900,745.7469,742.2812,0.9997,1.0000
1783016400,2026-07-02,742.7200,746.8244,743.2810,1.0000,1.0000
1783017000,2026-07-02,743.1600,747.3386,743.7009,1.0000,1.0000
1783017600,2026-07-02,743.2375,747.4149,743.8075,1.0000,1.0000
1783018200,2026-07-02,742.9895,747.2017,743.5076,1.0000,1.0000
1783018800,2026-07-02,741.8600,745.7635,742.4370,1.0000,1.0000
1783019400,2026-07-02,741.8000,745.6938,742.4024,1.0000,1.0000
1783020000,2026-07-02,742.3100,746.3946,742.8810,1.0000,1.0000
1783020600,2026-07-02,743.1100,747.3473,743.6419,1.0000,1.0000
1783021200,2026-07-02,743.2700,747.5792,743.8510,1.0000,1.0000
1783021800,2026-07-02,744.8000,749.5431,745.6123,1.0000,1.0000
1783344600,2026-07-06,748.2917,753.3298,748.7763,1.0000,1.0000
1783345200,2026-07-06,748.9400,754.5932,749.4325,1.0000,1.0000
1783345800,2026-07-06,748.5000,754.0169,749.0225,1.0000,1.0000
1783346400,2026-07-06,748.8100,754.0499,749.3008,1.0000,1.0000
1783347000,2026-07-06,749.1800,754.4692,749.7063,1.0000,1.0000
1783347600,2026-07-06,749.9300,754.8757,750.4538,1.0000,1.0000
1783348200,2026-07-06,749.6668,754.6710,750.1501,0.9998,1.0000
1783348800,2026-07-06,749.7500,754.6740,750.2748,1.0000,1.0000
1783349400,2026-07-06,750.2750,755.1225,750.7616,1.0000,1.0000
1783350000,2026-07-06,750.2500,754.9121,750.8030,1.0000,1.0000
1783350600,2026-07-06,749.9900,754.4663,750.6013,1.0000,1.0000
1783351200,2026-07-06,750.7600,755.3865,751.3833,1.0000,1.0000
1783351800,2026-07-06,750.6300,755.1117,751.1886,1.0000,1.0000
1783352400,2026-07-06,750.8700,755.4140,751.4921,1.0000,1.0000
1783353000,2026-07-06,750.8400,755.4072,751.4860,1.0000,1.0000
1783353600,2026-07-06,750.9400,755.4292,751.5636,1.0000,1.0000
1783354200,2026-07-06,750.9900,755.3852,751.7033,1.0000,1.0000
1783354800,2026-07-06,750.6500,755.2386,751.3282,0.9998,1.0000
1783355400,2026-07-06,750.6000,755.1531,751.3390,1.0000,1.0000
1783356000,2026-07-06,751.0100,755.4878,751.7311,1.0000,1.0000
1783356600,2026-07-06,750.4600,754.7925,751.1878,1.0000,1.0000
1783357200,2026-07-06,751.3900,755.6960,752.1424,1.0000,1.0000
1783357800,2026-07-06,751.0850,755.4157,751.7808,1.0000,1.0000
1783358400,2026-07-06,750.7000,754.8753,751.4478,1.0000,1.0000
1783359000,2026-07-06,750.3450,754.4103,751.0324,0.9998,1.0000
1783359600,2026-07-06,750.2969,754.3795,750.9913,1.0000,1.0000
1783360200,2026-07-06,750.1299,754.1316,750.8244,1.0000,1.0000
1783360800,2026-07-06,750.9600,755.1080,751.6293,1.0000,1.0000
1783361400,2026-07-06,751.3700,755.5312,752.0614,1.0000,1.0000
1783362000,2026-07-06,751.3300,755.3202,752.0564,1.0000,1.0000
1783362600,2026-07-06,751.0650,754.9852,751.8220,1.0000,1.0000
1783363200,2026-07-06,751.5900,755.4612,752.3351,1.0000,1.0000
1783363800,2026-07-06,751.9300,755.6562,752.6627,1.0000,1.0000
1783364400,2026-07-06,751.7700,755.5509,752.5541,1.0000,1.0000
1783365000,2026-07-06,752.1150,755.8737,752.8885,1.0000,1.0000
1783365600,2026-07-06,752.2900,756.0164,753.0061,1.0000,1.0000
1783366200,2026-07-06,751.9600,755.5192,752.6631,1.0000,1.0000
1783366800,2026-07-06,751.9600,755.5773,752.6524,1.0000,1.0000
1783367400,2026-07-06,751.3000,755.1457,751.8807,1.0000,1.0000
1783431000,2026-07-07,749.5100,752.5399,750.3915,1.0000,1.0000
1783431600,2026-07-07,749.6200,752.3909,750.6148,1.0000,1.0000
1783432200,2026-07-07,748.8500,751.4003,749.8622,1.0000,1.0000
1783432800,2026-07-07,748.2800,750.5857,749.1584,1.0000,1.0000
1783433400,2026-07-07,747.5050,749.5449,748.3519,1.0000,1.0000
1783434000,2026-07-07,746.7000,748.8303,747.5408,1.0000,1.0000
1783434600,2026-07-07,745.8800,748.0386,746.7795,1.0000,1.0000
1783435200,2026-07-07,746.1800,748.4938,747.0225,1.0000,1.0000
1783435800,2026-07-07,746.4450,748.9426,747.2463,1.0000,1.0000
1783436400,2026-07-07,746.5650,749.0292,747.3401,1.0000,1.0000
1783437000,2026-07-07,745.9500,748.2444,746.7302,1.0000,1.0000
1783437600,2026-07-07,746.3690,748.6614,747.0740,0.9998,1.0000
1783438200,2026-07-07,745.6650,747.9365,746.4474,1.0000,1.0000
1783438800,2026-07-07,746.6301,748.9235,747.4773,1.0000,1.0000
1783439400,2026-07-07,747.3600,749.6488,748.1880,1.0000,1.0000
1783440000,2026-07-07,747.4900,749.7766,748.3046,1.0000,1.0000
1783440600,2026-07-07,748.0400,750.3290,748.8534,1.0000,1.0000
1783441200,2026-07-07,748.7700,751.1564,749.6139,1.0000,1.0000
1783441800,2026-07-07,748.8150,750.8637,749.6193,1.0000,1.0000
1783442400,2026-07-07,749.0400,751.1494,749.9073,1.0000,1.0000
1783443000,2026-07-07,748.9600,751.0245,749.7852,1.0000,1.0000
1783443600,2026-07-07,749.1600,751.4086,749.9551,1.0000,1.0000
1783444200,2026-07-07,748.6100,750.7948,749.3917,1.0000,1.0000
1783444800,2026-07-07,748.8400,750.9821,749.6609,1.0000,1.0000
1783445400,2026-07-07,749.1050,751.2984,749.9321,0.9998,1.0000
1783446000,2026-07-07,748.8800,751.0918,749.7143,1.0000,1.0000
1783446600,2026-07-07,749.1800,751.3549,749.9775,0.9997,1.0000
1783447200,2026-07-07,748.9400,751.0520,749.7190,1.0000,1.0000
1783447800,2026-07-07,749.0500,751.2465,749.8836,1.0000,1.0000
1783448400,2026-07-07,748.9900,751.1425,749.7370,1.0000,1.0000
1783449000,2026-07-07,748.9100,751.0824,749.7140,1.0000,1.0000
1783449600,2026-07-07,748.1550,750.1217,748.8846,1.0000,1.0000
1783450200,2026-07-07,747.5100,749.5579,748.2619,1.0000,1.0000
1783450800,2026-07-07,746.7795,748.5654,747.4562,1.0000,1.0000
1783451400,2026-07-07,746.6900,748.4361,747.3614,1.0000,1.0000
1783452000,2026-07-07,746.7000,748.5401,747.4346,1.0000,1.0000
1783452600,2026-07-07,746.7700,748.7305,747.4758,1.0000,1.0000
1783453200,2026-07-07,746.9900,749.1971,747.7146,1.0000,1.0000
1783453800,2026-07-07,747.6900,749.7509,748.4281,1.0000,1.0000
1783517400,2026-07-08,743.9750,746.0474,744.6758,1.0000,1.0000
1783518000,2026-07-08,743.6400,745.6974,744.3402,1.0000,1.0000
1783518600,2026-07-08,744.0400,746.1851,744.6455,1.0000,1.0000
1783519200,2026-07-08,744.2600,746.0229,744.9405,1.0000,1.0000
1783519800,2026-07-08,743.2000,744.8927,743.7858,1.0000,1.0000
1783520400,2026-07-08,743.1100,745.2122,743.8015,1.0000,1.0000
1783521000,2026-07-08,742.3200,744.0560,742.8626,1.0000,1.0000
1783521600,2026-07-08,741.2900,742.7322,741.9419,1.0000,1.0000
1783522200,2026-07-08,741.8400,743.3273,742.5092,1.0000,1.0000
1783522800,2026-07-08,741.5050,742.9863,742.0664,1.0000,1.0000
1783523400,2026-07-08,741.3200,742.6633,741.9017,1.0000,1.0000
1783524000,2026-07-08,739.9400,741.2730,740.5812,1.0000,1.0000
1783524600,2026-07-08,740.5900,741.9852,741.2370,1.0000,1.0000
1783525200,2026-07-08,740.5000,741.8866,741.1459,1.0000,1.0000
1783525800,2026-07-08,740.6400,742.0069,741.2676,1.0000,1.0000
1783526400,2026-07-08,741.6600,743.1377,742.2878,1.0000,1.0000
1783527000,2026-07-08,742.5800,743.9421,743.2068,1.0000,1.0000
1783527600,2026-07-08,743.1000,744.4268,743.7024,0.9998,1.0000
1783528200,2026-07-08,743.2200,744.6173,743.8133,0.9998,1.0000
1783528800,2026-07-08,744.2700,745.7205,744.8656,1.0000,1.0000
1783529400,2026-07-08,744.6800,746.1105,745.2917,1.0000,1.0000
1783530000,2026-07-08,744.2800,745.6530,744.8742,1.0000,1.0000
1783530600,2026-07-08,744.9400,746.2487,745.5180,1.0000,1.0000
1783531200,2026-07-08,745.7200,746.9927,746.3097,1.0000,1.0000
1783531800,2026-07-08,745.2600,746.6969,745.8378,1.0000,1.0000
1783532400,2026-07-08,744.3600,745.7109,744.9180,1.0000,1.0000
1783533000,2026-07-08,744.3900,745.8411,744.9208,1.0000,1.0000
1783533600,2026-07-08,745.2700,746.7759,745.8355,1.0000,1.0000
1783534200,2026-07-08,745.1800,746.7320,745.7269,1.0000,1.0000
1783534800,2026-07-08,744.6700,746.3157,745.2595,1.0000,1.0000
1783535400,2026-07-08,745.1800,746.7150,745.7473,1.0000,1.0000
1783536000,2026-07-08,745.2700,746.6943,745.8234,1.0000,1.0000
1783536600,2026-07-08,745.3300,746.5989,745.8831,1.0000,1.0000
1783537200,2026-07-08,745.3000,746.5454,745.8432,1.0000,1.0000
1783537800,2026-07-08,744.8300,746.1138,745.3748,1.0000,1.0000
1783538400,2026-07-08,745.1900,746.4938,745.7250,1.0000,1.0000
1783539000,2026-07-08,745.2400,746.4114,745.7363,1.0000,1.0000
1783539600,2026-07-08,744.8000,746.0222,745.3716,1.0000,1.0000
1783540200,2026-07-08,745.3400,746.6355,746.0345,1.0000,1.0000
1783603800,2026-07-09,748.1200,751.5065,748.5420,1.0000,1.0000
1783604400,2026-07-09,748.1100,752.0281,748.6763,0.9997,1.0000
1783605000,2026-07-09,748.6700,752.9013,749.2139,1.0000,1.0000
1783605600,2026-07-09,747.9600,752.6621,748.5491,1.0000,1.0000
1783606200,2026-07-09,746.2586,750.8619,746.6864,1.0000,1.0000
1783606800,2026-07-09,747.8799,752.4727,748.4659,1.0000,1.0000
1783607400,2026-07-09,748.4000,752.9168,748.8596,1.0000,1.0000
1783608000,2026-07-09,748.0500,752.6513,748.4753,1.0000,1.0000
1783608600,2026-07-09,748.7300,753.2178,749.2197,1.0000,1.0000
1783609200,2026-07-09,749.4900,754.0018,750.0146,0.9998,1.0000
1783609800,2026-07-09,749.2400,753.7326,749.7265,1.0000,1.0000
1783610400,2026-07-09,749.8000,754.0742,750.2983,1.0000,1.0000
1783611000,2026-07-09,749.8700,754.1359,750.3731,1.0000,1.0000
1783611600,2026-07-09,750.1600,754.6007,750.6601,1.0000,1.0000
1783612200,2026-07-09,749.8700,754.2250,750.4005,1.0000,1.0000
1783612800,2026-07-09,750.4400,754.7715,750.8898,1.0000,1.0000
1783613400,2026-07-09,750.5594,754.8142,751.0189,1.0000,1.0000
1783614000,2026-07-09,750.6400,754.7297,751.1377,1.0000,1.0000
1783614600,2026-07-09,750.5800,754.5941,751.0792,1.0000,1.0000
1783615200,2026-07-09,750.4800,754.5953,751.0248,1.0000,1.0000
1783615800,2026-07-09,750.4400,754.4344,750.9170,1.0000,1.0000
1783616400,2026-07-09,751.1250,755.0164,751.6455,1.0000,1.0000
1783617000,2026-07-09,751.5500,755.5448,752.0853,1.0000,1.0000
1783617600,2026-07-09,751.7550,755.6761,752.3169,0.9997,1.0000
1783618200,2026-07-09,751.7100,755.4777,752.3100,1.0000,1.0000
1783618800,2026-07-09,751.8400,755.5716,752.3891,1.0000,1.0000
1783619400,2026-07-09,751.6300,755.2675,752.1542,1.0000,1.0000
1783620000,2026-07-09,751.7000,755.3465,752.2635,1.0000,1.0000
1783620600,2026-07-09,751.6300,755.1547,752.2421,1.0000,1.0000
1783621200,2026-07-09,751.4505,754.8259,752.0656,1.0000,1.0000
1783621800,2026-07-09,751.1450,754.4592,751.7447,1.0000,1.0000
1783622400,2026-07-09,751.2900,754.7334,751.8946,1.0000,1.0000
1783623000,2026-07-09,751.0499,754.4847,751.6667,1.0000,1.0000
1783623600,2026-07-09,750.7800,754.0485,751.3894,1.0000,1.0000
1783624200,2026-07-09,751.3000,754.3888,751.9292,1.0000,1.0000
1783624800,2026-07-09,751.1000,754.0408,751.6764,1.0000,1.0000
1783625400,2026-07-09,751.2700,754.1776,751.9052,1.0000,1.0000
1783626000,2026-07-09,751.2500,754.1174,751.8381,1.0000,1.0000
1783626600,2026-07-09,751.6400,754.4664,752.2081,1.0000,1.0000
1783690200,2026-07-10,752.6100,755.0833,753.0977,1.0000,1.0000
1783690800,2026-07-10,753.0300,755.9326,753.5718,1.0000,1.0000
1783691400,2026-07-10,752.9150,755.5346,753.4490,1.0000,1.0000
1783692000,2026-07-10,753.0700,756.0638,753.6532,1.0000,1.0000
1783692600,2026-07-10,752.6800,755.3941,753.1364,1.0000,1.0000
1783693200,2026-07-10,752.5859,755.3631,753.1356,1.0000,1.0000
1783693800,2026-07-10,751.6900,754.4813,752.2146,1.0000,1.0000
1783694400,2026-07-10,752.4100,755.3721,752.8770,1.0000,1.0000
1783695000,2026-07-10,751.2199,754.0195,751.7204,1.0000,1.0000
1783695600,2026-07-10,751.7600,754.4764,752.1832,1.0000,1.0000
1783696200,2026-07-10,752.6900,755.2018,753.1898,0.9997,1.0000
1783696800,2026-07-10,753.2500,756.0565,753.7464,1.0000,1.0000
1783697400,2026-07-10,752.4300,754.8599,752.9159,1.0000,1.0000
1783698000,2026-07-10,752.4700,754.9370,753.0042,0.9998,1.0000
1783698600,2026-07-10,752.8175,755.3537,753.2990,1.0000,1.0000
1783699200,2026-07-10,752.9600,755.4164,753.5065,1.0000,1.0000
1783699800,2026-07-10,753.5800,756.0341,754.1064,1.0000,1.0000
1783700400,2026-07-10,753.2100,755.7300,753.6889,1.0000,1.0000
1783701000,2026-07-10,753.2900,755.6650,753.7934,1.0000,1.0000
1783701600,2026-07-10,753.8200,756.2388,754.3482,1.0000,1.0000
1783702200,2026-07-10,754.0100,756.4536,754.5225,0.9998,1.0000
1783702800,2026-07-10,753.6400,756.1021,754.1252,1.0000,1.0000
1783703400,2026-07-10,753.8600,756.4221,754.3171,1.0000,1.0000
1783704000,2026-07-10,754.0100,756.6057,754.4559,1.0000,1.0000
1783704600,2026-07-10,754.2460,756.9454,754.6940,1.0000,1.0000
1783705200,2026-07-10,754.2900,757.0551,754.7239,1.0000,1.0000
1783705800,2026-07-10,753.9900,756.6026,754.4561,1.0000,1.0000
1783706400,2026-07-10,754.2400,756.9884,754.7272,1.0000,1.0000
1783707000,2026-07-10,754.2200,756.7271,754.6697,1.0000,1.0000
1783707600,2026-07-10,754.4300,756.8718,754.8574,0.9998,1.0000
1783708200,2026-07-10,754.4100,756.8780,754.8436,0.9998,1.0000
1783708800,2026-07-10,754.5100,756.9072,754.9109,1.0000,1.0000
1783709400,2026-07-10,754.4950,756.8751,754.9292,0.9993,1.0000
1783710000,2026-07-10,754.9200,757.2099,755.3488,1.0000,1.0000
1783710600,2026-07-10,755.0200,757.3020,755.4804,1.0000,1.0000
1783711200,2026-07-10,754.9600,757.2275,755.3833,1.0000,1.0000
1783711800,2026-07-10,755.0300,757.3081,755.5092,1.0000,1.0000
1783712400,2026-07-10,755.1000,757.2853,755.5551,1.0000,1.0000
1783713000,2026-07-10,754.9000,757.0058,755.3039,1.0000,1.0000
1783949400,2026-07-13,753.2200,754.2374,753.5775,1.0000,1.0000
1783950000,2026-07-13,752.8700,753.8713,753.2753,1.0000,1.0000
1783950600,2026-07-13,753.6200,754.7521,753.9590,1.0000,1.0000
1783951200,2026-07-13,752.8200,754.1180,753.1827,1.0000,1.0000
1783951800,2026-07-13,751.9300,753.4212,752.2241,1.0000,1.0000
1783952400,2026-07-13,753.0900,754.9192,753.5272,1.0000,1.0000
1783953000,2026-07-13,752.1900,754.2866,752.7019,1.0000,1.0000
1783953600,2026-07-13,752.3800,754.2988,752.8661,1.0000,1.0000
1783954200,2026-07-13,752.7401,754.6112,753.2032,1.0000,1.0000
1783954800,2026-07-13,752.2500,754.0548,752.7152,0.9997,1.0000
1783955400,2026-07-13,752.2500,754.2701,752.7359,1.0000,1.0000
1783956000,2026-07-13,752.3800,754.3253,752.8416,1.0000,1.0000
1783956600,2026-07-13,752.1300,754.0951,752.5887,1.0000,1.0000
1783957200,2026-07-13,751.7150,753.6292,752.1848,1.0000,1.0000
1783957800,2026-07-13,751.2350,753.0220,751.6681,1.0000,1.0000
1783958400,2026-07-13,751.4800,753.4088,751.9116,1.0000,1.0000
1783959000,2026-07-13,750.8550,752.5859,751.3065,1.0000,1.0000
1783959600,2026-07-13,750.2900,751.7636,750.6976,1.0000,1.0000
1783960200,2026-07-13,749.9934,751.5011,750.3724,1.0000,1.0000
1783960800,2026-07-13,749.9800,751.5071,750.3937,1.0000,1.0000
1783961400,2026-07-13,749.8700,751.5540,750.2917,1.0000,1.0000
1783962000,2026-07-13,750.4200,752.1314,750.8098,1.0000,1.0000
1783962600,2026-07-13,750.1600,751.7896,750.6105,1.0000,1.0000
1783963200,2026-07-13,749.8100,751.3430,750.2183,1.0000,1.0000
1783963800,2026-07-13,749.7084,751.2448,750.0811,1.0000,1.0000
1783964400,2026-07-13,749.6300,751.1816,750.0576,1.0000,1.0000
1783965000,2026-07-13,749.2350,750.8055,749.6617,1.0000,1.0000
1783965600,2026-07-13,749.6400,751.2178,750.0642,1.0000,1.0000
1783966200,2026-07-13,749.2100,750.6518,749.6383,1.0000,1.0000
1783966800,2026-07-13,749.2400,750.6025,749.6647,1.0000,1.0000
1783967400,2026-07-13,749.6800,751.0129,750.1182,1.0000,1.0000
1783968000,2026-07-13,749.7600,751.1614,750.1804,1.0000,1.0000
1783968600,2026-07-13,749.5600,751.0025,750.0050,1.0000,1.0000
1783969200,2026-07-13,749.5100,750.7811,749.8942,1.0000,1.0000
1783969800,2026-07-13,749.2550,750.5397,749.6420,1.0000,1.0000
1783970400,2026-07-13,748.3800,749.7125,748.7908,1.0000,1.0000
1783971000,2026-07-13,748.2600,749.6833,748.6262,1.0000,1.0000
1783971600,2026-07-13,748.8800,750.4036,749.1933,1.0000,1.0000
1783972200,2026-07-13,749.1000,750.7198,749.4154,1.0000,1.0000
1784035800,2026-07-14,751.1700,753.9052,751.6181,1.0000,1.0000
1784036400,2026-07-14,750.9900,753.4513,751.3503,1.0000,1.0000
1784037000,2026-07-14,751.3100,753.5737,751.7505,1.0000,1.0000
1784037600,2026-07-14,750.2395,752.1803,750.6534,1.0000,1.0000
1784038200,2026-07-14,749.8550,751.4831,750.2848,1.0000,1.0000
1784038800,2026-07-14,750.7100,752.2896,751.1383,1.0000,1.0000
1784039400,2026-07-14,751.9300,753.3462,752.2938,1.0000,1.0000
1784040000,2026-07-14,750.8900,752.0501,751.1810,1.0000,1.0000
1784040600,2026-07-14,751.7100,752.9607,752.0405,1.0000,1.0000
1784041200,2026-07-14,752.7700,754.1047,753.1701,1.0000,1.0000
1784041800,2026-07-14,751.9500,753.3145,752.2932,1.0000,1.0000
1784042400,2026-07-14,752.6600,754.0174,752.9767,1.0000,1.0000
1784043000,2026-07-14,751.8600,753.3157,752.1819,1.0000,1.0000
1784043600,2026-07-14,751.6300,753.2023,751.9338,1.0000,1.0000
1784044200,2026-07-14,750.9800,752.4649,751.3357,1.0000,1.0000
1784044800,2026-07-14,750.4500,751.8716,750.8025,1.0000,1.0000
1784045400,2026-07-14,750.4300,751.8940,750.7796,1.0000,1.0000
1784046000,2026-07-14,750.7800,752.2664,751.1208,1.0000,1.0000
1784046600,2026-07-14,751.2350,752.6173,751.6113,1.0000,1.0000
1784047200,2026-07-14,751.4000,752.6430,751.6763,1.0000,1.0000
1784047800,2026-07-14,751.8500,752.9635,752.1254,1.0000,1.0000
1784048400,2026-07-14,752.1199,753.1522,752.3744,1.0000,1.0000
1784049000,2026-07-14,752.0700,753.0905,752.3512,1.0000,1.0000
1784049600,2026-07-14,752.3000,753.2986,752.5954,1.0000,1.0000
1784050200,2026-07-14,752.1201,753.1520,752.3992,1.0000,1.0000
1784050800,2026-07-14,752.0800,753.0939,752.3894,1.0000,1.0000
1784051400,2026-07-14,752.2750,753.2726,752.5222,1.0000,1.0000
1784052000,2026-07-14,752.4000,753.3682,752.7196,1.0000,1.0000
1784052600,2026-07-14,752.6200,753.5751,752.8663,1.0000,1.0000
1784053200,2026-07-14,752.5000,753.3733,752.7552,1.0000,1.0000
1784053800,2026-07-14,752.3500,753.1658,752.6299,1.0000,1.0000
1784054400,2026-07-14,751.9500,752.7757,752.2609,1.0000,1.0000
1784055000,2026-07-14,752.1705,752.8543,752.4735,1.0000,1.0000
1784055600,2026-07-14,751.9025,752.3813,752.1953,1.0000,1.0000
1784056200,2026-07-14,752.0900,752.7783,752.4068,1.0000,1.0000
1784056800,2026-07-14,752.1500,752.6233,752.4182,1.0000,1.0000
1784057400,2026-07-14,751.9600,752.4858,752.1937,1.0000,1.0000
1784058000,2026-07-14,752.4750,752.9707,752.7737,1.0000,1.0000
1784058600,2026-07-14,751.8500,752.3727,752.0758,1.0000,1.0000
1784122200,2026-07-15,754.8400,754.5297,755.2243,1.0000,1.0000
1784122800,2026-07-15,753.5600,753.0205,753.8997,1.0000,1.0000
1784123400,2026-07-15,754.4500,753.8443,754.8327,1.0000,1.0000
1784124000,2026-07-15,755.0500,754.2308,755.3922,1.0000,1.0000
1784124600,2026-07-15,755.3200,753.8080,755.5820,1.0000,1.0000
1784125200,2026-07-15,754.6200,753.0928,754.9183,1.0000,1.0000
1784125800,2026-07-15,753.6699,751.5638,754.0033,1.0000,1.0000
1784126400,2026-07-15,753.7900,751.7661,754.0827,1.0000,1.0000
1784127000,2026-07-15,753.4607,751.6365,753.8238,1.0000,1.0000
1784127600,2026-07-15,754.0350,751.9375,754.4552,1.0000,1.0000
1784128200,2026-07-15,753.2800,751.0636,753.6822,1.0000,1.0000
1784128800,2026-07-15,753.6050,751.0124,753.9986,1.0000,1.0000
1784129400,2026-07-15,753.6800,750.9570,754.0563,1.0000,1.0000
1784130000,2026-07-15,752.8200,749.9691,753.2406,1.0000,1.0000
1784130600,2026-07-15,752.6695,749.8236,753.0751,1.0000,1.0000
1784131200,2026-07-15,751.9500,748.8414,752.3553,1.0000,1.0000
1784131800,2026-07-15,751.0400,747.7052,751.4086,1.0000,1.0000
1784132400,2026-07-15,750.8300,747.4889,751.2430,1.0000,1.0000
1784133000,2026-07-15,750.4400,746.9957,750.8605,1.0000,1.0000
1784133600,2026-07-15,751.3300,748.2166,751.7516,1.0000,1.0000
1784134200,2026-07-15,751.6700,748.6756,752.0786,1.0000,1.0000
1784134800,2026-07-15,752.1000,749.1206,752.4964,1.0000,1.0000
1784135400,2026-07-15,752.4000,749.5792,752.8059,1.0000,1.0000
1784136000,2026-07-15,752.8100,749.9193,753.2122,1.0000,1.0000
1784136600,2026-07-15,753.3900,750.6524,753.8146,1.0000,1.0000
1784137200,2026-07-15,754.0400,751.2301,754.4021,1.0000,1.0000
1784137800,2026-07-15,754.1901,751.2706,754.5874,1.0000,1.0000
1784138400,2026-07-15,754.5500,751.6713,754.8849,1.0000,1.0000
1784139000,2026-07-15,754.3250,751.3413,754.7234,1.0000,1.0000
1784139600,2026-07-15,754.6350,751.7588,754.9910,1.0000,1.0000
1784140200,2026-07-15,754.4900,751.4821,754.8177,1.0000,1.0000
1784140800,2026-07-15,753.6300,750.7218,753.9794,1.0000,1.0000
1784141400,2026-07-15,753.1900,750.1456,753.4628,1.0000,1.0000
1784142000,2026-07-15,753.5700,750.3878,753.8255,1.0000,1.0000
1784142600,2026-07-15,753.5300,750.4346,753.7778,1.0000,1.0000
1784143200,2026-07-15,753.6300,750.6850,753.8501,1.0000,1.0000
1784143800,2026-07-15,753.8500,750.8701,754.0411,1.0000,1.0000
1784144400,2026-07-15,753.6300,750.8548,753.8291,1.0000,1.0000
1784145000,2026-07-15,754.7400,751.6180,754.9292,1.0000,1.0000
1784208600,2026-07-16,751.7100,748.3920,751.9607,1.0000,1.0000
1784209200,2026-07-16,751.0500,747.4768,751.2556,1.0000,1.0000
1784209800,2026-07-16,751.9050,748.5367,752.3412,1.0000,1.0000
1784210400,2026-07-16,753.3905,750.6208,753.7923,1.0000,1.0000
1784211000,2026-07-16,753.8600,750.6450,754.2698,1.0000,1.0000
1784211600,2026-07-16,754.3500,750.8272,754.8200,1.0000,1.0000
1784212200,2026-07-16,753.9400,750.1600,754.2767,1.0000,1.0000
1784212800,2026-07-16,754.1900,750.5747,754.5645,1.0000,1.0000
1784213400,2026-07-16,754.1700,750.8875,754.5634,1.0000,1.0000
1784214000,2026-07-16,753.5300,750.1408,753.9533,1.0000,1.0000
1784214600,2026-07-16,753.6300,750.1641,754.0660,1.0000,1.0000
1784215200,2026-07-16,753.8001,750.4559,754.2744,1.0000,1.0000
1784215800,2026-07-16,754.3200,751.0601,754.7869,1.0000,1.0000
1784216400,2026-07-16,753.5400,749.9070,753.9273,1.0000,1.0000
1784217000,2026-07-16,753.5700,749.8599,754.0087,1.0000,1.0000
1784217600,2026-07-16,752.8900,749.4132,753.3219,1.0000,1.0000
1784218200,2026-07-16,752.2200,748.4312,752.6248,1.0000,1.0000
1784218800,2026-07-16,751.9300,748.1152,752.3027,1.0000,1.0000
1784219400,2026-07-16,751.9000,748.1885,752.2996,1.0000,1.0000
1784220000,2026-07-16,752.0100,748.1899,752.4381,1.0000,1.0000
1784220600,2026-07-16,752.8600,749.1415,753.2527,1.0000,1.0000
1784221200,2026-07-16,752.7000,749.0046,753.0879,1.0000,1.0000
1784221800,2026-07-16,752.4200,748.5895,752.8362,1.0000,1.0000
1784222400,2026-07-16,752.7050,748.8204,753.1328,1.0000,1.0000
1784223000,2026-07-16,751.6500,747.8350,752.0331,1.0000,1.0000
1784223600,2026-07-16,751.6800,747.8489,752.0846,1.0000,1.0000
1784224200,2026-07-16,751.3100,747.4751,751.6566,1.0000,1.0000
1784224800,2026-07-16,750.7400,747.8134,751.0214,1.0000,1.0000
1784225400,2026-07-16,751.2000,748.3324,751.5260,1.0000,1.0000
1784226000,2026-07-16,750.9100,748.2981,751.2738,1.0000,1.0000
1784226600,2026-07-16,750.3600,747.8798,750.6813,1.0000,1.0000
1784227200,2026-07-16,750.7700,748.1205,751.0861,1.0000,1.0000
1784227800,2026-07-16,750.2300,747.6219,750.5257,1.0000,1.0000
1784228400,2026-07-16,749.7700,747.3025,749.9988,1.0000,1.0000
1784229000,2026-07-16,749.7600,747.4350,749.9865,1.0000,1.0000
1784229600,2026-07-16,749.1000,746.8063,749.3255,1.0000,1.0000
1784230200,2026-07-16,749.0300,746.8290,749.3235,1.0000,1.0000
1784230800,2026-07-16,748.2100,746.2746,748.4596,1.0000,1.0000
1784231400,2026-07-16,750.7600,748.7865,751.0829,1.0000,1.0000
1784295000,2026-07-17,741.5200,739.9713,741.6705,1.0000,1.0000
1784295600,2026-07-17,743.0300,742.0296,743.3036,1.0000,1.0000
1784296200,2026-07-17,744.8101,743.6306,745.1547,1.0000,1.0000
1784296800,2026-07-17,746.3200,745.2904,746.4844,1.0000,1.0000
1784297400,2026-07-17,746.5700,745.6919,746.8015,1.0000,1.0000
1784298000,2026-07-17,746.3350,745.4601,746.5895,1.0000,1.0000
1784298600,2026-07-17,746.7300,745.5903,747.0045,1.0000,1.0000
1784299200,2026-07-17,745.6850,744.2230,745.9341,1.0000,1.0000
1784299800,2026-07-17,745.0500,743.6515,745.2621,1.0000,1.0000
1784300400,2026-07-17,744.8700,743.3966,745.0815,1.0000,1.0000
1784301000,2026-07-17,744.5400,742.9295,744.7696,1.0000,1.0000
1784301600,2026-07-17,745.4450,743.7124,745.7177,1.0000,1.0000
1784302200,2026-07-17,745.6600,744.0397,745.9127,1.0000,1.0000
1784302800,2026-07-17,745.5710,743.8775,745.7711,1.0000,1.0000
1784303400,2026-07-17,746.8700,745.6873,747.1300,1.0000,1.0000
1784304000,2026-07-17,745.9500,745.0848,746.2138,1.0000,1.0000
1784304600,2026-07-17,746.3650,745.3697,746.6152,1.0000,1.0000
1784305200,2026-07-17,745.9400,744.8172,746.1516,1.0000,1.0000
1784305800,2026-07-17,745.9100,744.5123,746.1049,1.0000,1.0000
1784306400,2026-07-17,746.8685,745.5605,747.0419,1.0000,1.0000
1784307000,2026-07-17,746.3200,745.0585,746.5411,0.9998,1.0000
1784307600,2026-07-17,746.9600,745.8867,747.1979,1.0000,1.0000
1784308200,2026-07-17,746.2800,745.3415,746.5326,1.0000,1.0000
1784308800,2026-07-17,746.8700,745.9374,747.0791,1.0000,1.0000
1784309400,2026-07-17,746.0200,745.0768,746.2476,0.9998,1.0000
1784310000,2026-07-17,745.5700,744.5296,745.7265,1.0000,1.0000
1784310600,2026-07-17,744.5800,743.4148,744.7458,1.0000,1.0000
1784311200,2026-07-17,744.3300,743.1823,744.5092,1.0000,1.0000
1784311800,2026-07-17,743.8300,742.5836,744.0200,1.0000,1.0000
1784312400,2026-07-17,743.7100,742.4794,743.8757,1.0000,1.0000
1784313000,2026-07-17,743.7300,742.3907,743.9327,0.9998,1.0000
1784313600,2026-07-17,743.8905,742.4179,744.1185,1.0000,1.0000
1784314200,2026-07-17,744.3700,742.9725,744.5597,1.0000,1.0000
1784314800,2026-07-17,743.4100,741.8642,743.6173,1.0000,1.0000
1784315400,2026-07-17,742.9200,741.4577,743.1231,1.0000,1.0000
1784316000,2026-07-17,743.1600,741.6584,743.3645,1.0000,1.0000
1784316600,2026-07-17,742.8300,741.4759,743.0724,1.0000,1.0000
1784317200,2026-07-17,744.0400,742.5391,744.2050,1.0000,1.0000
1784317800,2026-07-17,743.2300,741.6946,743.3814,1.0000,1.0000
1784554200,2026-07-20,748.1700,746.1301,748.2875,1.0000,1.0000
1784554800,2026-07-20,747.5800,745.5018,747.7341,1.0000,1.0000
1784555400,2026-07-20,745.6900,743.5140,745.8919,0.9997,1.0000
1784556000,2026-07-20,745.4000,743.0654,745.5435,1.0000,1.0000
1784556600,2026-07-20,744.9000,742.5810,745.0256,1.0000,1.0000
1784557200,2026-07-20,745.6800,743.4252,745.8110,1.0000,1.0000
1784557800,2026-07-20,745.3300,743.0290,745.4726,1.0000,1.0000
1784558400,2026-07-20,744.6400,742.2379,744.7415,0.9998,1.0000
1784559000,2026-07-20,744.1100,741.6344,744.1847,1.0000,1.0000
1784559600,2026-07-20,745.4100,743.0299,745.5132,1.0000,1.0000
1784560200,2026-07-20,745.2700,743.1297,745.3821,1.0000,1.0000
1784560800,2026-07-20,745.8700,743.5888,745.9701,1.0000,1.0000
1784561400,2026-07-20,745.4600,743.1162,745.5446,1.0000,1.0000
1784562000,2026-07-20,745.3000,743.1463,745.3483,1.0000,1.0000
1784562600,2026-07-20,745.9900,743.7454,746.0694,1.0000,1.0000
1784563200,2026-07-20,746.8000,744.8259,746.8657,0.9998,1.0000
1784563800,2026-07-20,746.6800,744.8552,746.7741,0.9998,1.0000
1784564400,2026-07-20,746.5000,744.6620,746.5880,1.0000,1.0000
1784565000,2026-07-20,746.3500,744.4829,746.4539,1.0000,1.0000
1784565600,2026-07-20,746.1300,744.2013,746.2408,1.0000,1.0000
1784566200,2026-07-20,745.0000,743.0609,745.0394,1.0000,1.0000
1784566800,2026-07-20,744.5900,742.8541,744.6370,1.0000,1.0000
1784567400,2026-07-20,744.1200,742.5098,744.2031,1.0000,1.0000
1784568000,2026-07-20,744.1200,742.4391,744.1771,1.0000,1.0000
1784568600,2026-07-20,744.0100,742.3291,744.0822,1.0000,1.0000
1784569200,2026-07-20,744.2500,742.3284,744.2737,1.0000,1.0000
1784569800,2026-07-20,744.5500,742.6972,744.5969,1.0000,1.0000
1784570400,2026-07-20,744.8750,743.1159,744.9308,1.0000,1.0000
1784571000,2026-07-20,745.2400,743.4614,745.2520,1.0000,1.0000
1784571600,2026-07-20,744.4700,742.7925,744.5382,1.0000,1.0000
1784572200,2026-07-20,743.5750,741.7612,743.5213,1.0000,1.0000
1784572800,2026-07-20,742.7000,740.9036,742.6980,1.0000,1.0000
1784573400,2026-07-20,742.7200,740.9032,742.7580,1.0000,1.0000
1784574000,2026-07-20,742.6950,740.6106,742.7020,1.0000,1.0000
1784574600,2026-07-20,741.9200,739.8000,741.9402,1.0000,1.0000
1784575200,2026-07-20,742.7300,740.5572,742.7348,1.0000,1.0000
1784575800,2026-07-20,742.9800,740.6446,742.9302,1.0000,1.0000
1784576400,2026-07-20,743.0800,740.8403,743.0905,1.0000,1.0000
1784577000,2026-07-20,742.1000,739.6729,741.9796,1.0000,1.0000
1784640600,2026-07-21,745.2800,744.1592,745.3051,1.0000,1.0000
1784641200,2026-07-21,744.9500,744.0054,744.8831,1.0000,1.0000
1784641800,2026-07-21,745.3700,744.2430,745.3264,1.0000,1.0000
1784642400,2026-07-21,745.1950,743.9698,745.1754,1.0000,1.0000
1784643000,2026-07-21,746.0200,744.7622,745.9366,1.0000,1.0000
1784643600,2026-07-21,746.8700,745.7269,746.8018,1.0000,1.0000
1784644200,2026-07-21,746.3000,745.1039,746.2259,1.0000,1.0000
1784644800,2026-07-21,746.9100,745.7823,746.7997,0.9998,1.0000
1784645400,2026-07-21,746.7400,745.6582,746.6410,1.0000,1.0000
1784646000,2026-07-21,746.9800,745.9854,746.9173,1.0000,1.0000
1784646600,2026-07-21,747.4100,746.3601,747.2902,0.9998,1.0000
1784647200,2026-07-21,748.0000,746.8532,747.7964,1.0000,1.0000
1784647800,2026-07-21,747.5800,746.2845,747.3974,1.0000,1.0000
1784648400,2026-07-21,747.8115,746.5370,747.6935,0.9998,1.0000
1784649000,2026-07-21,747.5200,746.2186,747.2660,1.0000,1.0000
1784649600,2026-07-21,748.1500,746.9618,747.9428,1.0000,1.0000
1784650200,2026-07-21,748.4700,747.3672,748.2676,1.0000,1.0000
1784650800,2026-07-21,748.6600,747.6226,748.4186,1.0000,1.0000
1784651400,2026-07-21,748.6700,747.7621,748.5041,1.0000,1.0000
1784652000,2026-07-21,748.4900,747.5143,748.3106,1.0000,1.0000
1784652600,2026-07-21,748.6900,747.5801,748.4511,1.0000,1.0000
1784653200,2026-07-21,748.7100,747.6990,748.5136,1.0000,1.0000
1784653800,2026-07-21,748.3550,747.2498,748.1579,1.0000,1.0000
1784654400,2026-07-21,748.3600,747.2662,748.2067,1.0000,1.0000
1784655000,2026-07-21,748.7000,747.5718,748.5303,1.0000,1.0000
1784655600,2026-07-21,748.8200,747.7080,748.6362,0.9998,1.0000
1784656200,2026-07-21,748.5900,747.5480,748.4324,1.0000,1.0000
1784656800,2026-07-21,748.4550,747.4801,748.3213,1.0000,1.0000
1784657400,2026-07-21,748.2100,747.1606,748.0437,1.0000,1.0000
1784658000,2026-07-21,748.2100,747.2140,748.0712,0.9998,1.0000
1784658600,2026-07-21,748.1500,747.1558,747.9749,1.0000,1.0000
1784659200,2026-07-21,748.4500,747.4160,748.2879,0.9998,1.0000
1784659800,2026-07-21,748.3700,747.2347,748.1566,1.0000,1.0000
1784660400,2026-07-21,748.1350,746.9576,747.9320,1.0000,1.0000
1784661000,2026-07-21,748.3100,747.1603,748.1211,1.0000,1.0000
1784661600,2026-07-21,748.2600,747.0203,748.0151,1.0000,1.0000
1784662200,2026-07-21,748.4100,747.3559,748.2413,1.0000,1.0000
1784662800,2026-07-21,748.6050,747.6429,748.3832,1.0000,1.0000
1784663400,2026-07-21,748.3150,747.3419,748.0518,1.0000,1.0000
1784727000,2026-07-22,747.4000,746.5930,747.1444,1.0000,1.0000
1784727600,2026-07-22,747.7600,746.8966,747.5261,1.0000,1.0000
1784728200,2026-07-22,748.7800,748.2729,748.5455,1.0000,1.0000
1784728800,2026-07-22,748.5401,747.9893,748.2406,1.0000,1.0000
1784729400,2026-07-22,748.1400,747.5984,747.9108,1.0000,1.0000
1784730000,2026-07-22,747.3000,746.9519,747.1468,1.0000,1.0000
1784730600,2026-07-22,747.3100,746.7312,747.0824,1.0000,1.0000
1784731200,2026-07-22,747.3700,746.7181,747.0736,1.0000,1.0000
1784731800,2026-07-22,747.9350,747.0311,747.6791,1.0000,1.0000
1784732400,2026-07-22,748.6100,747.6023,748.3008,1.0000,1.0000
1784733000,2026-07-22,748.8600,747.8707,748.5619,1.0000,1.0000
1784733600,2026-07-22,749.4100,748.5347,749.1145,1.0000,1.0000
1784734200,2026-07-22,748.9150,747.9528,748.5583,1.0000,1.0000
1784734800,2026-07-22,749.3800,748.3054,749.0459,1.0000,1.0000
1784735400,2026-07-22,749.7600,748.6047,749.4362,1.0000,1.0000
1784736000,2026-07-22,749.7450,748.7559,749.4064,1.0000,1.0000
1784736600,2026-07-22,749.9750,748.7474,749.5969,1.0000,1.0000
1784737200,2026-07-22,749.8500,748.6311,749.5174,1.0000,1.0000
1784737800,2026-07-22,749.8700,748.6566,749.5086,1.0000,1.0000
1784738400,2026-07-22,749.6050,748.2774,749.2467,1.0000,1.0000
1784739000,2026-07-22,749.8300,748.4787,749.4937,1.0000,1.0000
1784739600,2026-07-22,749.6100,748.3375,749.3038,1.0000,1.0000
1784740200,2026-07-22,749.2500,748.1074,748.9422,1.0000,1.0000
1784740800,2026-07-22,749.0445,747.8401,748.7231,1.0000,1.0000
1784741400,2026-07-22,749.3600,748.1187,749.0419,1.0000,1.0000
1784742000,2026-07-22,749.0500,747.8589,748.6972,1.0000,1.0000
1784742600,2026-07-22,748.5200,747.2448,748.1265,1.0000,1.0000
1784743200,2026-07-22,748.3290,747.0740,747.9649,1.0000,1.0000
1784743800,2026-07-22,748.2300,746.9724,747.9341,1.0000,1.0000
1784744400,2026-07-22,748.4900,747.1752,748.1356,1.0000,1.0000
1784745000,2026-07-22,748.4100,746.9480,748.0227,1.0000,1.0000
1784745600,2026-07-22,748.2225,746.6642,747.8362,1.0000,1.0000
1784746200,2026-07-22,748.4100,746.9774,748.0676,1.0000,1.0000
1784746800,2026-07-22,748.1900,746.6117,747.8443,1.0000,1.0000
1784747400,2026-07-22,748.1100,746.6653,747.7754,1.0000,1.0000
1784748000,2026-07-22,748.0000,746.5199,747.6024,1.0000,1.0000
1784748600,2026-07-22,747.4100,745.9117,747.0227,1.0000,1.0000
1784749200,2026-07-22,747.9800,746.4914,747.5723,1.0000,1.0000
1784749800,2026-07-22,747.3900,746.0181,746.9963,1.0000,1.0000
1784813400,2026-07-23,741.4450,741.8600,740.4451,1.0000,1.0000
1784814000,2026-07-23,740.4000,741.1954,739.3305,1.0000,1.0000
1784814600,2026-07-23,739.5750,740.4023,738.6342,1.0000,1.0000
1784815200,2026-07-23,739.3600,740.2203,738.3131,1.0000,1.0000
1784815800,2026-07-23,739.5100,740.7439,738.4759,1.0000,1.0000
1784816400,2026-07-23,739.8000,740.8807,738.6463,1.0000,1.0000
1784817000,2026-07-23,740.3800,741.1399,739.1878,1.0000,1.0000
1784817600,2026-07-23,738.8300,739.9443,737.6468,1.0000,1.0000
1784818200,2026-07-23,738.3100,739.5228,737.1611,1.0000,1.0000
1784818800,2026-07-23,737.1550,738.1521,736.0026,1.0000,1.0000
1784819400,2026-07-23,737.1800,738.0011,736.0121,1.0000,1.0000
1784820000,2026-07-23,735.9299,736.7273,734.7325,1.0000,1.0000
1784820600,2026-07-23,737.3480,738.0017,736.1688,1.0000,1.0000
1784821200,2026-07-23,736.8962,737.4230,735.7275,1.0000,1.0000
1784821800,2026-07-23,737.8450,738.3332,736.6818,1.0000,1.0000
1784822400,2026-07-23,738.4700,738.8807,737.3477,1.0000,1.0000
1784823000,2026-07-23,738.5700,739.0029,737.4697,1.0000,1.0000
1784823600,2026-07-23,739.4500,740.0425,738.3335,1.0000,1.0000
1784824200,2026-07-23,739.6999,740.2650,738.4705,1.0000,1.0000
1784824800,2026-07-23,738.0250,738.5398,736.9486,1.0000,1.0000
1784825400,2026-07-23,738.6600,739.0517,737.4761,1.0000,1.0000
1784826000,2026-07-23,738.4900,738.8007,737.3705,1.0000,1.0000
1784826600,2026-07-23,738.5250,738.7382,737.3700,0.9991,1.0000
1784827200,2026-07-23,738.7500,738.9885,737.6323,1.0000,1.0000
1784827800,2026-07-23,737.6200,737.8289,736.4326,1.0000,1.0000
1784828400,2026-07-23,738.1600,738.3840,737.0086,1.0000,1.0000
1784829000,2026-07-23,737.1900,737.3132,736.0294,1.0000,1.0000
1784829600,2026-07-23,736.8620,737.0082,735.7325,1.0000,1.0000
1784830200,2026-07-23,737.0000,737.1635,735.8067,1.0000,1.0000
1784830800,2026-07-23,737.4200,737.5015,736.2135,1.0000,1.0000
1784831400,2026-07-23,736.9300,737.2484,735.7857,1.0000,1.0000
1784832000,2026-07-23,737.3000,737.4803,736.0963,1.0000,1.0000
1784832600,2026-07-23,737.0500,737.2730,735.8616,1.0000,1.0000
1784833200,2026-07-23,736.7300,736.9800,735.5834,1.0000,1.0000
1784833800,2026-07-23,736.9500,737.1484,735.7570,1.0000,1.0000
1784834400,2026-07-23,737.4800,737.8779,736.2703,1.0000,1.0000
1784835000,2026-07-23,736.8900,737.2310,735.6511,1.0000,1.0000
1784835600,2026-07-23,735.9300,736.1071,734.7191,1.0000,1.0000
1784836200,2026-07-23,738.2400,738.4137,737.0778,1.0000,1.0000
1784899800,2026-07-24,739.1100,739.3512,737.8384,1.0000,1.0000
1784900400,2026-07-24,739.8200,739.7021,738.4998,1.0000,1.0000
1784901000,2026-07-24,737.5300,737.2128,736.3044,1.0000,1.0000
1784901600,2026-07-24,739.3000,739.0179,737.9828,1.0000,1.0000
1784902200,2026-07-24,738.5350,738.0613,737.1465,1.0000,1.0000
1784902800,2026-07-24,739.1800,738.8747,737.8211,1.0000,1.0000
1784903400,2026-07-24,738.0600,737.3318,736.6221,1.0000,1.0000
1784904000,2026-07-24,738.5300,738.0622,737.0907,1.0000,1.0000
1784904600,2026-07-24,740.5900,740.0897,739.2227,1.0000,1.0000
1784905200,2026-07-24,739.6999,738.9793,738.2700,1.0000,1.0000
1784905800,2026-07-24,741.4775,741.0738,740.0124,1.0000,1.0000
1784906400,2026-07-24,742.6100,742.0484,741.1430,1.0000,1.0000
1784907000,2026-07-24,743.0700,742.6691,741.6944,1.0000,1.0000
1784907600,2026-07-24,742.1300,741.5626,740.6542,1.0000,1.0000
1784908200,2026-07-24,743.0150,742.5807,741.5391,1.0000,1.0000
1784908800,2026-07-24,743.2800,742.8674,741.8526,1.0000,1.0000
1784909400,2026-07-24,743.1347,742.5609,741.7157,1.0000,1.0000
1784910000,2026-07-24,743.1900,742.7351,741.7346,1.0000,1.0000
1784910600,2026-07-24,742.2700,741.6061,740.8709,1.0000,1.0000
1784911200,2026-07-24,741.1899,740.5946,739.8141,1.0000,1.0000
1784911800,2026-07-24,741.4500,740.9143,740.0902,1.0000,1.0000
1784912400,2026-07-24,740.4183,739.7608,739.0607,1.0000,1.0000
1784913000,2026-07-24,741.4100,740.7221,740.0006,1.0000,1.0000
1784913600,2026-07-24,741.7100,741.2223,740.3379,1.0000,1.0000
1784914200,2026-07-24,741.5100,741.0213,740.0955,1.0000,1.0000
1784914800,2026-07-24,741.3100,740.7684,739.8612,1.0000,1.0000
1784915400,2026-07-24,740.9800,740.5543,739.6195,1.0000,1.0000
1784916000,2026-07-24,740.9700,740.4652,739.5802,1.0000,1.0000
1784916600,2026-07-24,740.2300,739.5776,738.7957,1.0000,1.0000
1784917200,2026-07-24,739.0350,738.5366,737.6458,1.0000,1.0000
1784917800,2026-07-24,738.2700,737.7954,736.8981,1.0000,1.0000
1784918400,2026-07-24,738.3100,737.9103,736.9483,1.0000,1.0000
1784919000,2026-07-24,738.3800,737.9417,737.0288,1.0000,1.0000
1784919600,2026-07-24,737.6050,737.0847,736.2730,1.0000,1.0000
1784920200,2026-07-24,737.8000,737.2766,736.4433,1.0000,1.0000
1784920800,2026-07-24,737.6500,737.1704,736.2722,1.0000,1.0000
1784921400,2026-07-24,738.1100,737.5810,736.7308,1.0000,1.0000
1784922000,2026-07-24,738.3399,737.7875,736.9336,1.0000,1.0000
1784922600,2026-07-24,738.8500,738.2095,737.5408,1.0000,1.0000
1785159000,2026-07-27,744.9700,744.6961,743.8139,1.0000,1.0000
1785159600,2026-07-27,743.8000,743.6043,742.7739,1.0000,1.0000
1785160200,2026-07-27,741.6000,741.0870,740.5485,0.9998,1.0000
1785160800,2026-07-27,741.7500,740.6425,740.6349,1.0000,1.0000
1785161400,2026-07-27,740.9900,739.7191,739.9015,1.0000,1.0000
1785162000,2026-07-27,738.3150,737.2011,737.1965,1.0000,1.0000
1785162600,2026-07-27,738.0800,736.9457,736.9889,1.0000,1.0000
1785163200,2026-07-27,738.0000,737.0437,736.9170,1.0000,1.0000
1785163800,2026-07-27,739.6901,738.6577,738.5826,0.9998,1.0000
1785164400,2026-07-27,739.2200,738.1538,738.2298,1.0000,1.0000
1785165000,2026-07-27,738.8050,737.6089,737.7373,1.0000,1.0000
1785165600,2026-07-27,738.2900,737.1512,737.2135,1.0000,1.0000
1785166200,2026-07-27,736.9400,735.9552,735.8924,1.0000,1.0000
1785166800,2026-07-27,736.8900,735.8359,735.8497,1.0000,1.0000
1785167400,2026-07-27,737.4850,736.4938,736.3976,1.0000,1.0000
1785168000,2026-07-27,738.3000,737.4683,737.2177,0.9998,1.0000
1785168600,2026-07-27,737.3000,736.6563,736.2177,1.0000,1.0000
1785169200,2026-07-27,738.7200,738.3219,737.6948,1.0000,1.0000
1785169800,2026-07-27,738.9700,738.6029,737.9069,1.0000,1.0000
1785170400,2026-07-27,738.1000,737.8298,737.1195,1.0000,1.0000
1785171000,2026-07-27,737.0570,736.6763,736.0471,1.0000,1.0000
1785171600,2026-07-27,736.3700,736.0099,735.3468,1.0000,1.0000
1785172200,2026-07-27,736.2150,735.8452,735.1599,1.0000,1.0000
1785172800,2026-07-27,736.2000,735.8936,735.1707,1.0000,1.0000
1785173400,2026-07-27,736.7100,736.4610,735.7360,1.0000,1.0000
1785174000,2026-07-27,736.7600,736.4533,735.7119,1.0000,1.0000
1785174600,2026-07-27,737.8000,737.5709,736.7386,1.0000,1.0000
1785175200,2026-07-27,737.6800,737.4843,736.5977,1.0000,1.0000
1785175800,2026-07-27,737.2500,736.9015,736.1728,1.0000,1.0000
1785176400,2026-07-27,737.6200,737.3393,736.5647,1.0000,1.0000
1785177000,2026-07-27,736.7900,736.4487,735.7558,1.0000,1.0000
1785177600,2026-07-27,737.3700,736.9765,736.3563,1.0000,1.0000
1785178200,2026-07-27,739.0600,738.7448,737.9890,1.0000,1.0000
1785178800,2026-07-27,739.3200,739.2715,738.2577,1.0000,1.0000
1785179400,2026-07-27,739.4950,739.2803,738.4212,1.0000,1.0000
1785180000,2026-07-27,739.6500,739.6272,738.5940,1.0000,1.0000
1785180600,2026-07-27,738.9900,738.8638,737.8796,1.0000,1.0000
1785181200,2026-07-27,739.0400,739.0056,737.9369,1.0000,1.0000
1785181800,2026-07-27,739.0200,739.0213,737.8962,1.0000,1.0000
1785245400,2026-07-28,737.7900,736.4818,736.6012,1.0000,1.0000
1785246000,2026-07-28,737.5300,736.5703,736.4712,1.0000,1.0000
1785246600,2026-07-28,736.5000,735.3156,735.4438,1.0000,1.0000
1785247200,2026-07-28,737.0900,735.6465,736.0301,1.0000,1.0000
1785247800,2026-07-28,736.6100,735.1295,735.5552,1.0000,1.0000
1785248400,2026-07-28,737.7000,736.4703,736.6551,1.0000,1.0000
1785249000,2026-07-28,737.5300,736.4207,736.5346,1.0000,1.0000
1785249600,2026-07-28,739.3100,738.1040,738.2240,1.0000,1.0000
1785250200,2026-07-28,738.6400,737.5180,737.6138,1.0000,1.0000
1785250800,2026-07-28,738.8000,737.5904,737.6984,1.0000,1.0000
1785251400,2026-07-28,740.5700,739.1011,739.5221,1.0000,1.0000
1785252000,2026-07-28,741.2000,740.1145,740.1763,1.0000,1.0000
1785252600,2026-07-28,741.6200,740.6043,740.6968,1.0000,1.0000
1785253200,2026-07-28,742.3200,741.2950,741.2837,1.0000,1.0000
1785253800,2026-07-28,742.2150,740.9700,741.2334,1.0000,1.0000
1785254400,2026-07-28,741.5700,740.3253,740.5885,1.0000,1.0000
1785255000,2026-07-28,741.9000,740.5254,740.9084,1.0000,1.0000
1785255600,2026-07-28,741.2100,739.9362,740.2635,1.0000,1.0000
1785256200,2026-07-28,741.7799,740.4659,740.7882,1.0000,1.0000
1785256800,2026-07-28,741.7900,740.5854,740.7675,1.0000,1.0000
1785257400,2026-07-28,742.6100,741.3381,741.6218,1.0000,1.0000
1785258000,2026-07-28,741.5299,740.2774,740.5531,1.0000,1.0000
1785258600,2026-07-28,741.3100,739.9827,740.3817,1.0000,1.0000
1785259200,2026-07-28,741.3100,739.9857,740.3205,1.0000,1.0000
1785259800,2026-07-28,741.4000,739.9225,740.4125,1.0000,1.0000
1785260400,2026-07-28,741.3000,739.8813,740.3105,1.0000,1.0000
1785261000,2026-07-28,741.1900,739.6177,740.2028,1.0000,1.0000
1785261600,2026-07-28,740.8500,739.4780,739.8219,1.0000,1.0000
1785262200,2026-07-28,740.7600,739.3467,739.7352,1.0000,1.0000
1785262800,2026-07-28,740.5900,739.1956,739.5707,1.0000,1.0000
1785263400,2026-07-28,740.8200,739.4513,739.8033,1.0000,1.0000
1785264000,2026-07-28,741.2500,739.8617,740.2223,1.0000,1.0000
1785264600,2026-07-28,741.4500,740.1759,740.4447,0.9998,1.0000
1785265200,2026-07-28,741.4200,740.1684,740.3692,1.0000,1.0000
1785265800,2026-07-28,741.6499,740.4406,740.5736,1.0000,1.0000
1785266400,2026-07-28,741.7000,740.6082,740.6340,1.0000,1.0000
1785267000,2026-07-28,741.0100,739.7417,739.9679,1.0000,1.0000
1785267600,2026-07-28,741.1100,740.0288,740.0715,1.0000,1.0000
1785268200,2026-07-28,740.7600,739.5490,739.6468,1.0000,1.0000
1785331800,2026-07-29,739.9000,738.9892,738.9760,1.0000,1.0000
1785332400,2026-07-29,739.1550,738.3500,738.2453,1.0000,1.0000
1785333000,2026-07-29,737.3600,736.5030,736.4325,1.0000,1.0000
1785333600,2026-07-29,736.8100,736.2462,735.8342,1.0000,1.0000
1785334200,2026-07-29,735.8900,735.1266,734.8831,1.0000,1.0000
1785334800,2026-07-29,734.9200,734.0104,734.0092,1.0000,1.0000
1785335400,2026-07-29,734.8100,733.7702,733.8253,1.0000,1.0000
1785336000,2026-07-29,734.4300,733.3825,733.4150,1.0000,1.0000
1785336600,2026-07-29,734.8200,733.7081,733.8371,1.0000,1.0000
1785337200,2026-07-29,735.5900,734.4217,734.5577,1.0000,1.0000
1785337800,2026-07-29,734.5600,733.4742,733.5620,1.0000,1.0000
1785338400,2026-07-29,734.4200,733.3798,733.4181,1.0000,1.0000
1785339000,2026-07-29,734.0300,732.9064,733.0444,1.0000,1.0000
1785339600,2026-07-29,734.4400,733.3829,733.4583,1.0000,1.0000
1785340200,2026-07-29,733.7300,732.7220,732.7544,1.0000,1.0000
1785340800,2026-07-29,732.7100,731.5347,731.7684,1.0000,1.0000
1785341400,2026-07-29,732.2300,730.7732,731.2652,1.0000,1.0000
1785342000,2026-07-29,733.8500,732.3862,732.8685,1.0000,1.0000
1785342600,2026-07-29,733.5700,732.0828,732.6265,1.0000,1.0000
1785343200,2026-07-29,733.9300,732.3945,732.9536,1.0000,1.0000
1785343800,2026-07-29,734.8700,733.3608,733.9033,1.0000,1.0000
1785344400,2026-07-29,735.3950,733.9518,734.4829,1.0000,1.0000
1785345000,2026-07-29,736.7300,735.1543,735.7803,1.0000,1.0000
1785345600,2026-07-29,735.7400,734.2577,734.8493,1.0000,1.0000
1785346200,2026-07-29,735.6400,734.1990,734.6645,1.0000,1.0000
1785346800,2026-07-29,735.9780,734.6514,735.0161,1.0000,1.0000
1785347400,2026-07-29,736.4075,735.0092,735.4853,1.0000,1.0000
1785348000,2026-07-29,738.0900,736.6618,737.1225,1.0000,1.0000
1785348600,2026-07-29,737.0200,735.5030,736.0832,1.0000,1.0000
1785349200,2026-07-29,737.3100,735.8332,736.3940,1.0000,1.0000
1785349800,2026-07-29,738.9400,737.5570,738.0194,1.0000,1.0000
1785350400,2026-07-29,741.9200,740.7979,741.0263,1.0000,1.0000
1785351000,2026-07-29,741.9500,740.8186,741.0413,1.0000,1.0000
1785351600,2026-07-29,738.4300,737.2107,737.5463,1.0000,1.0000
1785352200,2026-07-29,737.5899,736.3008,736.6427,1.0000,1.0000
1785352800,2026-07-29,735.1500,734.1112,734.2671,1.0000,1.0000
1785353400,2026-07-29,731.5950,730.5000,730.7299,1.0000,1.0000
1785354000,2026-07-29,731.9099,730.5960,730.9595,1.0000,1.0000
1785354600,2026-07-29,729.5100,728.2935,728.6704,1.0000,1.0000
1785418200,2026-07-30,735.3400,733.5506,734.4417,1.0000,1.0000
1785418800,2026-07-30,737.4000,735.8220,736.4455,1.0000,1.0000
1785419400,2026-07-30,738.6250,737.0151,737.8112,1.0000,1.0000
1785420000,2026-07-30,737.7672,735.7259,736.8977,1.0000,1.0000
1785420600,2026-07-30,737.7900,735.8435,736.8725,1.0000,1.0000
1785421200,2026-07-30,738.6400,736.6537,737.6775,1.0000,1.0000
1785421800,2026-07-30,738.6850,736.7726,737.7126,1.0000,1.0000
1785422400,2026-07-30,737.2200,735.1841,736.2169,1.0000,1.0000
1785423000,2026-07-30,736.2300,734.1092,735.2943,1.0000,1.0000
1785423600,2026-07-30,736.7500,734.8048,735.8135,1.0000,1.0000
1785424200,2026-07-30,735.4700,733.5875,734.5331,1.0000,1.0000
1785424800,2026-07-30,734.8000,733.1274,733.8863,1.0000,1.0000
1785425400,2026-07-30,735.9300,734.2541,734.9863,1.0000,1.0000
1785426000,2026-07-30,737.0750,735.2676,736.1183,1.0000,1.0000
1785426600,2026-07-30,737.1300,735.2272,736.1357,1.0000,1.0000
1785427200,2026-07-30,738.1900,736.1212,737.1873,1.0000,1.0000
1785427800,2026-07-30,738.9500,736.7811,737.9032,1.0000,1.0000
1785428400,2026-07-30,738.7600,736.4583,737.7238,1.0000,1.0000
1785429000,2026-07-30,738.5100,736.2438,737.4887,1.0000,1.0000
1785429600,2026-07-30,738.5600,736.4019,737.4783,1.0000,1.0000
1785430200,2026-07-30,738.9850,736.8238,737.9303,0.9997,1.0000
1785430800,2026-07-30,739.7800,737.6630,738.6869,1.0000,1.0000
1785431400,2026-07-30,740.1800,738.1531,739.0435,1.0000,1.0000
1785432000,2026-07-30,739.7600,737.7558,738.6100,1.0000,1.0000
1785432600,2026-07-30,739.3000,737.3182,738.1910,1.0000,1.0000
1785433200,2026-07-30,739.8703,737.9091,738.8188,1.0000,1.0000
1785433800,2026-07-30,739.7800,737.7405,738.6787,1.0000,1.0000
1785434400,2026-07-30,740.0850,738.0693,738.9935,1.0000,1.0000
1785435000,2026-07-30,740.1700,738.1359,739.0176,1.0000,1.0000
1785435600,2026-07-30,740.3800,738.4670,739.2521,1.0000,1.0000
1785436200,2026-07-30,740.1200,738.0199,738.9730,1.0000,1.0000
1785436800,2026-07-30,740.5100,738.2655,739.3762,1.0000,1.0000
1785437400,2026-07-30,740.7700,738.5338,739.6162,1.0000,1.0000
1785438000,2026-07-30,741.7750,739.6652,740.6293,1.0000,1.0000
1785438600,2026-07-30,742.2900,740.2032,741.2005,1.0000,1.0000
1785439200,2026-07-30,741.7800,739.6830,740.6772,1.0000,1.0000
1785439800,2026-07-30,741.7300,739.6546,740.5746,1.0000,1.0000
1785440400,2026-07-30,741.6100,739.5283,740.4292,1.0000,1.0000
1785441000,2026-07-30,741.7100,739.7850,740.5039,1.0000,1.0000
1785504600,2026-07-31,744.1220,742.5786,743.4878,1.0000,1.0000
1785505200,2026-07-31,742.2850,740.0235,741.5221,1.0000,1.0000
1785505800,2026-07-31,741.9400,739.5504,741.1587,1.0000,1.0000
1785506400,2026-07-31,739.1400,736.1991,738.2665,1.0000,1.0000
1785507000,2026-07-31,738.6050,735.8140,737.8032,1.0000,1.0000
1785507600,2026-07-31,740.4900,737.6833,739.6101,1.0000,1.0000
1785508200,2026-07-31,741.2250,738.2085,740.3546,1.0000,1.0000
1785508800,2026-07-31,742.4229,739.1354,741.6585,1.0000,1.0000
1785509400,2026-07-31,742.5000,739.1818,741.7226,1.0000,1.0000
1785510000,2026-07-31,741.8400,738.6271,741.0250,1.0000,1.0000
1785510600,2026-07-31,741.9500,738.6986,741.0742,1.0000,1.0000
1785511200,2026-07-31,740.3000,737.2581,739.3940,1.0000,1.0000
1785511800,2026-07-31,742.0650,739.0803,741.2096,1.0000,1.0000
1785512400,2026-07-31,741.4300,738.5439,740.5188,1.0000,1.0000
1785513000,2026-07-31,743.0908,739.9975,742.2534,1.0000,1.0000
1785513600,2026-07-31,743.0400,739.8132,742.2521,1.0000,1.0000
1785514200,2026-07-31,743.3050,739.9563,742.4674,1.0000,1.0000
1785514800,2026-07-31,744.4200,740.9262,743.5953,1.0000,1.0000
1785515400,2026-07-31,744.5500,741.3098,743.7067,1.0000,1.0000
1785516000,2026-07-31,744.5300,741.1780,743.7487,1.0000,1.0000
1785516600,2026-07-31,744.6200,741.4977,743.8672,1.0000,1.0000
1785517200,2026-07-31,744.8100,741.5664,743.9864,1.0000,1.0000
1785517800,2026-07-31,745.4500,742.2249,744.6405,1.0000,1.0000
1785518400,2026-07-31,746.2900,743.1146,745.4896,1.0000,1.0000
1785519000,2026-07-31,745.7899,742.7657,744.9939,1.0000,1.0000
1785519600,2026-07-31,745.2900,742.1481,744.4687,1.0000,1.0000
1785520200,2026-07-31,745.4400,742.3219,744.6262,1.0000,1.0000
1785520800,2026-07-31,745.8900,742.6578,745.0903,1.0000,1.0000
1785521400,2026-07-31,746.0850,742.6083,745.3123,1.0000,1.0000
1785522000,2026-07-31,746.0100,742.6515,745.1912,1.0000,1.0000
1785522600,2026-07-31,745.8200,742.4934,744.9920,1.0000,1.0000
1785523200,2026-07-31,746.3400,742.9802,745.5425,1.0000,1.0000
1785523800,2026-07-31,746.1550,742.7422,745.3624,1.0000,1.0000
1785524400,2026-07-31,746.1600,742.6183,745.4021,1.0000,1.0000
1785525000,2026-07-31,747.5200,743.8170,746.6900,1.0000,1.0000
1785525600,2026-07-31,747.4900,743.6680,746.6255,1.0000,1.0000
1785526200,2026-07-31,747.5600,743.5629,746.7375,1.0000,1.0000
1785526800,2026-07-31,748.5000,744.3726,747.6792,1.0000,1.0000
1785527400,2026-07-31,746.8100,742.0667,745.9147,1.0000,1.0000
1785763800,2026-08-03,751.7200,745.5073,751.3519,1.0000,1.0000
1785764400,2026-08-03,751.9100,745.3318,751.3636,1.0000,1.0000
1785765000,2026-08-03,753.6200,747.4823,753.1941,1.0000,1.0000
1785765600,2026-08-03,753.5800,747.1106,753.1006,1.0000,1.0000
1785766200,2026-08-03,754.1827,748.0290,753.6615,1.0000,1.0000
1785766800,2026-08-03,754.5000,748.4652,753.9834,1.0000,1.0000
1785767400,2026-08-03,754.7950,748.7772,754.2467,1.0000,1.0000
1785768000,2026-08-03,754.8700,748.9154,754.2760,1.0000,1.0000
1785768600,2026-08-03,755.3701,749.3790,754.8253,1.0000,1.0000
1785769200,2026-08-03,754.9500,748.6893,754.3861,1.0000,1.0000
1785769800,2026-08-03,755.3900,749.0840,754.8454,1.0000,1.0000
1785770400,2026-08-03,755.1100,748.4492,754.5662,1.0000,1.0000
1785771000,2026-08-03,755.5600,748.7642,755.1042,1.0000,1.0000
1785771600,2026-08-03,756.0200,749.2839,755.5479,1.0000,1.0000
1785772200,2026-08-03,755.9550,749.3339,755.5035,1.0000,1.0000
1785772800,2026-08-03,756.0291,749.3465,755.5133,1.0000,1.0000
1785773400,2026-08-03,756.2350,749.6120,755.7597,1.0000,1.0000
1785774000,2026-08-03,756.5700,749.7499,756.0615,1.0000,1.0000
1785774600,2026-08-03,756.2900,749.1890,755.7391,1.0000,1.0000
1785775200,2026-08-03,756.3100,749.1833,755.7872,1.0000,1.0000
1785775800,2026-08-03,756.2200,749.0218,755.6940,1.0000,1.0000
1785776400,2026-08-03,756.2150,749.0985,755.6947,1.0000,1.0000
1785777000,2026-08-03,756.7700,749.7323,756.2189,1.0000,1.0000
1785777600,2026-08-03,757.0850,749.9444,756.5073,1.0000,1.0000
1785778200,2026-08-03,757.2100,750.2643,756.6281,1.0000,1.0000
1785778800,2026-08-03,757.4400,750.5672,756.8593,1.0000,1.0000
1785779400,2026-08-03,757.6451,750.9725,757.0752,1.0000,1.0000
1785780000,2026-08-03,758.3050,751.7089,757.7120,1.0000,1.0000
1785780600,2026-08-03,757.9600,751.4651,757.3842,1.0000,1.0000
1785781200,2026-08-03,757.5700,751.0576,756.9959,1.0000,1.0000
1785781800,2026-08-03,757.6700,751.0505,757.1022,1.0000,1.0000
1785782400,2026-08-03,758.1050,751.3741,757.5560,1.0000,1.0000
1785783000,2026-08-03,757.9350,751.1625,757.3861,1.0000,1.0000
1785783600,2026-08-03,758.1900,751.4643,757.6088,1.0000,1.0000
1785784200,2026-08-03,758.3400,751.7738,757.7843,1.0000,1.0000
1785784800,2026-08-03,758.3400,751.7209,757.7817,1.0000,1.0000
1785785400,2026-08-03,758.0000,751.4416,757.4411,1.0000,1.0000
1785786000,2026-08-03,758.1400,751.7951,757.6435,1.0000,1.0000
1785786600,2026-08-03,757.6700,751.3956,757.1001,1.0000,1.0000
1785850200,2026-08-04,761.9500,757.3251,761.2045,1.0000,1.0000
1785850800,2026-08-04,762.5300,758.0917,761.7580,1.0000,1.0000
1785851400,2026-08-04,763.3900,758.5629,762.6239,1.0000,1.0000
1785852000,2026-08-04,764.3400,759.3363,763.6400,1.0000,1.0000
1785852600,2026-08-04,765.2450,760.1766,764.4756,1.0000,1.0000
1785853200,2026-08-04,764.4900,759.5643,763.7348,1.0000,1.0000
1785853800,2026-08-04,765.1600,760.2324,764.3569,1.0000,1.0000
1785854400,2026-08-04,765.9200,761.1644,765.0111,1.0000,1.0000
1785855000,2026-08-04,766.3000,761.6100,765.5131,1.0000,1.0000
1785855600,2026-08-04,766.8500,762.2235,765.9495,1.0000,1.0000
1785856200,2026-08-04,767.3250,762.9219,766.4284,1.0000,1.0000
1785856800,2026-08-04,767.3500,762.8728,766.5291,1.0000,1.0000
1785857400,2026-08-04,767.8000,763.4261,766.8796,1.0000,1.0000
1785858000,2026-08-04,768.6499,764.3632,767.7382,1.0000,1.0000
1785858600,2026-08-04,768.4400,764.0356,767.5817,1.0000,1.0000
1785859200,2026-08-04,768.3800,764.1954,767.5711,1.0000,1.0000
1785859800,2026-08-04,768.7500,764.5561,767.9311,0.9998,1.0000
1785860400,2026-08-04,769.2400,765.1051,768.3392,1.0000,1.0000
1785861000,2026-08-04,769.4850,765.4085,768.5901,1.0000,1.0000
1785861600,2026-08-04,770.1950,765.9477,769.2363,1.0000,1.0000
1785862200,2026-08-04,770.2650,766.1768,769.2995,1.0000,1.0000
1785862800,2026-08-04,771.0500,766.7264,770.0885,1.0000,1.0000
1785863400,2026-08-04,771.3700,766.9776,770.4023,1.0000,1.0000
1785864000,2026-08-04,771.2800,767.0439,770.3653,1.0000,1.0000
1785864600,2026-08-04,771.8600,767.5818,770.9412,1.0000,1.0000
1785865200,2026-08-04,772.7300,768.3717,771.7908,1.0000,1.0000
1785865800,2026-08-04,771.5700,767.2710,770.6971,1.0000,1.0000
1785866400,2026-08-04,771.8500,767.4782,770.9452,1.0000,1.0000
1785867000,2026-08-04,772.1100,767.6983,771.2682,1.0000,1.0000
1785867600,2026-08-04,772.3700,767.8281,771.4405,1.0000,1.0000
1785868200,2026-08-04,771.8900,767.4248,770.9836,1.0000,1.0000
1785868800,2026-08-04,772.0700,767.6884,771.2274,1.0000,1.0000
1785869400,2026-08-04,772.0700,767.7101,771.1623,1.0000,1.0000
1785870000,2026-08-04,773.0199,768.7608,772.1450,1.0000,1.0000
1785870600,2026-08-04,773.0000,768.7050,772.1219,1.0000,1.0000
1785871200,2026-08-04,772.3200,768.0320,771.4291,1.0000,1.0000
1785871800,2026-08-04,772.7800,768.4356,771.9030,1.0000,1.0000
1785872400,2026-08-04,772.9100,768.5692,772.0716,1.0000,1.0000
1785873000,2026-08-04,771.2500,767.3403,770.4517,1.0000,1.0000
1785936600,2026-08-05,776.5100,771.1095,775.6036,0.9992,1.0000
1785937200,2026-08-05,775.3900,770.8687,774.5025,0.9992,1.0000
1785937800,2026-08-05,776.7036,771.9527,775.6780,0.9992,1.0000
1785938400,2026-08-05,776.0600,770.9127,775.1402,0.9992,1.0000
1785939000,2026-08-05,775.6700,770.4499,774.7359,0.9992,1.0000
1785939600,2026-08-05,774.7809,769.4198,773.8193,0.9992,1.0000
1785940200,2026-08-05,773.9200,768.3094,773.0211,0.9992,1.0000
1785940800,2026-08-05,774.5750,768.7093,773.5843,0.9992,1.0000
1785941400,2026-08-05,773.4700,767.6222,772.4957,0.9992,1.0000
1785942000,2026-08-05,773.6300,767.8265,772.6689,0.9992,1.0000
1785942600,2026-08-05,772.4099,766.8047,771.3721,0.9992,1.0000
1785943200,2026-08-05,771.7100,766.1813,770.7138,0.9992,1.0000
1785943800,2026-08-05,772.1450,766.8640,771.1178,0.9992,1.0000
1785944400,2026-08-05,771.3406,766.2759,770.3060,0.9992,1.0000
1785945000,2026-08-05,770.6450,765.5423,769.5730,0.9992,1.0000
1785945600,2026-08-05,770.2400,766.4764,769.0519,0.9991,1.0000
1785946200,2026-08-05,770.6100,766.5181,769.5341,0.9992,1.0000
1785946800,2026-08-05,772.1000,767.9303,770.9864,0.9992,1.0000
1785947400,2026-08-05,771.5600,767.5832,770.4412,0.9990,1.0000
1785948000,2026-08-05,771.4250,767.3898,770.2868,0.9991,1.0000
1785948600,2026-08-05,771.8525,767.7768,770.7064,0.9992,1.0000
1785949200,2026-08-05,771.3200,767.2510,770.1882,0.9990,1.0000
1785949800,2026-08-05,771.3800,767.3416,770.2524,0.9992,1.0000
1785950400,2026-08-05,771.3400,767.4271,770.1898,0.9992,1.0000
1785951000,2026-08-05,771.6600,767.8804,770.4978,0.9992,1.0000
1785951600,2026-08-05,771.8300,767.9667,770.6563,0.9992,1.0000
1785952200,2026-08-05,771.5550,767.6815,770.4145,0.9992,1.0000
1785952800,2026-08-05,771.9100,767.9713,770.7961,0.9992,1.0000
1785953400,2026-08-05,772.0400,768.0815,770.9054,0.9992,1.0000
1785954000,2026-08-05,771.9400,767.9400,770.7442,0.9992,1.0000
1785954600,2026-08-05,771.4600,767.4350,770.2927,0.9992,1.0000
1785955200,2026-08-05,771.8100,767.8194,770.6224,0.9992,1.0000
1785955800,2026-08-05,771.3910,767.3339,770.2078,0.9992,1.0000
1785956400,2026-08-05,771.6905,767.7544,770.5353,0.9992,1.0000
1785957000,2026-08-05,771.8200,767.7947,770.6721,0.9992,1.0000
1785957600,2026-08-05,771.7999,767.7744,770.6303,0.9992,1.0000
1785958200,2026-08-05,771.3051,767.2477,770.1537,0.9992,1.0000
1785958800,2026-08-05,771.4900,767.5147,770.3234,0.9992,1.0000
1785959400,2026-08-05,769.7600,765.7459,768.8574,0.9992,1.0000
1786023000,2026-08-06,769.7200,764.0545,768.7502,1.0000,1.0000
1786023600,2026-08-06,771.3100,765.8719,770.2565,1.0000,1.0000
1786024200,2026-08-06,770.9200,765.4646,769.7036,1.0000,1.0000
1786024800,2026-08-06,771.4300,766.3965,770.3654,1.0000,1.0000
1786025400,2026-08-06,771.7050,766.9326,770.6612,1.0000,1.0000
1786026000,2026-08-06,770.4500,765.8652,769.3213,1.0000,1.0000
1786026600,2026-08-06,769.7600,765.3292,768.6935,1.0000,1.0000
1786027200,2026-08-06,769.6700,765.1315,768.5629,1.0000,1.0000
1786027800,2026-08-06,770.9850,766.4211,769.8992,0.9998,1.0000
1786028400,2026-08-06,770.5700,766.5978,769.4840,1.0000,1.0000
1786029000,2026-08-06,768.9600,765.0050,767.9307,1.0000,1.0000
1786029600,2026-08-06,769.2400,765.0504,768.1665,1.0000,1.0000
1786030200,2026-08-06,768.7000,764.6709,767.6498,1.0000,1.0000
1786030800,2026-08-06,769.2001,765.2002,768.1471,1.0000,1.0000
1786031400,2026-08-06,768.1250,764.0126,767.0314,1.0000,1.0000
1786032000,2026-08-06,768.3400,764.1346,767.2494,0.9997,1.0000
1786032600,2026-08-06,768.2150,763.7923,767.0592,1.0000,1.0000
1786033200,2026-08-06,768.2600,763.6681,767.0670,1.0000,1.0000
1786033800,2026-08-06,768.8700,764.3817,767.6779,1.0000,1.0000
1786034400,2026-08-06,768.4150,764.1056,767.1943,1.0000,1.0000
1786035000,2026-08-06,768.9600,764.7265,767.7931,1.0000,1.0000
1786035600,2026-08-06,768.3400,764.1189,767.1980,1.0000,1.0000
1786036200,2026-08-06,768.3400,763.9555,767.1453,0.9998,1.0000
1786036800,2026-08-06,767.8300,763.5823,766.6034,0.9998,1.0000
1786037400,2026-08-06,768.0200,763.7386,766.8367,1.0000,1.0000
1786038000,2026-08-06,767.9836,763.6858,766.8040,1.0000,1.0000
1786038600,2026-08-06,768.6303,764.3235,767.4376,1.0000,1.0000
1786039200,2026-08-06,768.8600,764.5223,767.6252,1.0000,1.0000
1786039800,2026-08-06,769.3300,765.0167,768.0720,1.0000,1.0000
1786040400,2026-08-06,769.4300,765.0116,768.1714,0.9998,1.0000
1786041000,2026-08-06,768.8300,764.4718,767.5729,1.0000,1.0000
1786041600,2026-08-06,768.8800,764.3923,767.6275,1.0000,1.0000
1786042200,2026-08-06,768.9600,764.5068,767.7243,1.0000,1.0000
1786042800,2026-08-06,769.7000,765.2167,768.4590,1.0000,1.0000
1786043400,2026-08-06,769.1600,764.6064,767.9223,1.0000,1.0000
1786044000,2026-08-06,768.6600,763.9955,767.4285,1.0000,1.0000
1786044600,2026-08-06,768.5300,763.8444,767.3068,1.0000,1.0000
1786045200,2026-08-06,768.4400,763.7923,767.2234,1.0000,1.0000
1786045800,2026-08-06,768.5300,764.0504,767.5392,1.0000,1.0000
1786109400,2026-08-07,771.1304,767.1162,770.0431,1.0000,1.0000
1786110000,2026-08-07,771.7301,767.6288,770.5778,0.9998,1.0000
1786110600,2026-08-07,771.0403,766.6683,769.8596,0.9997,1.0000
1786111200,2026-08-07,770.4950,766.1971,769.3197,1.0000,1.0000
1786111800,2026-08-07,771.8200,767.6435,770.6381,1.0000,1.0000
1786112400,2026-08-07,773.1900,768.9109,771.9971,1.0000,1.0000
1786113000,2026-08-07,771.8900,767.4995,770.7561,1.0000,1.0000
1786113600,2026-08-07,772.3900,767.9146,771.2926,1.0000,1.0000
1786114200,2026-08-07,772.8800,768.3408,771.7402,1.0000,1.0000
1786114800,2026-08-07,772.9600,768.5910,771.8460,1.0000,1.0000
1786115400,2026-08-07,772.8800,768.4299,771.7725,1.0000,1.0000
1786116000,2026-08-07,773.6500,769.2914,772.5547,1.0000,1.0000
1786116600,2026-08-07,773.3900,769.0311,772.3763,1.0000,1.0000
1786117200,2026-08-07,773.5750,769.4048,772.4836,0.9998,1.0000
1786117800,2026-08-07,773.0300,768.9702,772.0663,0.9994,1.0000
1786118400,2026-08-07,773.1650,769.2900,772.1084,0.9997,1.0000
1786119000,2026-08-07,772.9700,768.9977,771.8314,0.9998,1.0000
1786119600,2026-08-07,771.7250,767.8002,770.5717,1.0000,1.0000
1786120200,2026-08-07,772.2950,768.4453,771.1791,0.9997,1.0000
1786120800,2026-08-07,772.6400,768.9338,771.5029,1.0000,1.0000
1786121400,2026-08-07,771.9650,768.3806,770.8337,1.0000,1.0000
1786122000,2026-08-07,772.2600,768.7328,771.1416,1.0000,1.0000
1786122600,2026-08-07,772.3050,768.7822,771.1213,0.9996,1.0000
1786123200,2026-08-07,772.0900,768.5977,770.9774,0.9998,1.0000
1786123800,2026-08-07,772.3700,768.8087,771.2007,1.0000,1.0000
1786124400,2026-08-07,772.2900,768.6808,771.1044,0.9999,1.0000
1786125000,2026-08-07,772.1700,768.5088,770.9892,1.0000,1.0000
1786125600,2026-08-07,772.0399,768.4100,770.9276,1.0000,1.0000
1786126200,2026-08-07,771.7300,768.0460,770.5587,1.0000,1.0000
1786126800,2026-08-07,771.4800,767.7753,770.3180,1.0000,1.0000
1786127400,2026-08-07,771.3000,767.6687,770.1156,1.0000,1.0000
1786128000,2026-08-07,771.2500,767.6090,770.0889,1.0000,1.0000
1786128600,2026-08-07,771.7100,767.9991,770.5365,1.0000,1.0000
1786129200,2026-08-07,772.6500,769.0386,771.5129,1.0000,1.0000
1786129800,2026-08-07,772.8400,769.1302,771.7328,1.0000,1.0000
1786130400,2026-08-07,773.0750,769.2859,771.9613,1.0000,1.0000
1786131000,2026-08-07,772.9100,769.1822,771.7107,1.0000,1.0000
1786131600,2026-08-07,772.8700,768.9295,771.7091,1.0000,1.0000
1786132200,2026-08-07,773.2000,769.4896,772.1032,1.0000,1.0000
1786368600,2026-08-10,772.8000,769.1917,771.6035,1.0000,1.0000
1786369200,2026-08-10,773.1300,769.5665,771.9984,1.0000,1.0000
1786369800,2026-08-10,773.4690,769.7812,772.3012,1.0000,1.0000
1786370400,2026-08-10,774.0250,770.3505,772.8142,1.0000,1.0000
1786371000,2026-08-10,774.2900,770.3631,773.0973,1.0000,1.0000
1786371600,2026-08-10,774.3550,770.4242,773.2449,1.0000,1.0000
1786372200,2026-08-10,774.3400,770.4307,773.2005,1.0000,1.0000
1786372800,2026-08-10,774.9200,771.2039,773.7428,1.0000,1.0000
1786373400,2026-08-10,773.5150,769.8576,772.3993,1.0000,1.0000
1786374000,2026-08-10,773.5800,770.0226,772.4672,0.9998,1.0000
1786374600,2026-08-10,773.9200,770.5010,772.8088,1.0000,1.0000
1786375200,2026-08-10,773.7400,770.0069,772.5791,1.0000,1.0000
1786375800,2026-08-10,773.2800,769.8138,772.1149,1.0000,1.0000
1786376400,2026-08-10,773.5500,770.1190,772.4440,1.0000,1.0000
1786377000,2026-08-10,774.3100,770.8111,773.2304,1.0000,1.0000
1786377600,2026-08-10,773.9900,770.4568,772.8545,1.0000,1.0000
1786378200,2026-08-10,773.6900,770.3535,772.5818,1.0000,1.0000
1786378800,2026-08-10,773.3700,770.2978,772.2159,1.0000,1.0000
1786379400,2026-08-10,772.5700,769.6811,771.4259,1.0000,1.0000
1786380000,2026-08-10,772.6100,769.6626,771.4658,1.0000,1.0000
1786380600,2026-08-10,772.9500,770.0142,771.8542,1.0000,1.0000
1786381200,2026-08-10,773.0900,770.0725,771.9397,1.0000,1.0000
1786381800,2026-08-10,773.1400,770.0348,772.0114,1.0000,1.0000
1786382400,2026-08-10,773.1095,769.9787,771.9980,1.0000,1.0000
1786383000,2026-08-10,772.8450,769.7541,771.7855,1.0000,1.0000
1786383600,2026-08-10,772.6800,769.6262,771.6021,1.0000,1.0000
1786384200,2026-08-10,772.7390,769.6775,771.6191,1.0000,1.0000
1786384800,2026-08-10,772.9400,769.8682,771.8172,1.0000,1.0000
1786385400,2026-08-10,772.5600,769.5969,771.5304,1.0000,1.0000
1786386000,2026-08-10,772.5300,769.5069,771.4599,1.0000,1.0000
1786386600,2026-08-10,772.5600,769.4822,771.4400,0.9999,1.0000
1786387200,2026-08-10,772.8500,769.6304,771.7737,1.0000,1.0000
1786387800,2026-08-10,773.1900,769.8498,772.0795,1.0000,1.0000
1786388400,2026-08-10,773.3900,770.0622,772.2824,1.0000,1.0000
1786389000,2026-08-10,773.3000,770.1388,772.1829,1.0000,1.0000
1786389600,2026-08-10,772.9300,769.7776,771.8394,1.0000,1.0000
1786390200,2026-08-10,773.1701,769.9014,772.0832,1.0000,1.0000
1786390800,2026-08-10,773.1700,769.8813,772.1135,1.0000,1.0000
1786391400,2026-08-10,773.0600,769.4340,772.0114,1.0000,1.0000
1786455000,2026-08-11,773.1100,770.0767,772.1023,1.0000,1.0000
1786455600,2026-08-11,772.8400,770.0475,771.7876,1.0000,1.0000
1786456200,2026-08-11,773.6150,770.9817,772.5476,1.0000,1.0000
1786456800,2026-08-11,773.7900,771.2709,772.7178,1.0000,1.0000
1786457400,2026-08-11,773.6300,771.1395,772.5277,1.0000,1.0000
1786458000,2026-08-11,773.8700,771.4700,772.8285,1.0000,1.0000
1786458600,2026-08-11,773.3450,771.0012,772.3144,1.0000,1.0000
1786459200,2026-08-11,773.9000,771.4815,772.8299,1.0000,1.0000
1786459800,2026-08-11,773.6200,771.0891,772.5745,1.0000,1.0000
1786460400,2026-08-11,772.8050,770.3218,771.7275,1.0000,1.0000
1786461000,2026-08-11,772.4500,770.0765,771.3999,0.9998,1.0000
1786461600,2026-08-11,772.4010,770.0148,771.3986,0.9998,1.0000
1786462200,2026-08-11,771.8600,769.4907,770.7974,1.0000,1.0000
1786462800,2026-08-11,771.9950,769.7337,770.9723,1.0000,1.0000
1786463400,2026-08-11,772.0000,769.6908,770.9989,1.0000,1.0000
1786464000,2026-08-11,772.3100,770.0988,771.2917,1.0000,1.0000
1786464600,2026-08-11,772.0800,769.8560,771.0224,1.0000,1.0000
1786465200,2026-08-11,771.8190,769.5087,770.7530,1.0000,1.0000
1786465800,2026-08-11,771.8700,769.4704,770.8289,1.0000,1.0000
1786466400,2026-08-11,771.4300,769.2689,770.3776,1.0000,1.0000
1786467000,2026-08-11,771.1400,769.0631,770.1034,0.9997,1.0000
1786467600,2026-08-11,770.8800,768.8637,769.8525,0.9995,1.0000
1786468200,2026-08-11,770.7550,768.7508,769.7021,1.0000,1.0000
1786468800,2026-08-11,770.8500,768.8033,769.8525,0.9998,1.0000
1786469400,2026-08-11,770.8750,768.8521,769.8573,1.0000,1.0000
1786470000,2026-08-11,771.1703,769.1294,770.1693,1.0000,1.0000
1786470600,2026-08-11,771.2399,769.1692,770.1763,1.0000,1.0000
1786471200,2026-08-11,770.6900,768.7293,769.6747,0.9997,1.0000
1786471800,2026-08-11,770.7500,768.8315,769.6958,1.0000,1.0000
1786472400,2026-08-11,769.5000,767.6606,768.4392,1.0000,1.0000
1786473000,2026-08-11,770.0100,768.3033,768.9088,1.0000,1.0000
1786473600,2026-08-11,770.3400,768.5851,769.2448,1.0000,1.0000
1786474200,2026-08-11,770.0750,768.3532,769.0293,1.0000,1.0000
1786474800,2026-08-11,770.0800,768.2065,768.9985,1.0000,1.0000
1786475400,2026-08-11,770.4400,768.7154,769.3516,1.0000,1.0000
1786476000,2026-08-11,770.6300,768.9215,769.5618,1.0000,1.0000
1786476600,2026-08-11,771.0500,769.4554,770.0245,1.0000,1.0000
1786477200,2026-08-11,770.3800,768.8333,769.3904,1.0000,1.0000
1786477800,2026-08-11,770.4200,768.9461,769.4577,1.0000,1.0000
1786541400,2026-08-12,772.8800,772.1211,771.9147,1.0000,1.0000
1786542000,2026-08-12,773.5400,772.4938,772.5132,1.0000,1.0000
1786542600,2026-08-12,772.5900,771.4541,771.6302,1.0000,1.0000
1786543200,2026-08-12,772.4000,771.3545,771.4086,0.9998,1.0000
1786543800,2026-08-12,772.5000,771.4358,771.4156,1.0000,1.0000
1786544400,2026-08-12,772.7950,771.5684,771.6729,1.0000,1.0000
1786545000,2026-08-12,772.7900,771.5451,771.5836,1.0000,1.0000
1786545600,2026-08-12,772.6800,771.5848,771.5307,1.0000,1.0000
1786546200,2026-08-12,772.2200,771.0157,771.1310,1.0000,1.0000
1786546800,2026-08-12,772.0900,771.1492,771.0188,1.0000,1.0000
1786547400,2026-08-12,772.1000,771.2433,771.0225,1.0000,1.0000
1786548000,2026-08-12,772.3700,771.5917,771.2373,1.0000,1.0000
1786548600,2026-08-12,771.6850,770.9874,770.6485,1.0000,1.0000
1786549200,2026-08-12,772.1700,771.4419,771.0989,0.9996,1.0000
1786549800,2026-08-12,772.0300,771.4386,770.9348,1.0000,1.0000
1786550400,2026-08-12,772.3500,771.9017,771.2990,1.0000,1.0000
1786551000,2026-08-12,772.4343,771.9651,771.3809,1.0000,1.0000
1786551600,2026-08-12,772.4500,771.8640,771.4450,1.0000,1.0000
1786552200,2026-08-12,772.7600,772.1771,771.7599,1.0000,1.0000
1786552800,2026-08-12,772.8500,772.2325,771.8324,1.0000,1.0000
1786553400,2026-08-12,772.9050,772.2003,771.9614,1.0000,1.0000
1786554000,2026-08-12,773.0100,772.2598,772.0627,0.9994,1.0000
1786554600,2026-08-12,772.7700,771.9921,771.7925,1.0000,1.0000
1786555200,2026-08-12,772.7800,772.1625,771.8629,1.0000,1.0000
1786555800,2026-08-12,772.8650,772.3755,771.8885,1.0000,1.0000
1786556400,2026-08-12,772.8000,772.4973,771.7812,1.0000,1.0000
1786557000,2026-08-12,772.8101,772.6165,771.8603,1.0000,1.0000
1786557600,2026-08-12,772.8900,772.5673,771.8779,1.0000,1.0000
1786558200,2026-08-12,773.1300,772.7373,772.1255,1.0000,1.0000
1786558800,2026-08-12,773.0900,772.5895,772.1058,1.0000,1.0000
1786559400,2026-08-12,773.4250,772.9798,772.4333,1.0000,1.0000
1786560000,2026-08-12,773.5250,773.0702,772.5455,1.0000,1.0000
1786560600,2026-08-12,773.0600,772.5717,772.1002,1.0000,1.0000
1786561200,2026-08-12,773.2300,772.7262,772.2378,1.0000,1.0000
1786561800,2026-08-12,773.1450,772.7413,772.1762,1.0000,1.0000
1786562400,2026-08-12,772.9800,772.4913,772.0046,1.0000,1.0000
1786563000,2026-08-12,772.8900,772.4793,771.9128,1.0000,1.0000
1786563600,2026-08-12,772.8800,772.4182,771.9715,1.0000,1.0000
1786564200,2026-08-12,772.5200,772.1027,771.6570,1.0000,1.0000
1786627800,2026-08-13,776.4400,775.8481,775.5108,1.0000,1.0000
1786628400,2026-08-13,776.8400,776.3779,776.0505,1.0000,1.0000
1786629000,2026-08-13,777.6100,777.4162,776.7815,1.0000,1.0000
1786629600,2026-08-13,778.1400,777.9393,777.2765,1.0000,1.0000
1786630200,2026-08-13,778.5300,778.4328,777.7471,1.0000,1.0000
1786630800,2026-08-13,779.1900,779.1955,778.3024,1.0000,1.0000
1786631400,2026-08-13,779.0650,778.8781,778.2092,1.0000,1.0000
1786632000,2026-08-13,777.6800,777.6436,776.8124,1.0000,1.0000
1786632600,2026-08-13,777.7600,777.6347,776.9447,0.9995,1.0000
1786633200,2026-08-13,777.2350,777.3527,776.3939,1.0000,1.0000
1786633800,2026-08-13,777.1750,777.3395,776.3061,1.0000,1.0000
1786634400,2026-08-13,776.1700,776.4548,775.2071,1.0000,1.0000
1786635000,2026-08-13,775.9600,776.1635,775.0620,1.0000,1.0000
1786635600,2026-08-13,775.9099,775.9455,775.0467,1.0000,1.0000
1786636200,2026-08-13,775.4900,775.5918,774.5940,1.0000,1.0000
1786636800,2026-08-13,775.9650,776.1137,775.0609,1.0000,1.0000
1786637400,2026-08-13,775.8500,775.9065,774.9083,1.0000,1.0000
1786638000,2026-08-13,776.5200,776.6358,775.5553,1.0000,1.0000
1786638600,2026-08-13,776.2900,776.4933,775.3769,1.0000,1.0000
1786639200,2026-08-13,776.6100,776.7408,775.7254,1.0000,1.0000
1786639800,2026-08-13,776.7000,776.9281,775.7936,1.0000,1.0000
1786640400,2026-08-13,777.2500,777.5487,776.2672,1.0000,1.0000
1786641000,2026-08-13,777.4000,777.8178,776.4418,1.0000,1.0000
1786641600,2026-08-13,777.1100,777.4927,776.1959,1.0000,1.0000
1786642200,2026-08-13,776.7900,777.1921,775.8534,1.0000,1.0000
1786642800,2026-08-13,776.8300,777.0891,775.9059,1.0000,1.0000
1786643400,2026-08-13,776.7450,777.0287,775.8005,1.0000,1.0000
1786644000,2026-08-13,776.8300,777.1152,775.9007,1.0000,1.0000
1786644600,2026-08-13,776.9500,777.1471,775.9950,1.0000,1.0000
1786645200,2026-08-13,776.9800,777.1208,776.0437,1.0000,1.0000
1786645800,2026-08-13,777.4000,777.7750,776.4675,1.0000,1.0000
1786646400,2026-08-13,777.7500,778.2076,776.9117,1.0000,1.0000
1786647000,2026-08-13,777.7400,778.2126,776.8818,1.0000,1.0000
1786647600,2026-08-13,778.3550,778.8063,777.4934,1.0000,1.0000
1786648200,2026-08-13,778.1500,778.5676,777.2754,1.0000,1.0000
1786648800,2026-08-13,778.0301,778.3220,777.1229,1.0000,1.0000
1786649400,2026-08-13,777.9550,778.2847,777.0466,1.0000,1.0000
1786650000,2026-08-13,777.7700,778.0018,776.9133,1.0000,1.0000
1786650600,2026-08-13,777.8000,778.0314,776.8709,1.0000,1.0000
1786714200,2026-08-14,778.0200,778.0041,777.2366,1.0000,1.0000
1786714800,2026-08-14,777.9500,778.5057,777.0507,1.0000,1.0000
1786715400,2026-08-14,778.2900,779.0417,777.6647,1.0000,1.0000
1786716000,2026-08-14,778.5200,779.0401,777.6508,1.0000,1.0000
1786716600,2026-08-14,777.8101,778.1755,776.9191,1.0000,1.0000
1786717200,2026-08-14,777.4100,778.0580,776.4632,1.0000,1.0000
1786717800,2026-08-14,777.4000,778.0132,776.4282,1.0000,1.0000
1786718400,2026-08-14,777.2450,777.7603,776.2202,1.0000,1.0000
1786719000,2026-08-14,776.7400,777.4193,775.7581,0.9998,1.0000
1786719600,2026-08-14,776.6600,777.2929,775.6157,1.0000,1.0000
1786720200,2026-08-14,776.5900,777.2369,775.5206,1.0000,1.0000
1786720800,2026-08-14,776.3000,776.9520,775.2647,1.0000,1.0000
1786721400,2026-08-14,776.0618,776.7186,775.0978,0.9997,1.0000
1786722000,2026-08-14,775.8900,776.4637,774.9129,0.9998,1.0000
1786722600,2026-08-14,776.2200,776.7662,775.2337,1.0000,1.0000
1786723200,2026-08-14,776.2400,776.8318,775.2289,1.0000,1.0000
1786723800,2026-08-14,776.5900,777.2492,775.6026,1.0000,1.0000
1786724400,2026-08-14,776.7100,777.3439,775.7089,0.9998,1.0000
1786725000,2026-08-14,776.4700,777.1835,775.4904,1.0000,1.0000
1786725600,2026-08-14,776.1375,776.9393,775.1121,1.0000,1.0000
1786726200,2026-08-14,775.7000,776.3727,774.6419,1.0000,1.0000
1786726800,2026-08-14,775.9000,776.5608,774.8127,0.9998,1.0000
1786727400,2026-08-14,775.9650,776.6675,774.9497,0.9996,1.0000
1786728000,2026-08-14,775.7700,776.5514,774.7374,0.9998,1.0000
1786728600,2026-08-14,775.5750,776.3252,774.5897,1.0000,1.0000
1786729200,2026-08-14,775.6100,776.2139,774.6062,1.0000,1.0000
1786729800,2026-08-14,775.8300,776.6177,774.8455,0.9994,1.0000
1786730400,2026-08-14,776.1550,776.9513,775.1265,1.0000,1.0000
1786731000,2026-08-14,776.2050,777.0057,775.1824,1.0000,1.0000
1786731600,2026-08-14,775.9250,776.8263,774.9284,1.0000,1.0000
1786732200,2026-08-14,776.0050,776.8601,774.9808,1.0000,1.0000
1786732800,2026-08-14,776.2550,777.1146,775.2161,0.9998,1.0000
1786733400,2026-08-14,776.1900,777.0209,775.1609,1.0000,1.0000
1786734000,2026-08-14,776.1600,777.0070,775.1216,1.0000,1.0000
1786734600,2026-08-14,775.9950,776.8198,774.9931,1.0000,1.0000
1786735200,2026-08-14,776.1550,776.9650,775.1551,1.0000,1.0000
1786735800,2026-08-14,776.1700,776.9737,775.1409,1.0000,1.0000
1786736400,2026-08-14,776.2000,777.1156,775.2087,1.0000,1.0000
1786737000,2026-08-14,776.3000,777.3061,775.3661,1.0000,1.0000
1786973400,2026-08-17,775.4399,776.3675,774.2203,0.9996,1.0000
1786974000,2026-08-17,775.9700,777.1487,774.7721,0.9996,1.0000
1786974600,2026-08-17,775.2905,776.6056,774.2110,0.9996,1.0000
1786975200,2026-08-17,775.4350,776.7709,774.2798,0.9996,1.0000
1786975800,2026-08-17,775.3300,776.4639,774.1303,0.9996,1.0000
1786976400,2026-08-17,775.4600,776.7540,774.1579,0.9996,1.0000
1786977000,2026-08-17,775.0600,776.3396,773.8085,0.9996,1.0000
1786977600,2026-08-17,775.2850,776.7925,774.0387,0.9996,1.0000
1786978200,2026-08-17,775.2700,776.8481,774.0735,0.9996,1.0000
1786978800,2026-08-17,775.3800,776.8136,774.0892,0.9996,1.0000
1786979400,2026-08-17,775.7000,776.8757,774.4626,0.9996,1.0000
1786980000,2026-08-17,775.7150,776.8977,774.4900,0.9996,1.0000
1786980600,2026-08-17,775.0200,776.1568,773.7284,0.9996,1.0000
1786981200,2026-08-17,775.1000,776.2122,773.9056,0.9993,1.0000
1786981800,2026-08-17,775.3000,776.3664,774.1395,0.9995,1.0000
1786982400,2026-08-17,775.1300,776.2913,773.9054,0.9996,1.0000
1786983000,2026-08-17,775.5000,776.5359,774.2945,0.9996,1.0000
1786983600,2026-08-17,775.2900,776.4717,774.0545,0.9996,1.0000
1786984200,2026-08-17,775.2900,776.5342,774.0296,0.9996,1.0000
1786984800,2026-08-17,775.0050,776.3367,773.7851,0.9996,1.0000
1786985400,2026-08-17,774.6800,776.2053,773.4906,0.9994,1.0000
1786986000,2026-08-17,774.5600,775.8636,773.3462,0.9996,1.0000
1786986600,2026-08-17,774.2400,775.4863,772.9564,0.9996,1.0000
1786987200,2026-08-17,773.5800,774.7649,772.3251,0.9996,1.0000
1786987800,2026-08-17,773.1450,774.3660,771.9319,0.9996,1.0000
1786988400,2026-08-17,773.5100,774.7304,772.2487,0.9996,1.0000
1786989000,2026-08-17,773.4100,774.6609,772.1495,0.9996,1.0000
1786989600,2026-08-17,773.3900,774.5788,772.1158,0.9996,1.0000
1786990200,2026-08-17,773.5790,774.6641,772.3382,0.9996,1.0000
1786990800,2026-08-17,773.5900,774.7812,772.3518,0.9994,1.0000
1786991400,2026-08-17,773.4799,774.6053,772.2857,0.9996,1.0000
1786992000,2026-08-17,773.7200,774.8145,772.4930,0.9996,1.0000
1786992600,2026-08-17,773.5350,774.7517,772.3045,0.9996,1.0000
1786993200,2026-08-17,773.2950,774.3217,772.0717,0.9996,1.0000
1786993800,2026-08-17,773.3800,774.2862,772.1779,0.9996,1.0000
1786994400,2026-08-17,773.1200,774.0935,771.9025,0.9996,1.0000
1786995000,2026-08-17,773.0150,774.0387,771.7476,0.9996,1.0000
1786995600,2026-08-17,773.3150,774.3661,772.0337,0.9996,1.0000
1786996200,2026-08-17,772.6800,773.5348,771.3665,0.9996,1.0000
1787059800,2026-08-18,769.1300,769.8483,767.8995,0.9993,1.0000
1787060400,2026-08-18,768.4500,769.2221,767.3174,0.9993,1.0000
1787061000,2026-08-18,768.4700,769.2943,767.2876,0.9993,1.0000
1787061600,2026-08-18,768.5400,769.2442,767.4353,0.9993,1.0000
1787062200,2026-08-18,768.5500,769.0851,767.4307,0.9993,1.0000
1787062800,2026-08-18,768.6600,769.0633,767.5682,0.9993,1.0000
1787063400,2026-08-18,769.0900,769.2432,767.9495,0.9993,1.0000
1787064000,2026-08-18,768.4700,768.6190,767.3441,0.9993,1.0000
1787064600,2026-08-18,767.9200,767.9416,766.8493,0.9993,1.0000
1787065200,2026-08-18,767.7700,767.6930,766.6435,0.9993,1.0000
1787065800,2026-08-18,767.4800,767.3221,766.3938,0.9993,1.0000
1787066400,2026-08-18,767.8400,767.8727,766.8062,0.9993,1.0000
1787067000,2026-08-18,767.8250,767.8125,766.7493,0.9993,1.0000
1787067600,2026-08-18,768.3950,768.5382,767.3384,0.9993,1.0000
1787068200,2026-08-18,768.3500,768.5367,767.3058,0.9991,1.0000
1787068800,2026-08-18,768.3700,768.5017,767.3204,0.9993,1.0000
1787069400,2026-08-18,768.3100,768.4385,767.2598,0.9993,1.0000
1787070000,2026-08-18,768.2100,768.2364,767.1565,0.9993,1.0000
1787070600,2026-08-18,768.4600,768.6136,767.4418,0.9988,1.0000
1787071200,2026-08-18,768.7700,768.9902,767.7754,0.9993,1.0000
1787071800,2026-08-18,768.6300,768.6906,767.5909,0.9989,1.0000
1787072400,2026-08-18,768.7600,768.8062,767.6815,0.9993,1.0000
1787073000,2026-08-18,768.3000,768.3648,767.2224,0.9993,1.0000
1787073600,2026-08-18,768.3000,768.3808,767.2061,0.9993,1.0000
1787074200,2026-08-18,768.2200,768.3223,767.1523,0.9993,1.0000
1787074800,2026-08-18,768.0100,768.1179,766.9196,0.9993,1.0000
1787075400,2026-08-18,767.6200,767.6427,766.5058,0.9993,1.0000
1787076000,2026-08-18,767.4900,767.4811,766.3950,0.9991,1.0000
1787076600,2026-08-18,768.4100,768.4643,767.3251,0.9993,1.0000
1787077200,2026-08-18,768.3600,768.3486,767.3012,0.9993,1.0000
1787077800,2026-08-18,768.3200,768.4785,767.2241,0.9993,1.0000
1787078400,2026-08-18,768.0600,768.2118,766.9219,0.9993,1.0000
1787079000,2026-08-18,767.7000,767.8747,766.5945,0.9993,1.0000
1787079600,2026-08-18,767.8300,767.9057,766.7045,0.9993,1.0000
1787080200,2026-08-18,767.8500,767.9867,766.7599,0.9993,1.0000
1787080800,2026-08-18,768.0200,768.2618,766.9027,0.9993,1.0000
1787081400,2026-08-18,767.9500,768.0765,766.8338,0.9993,1.0000
1787082000,2026-08-18,767.8900,767.9152,766.7926,0.9993,1.0000
1787082600,2026-08-18,767.4100,767.2879,766.2167,0.9993,1.0000
1787146200,2026-08-19,769.5100,769.9873,768.4461,1.0000,1.0000
1787146800,2026-08-19,768.5437,768.8973,767.4144,1.0000,1.0000
1787147400,2026-08-19,769.9900,770.0404,768.9198,1.0000,1.0000
1787148000,2026-08-19,769.7867,769.4763,768.6953,1.0000,1.0000
1787148600,2026-08-19,769.7650,769.4357,768.7129,1.0000,1.0000
1787149200,2026-08-19,770.0300,770.0489,769.0549,1.0000,1.0000
1787149800,2026-08-19,771.1400,771.1910,770.1067,1.0000,1.0000
1787150400,2026-08-19,770.7600,770.5130,769.8107,1.0000,1.0000
1787151000,2026-08-19,772.2000,771.8077,771.2349,1.0000,1.0000
1787151600,2026-08-19,771.5200,771.1904,770.5977,1.0000,1.0000
1787152200,2026-08-19,771.5050,771.1296,770.5840,1.0000,1.0000
1787152800,2026-08-19,771.1087,770.7916,770.2227,1.0000,1.0000
1787153400,2026-08-19,770.5350,770.0459,769.6372,1.0000,1.0000
1787154000,2026-08-19,770.3875,769.9789,769.5547,1.0000,1.0000
1787154600,2026-08-19,770.6209,770.1867,769.7339,1.0000,1.0000
1787155200,2026-08-19,771.5200,770.8477,770.6564,1.0000,1.0000
1787155800,2026-08-19,771.8300,771.2840,770.9370,1.0000,1.0000
1787156400,2026-08-19,770.6700,770.1749,769.8551,1.0000,1.0000
1787157000,2026-08-19,770.5200,770.1974,769.5983,1.0000,1.0000
1787157600,2026-08-19,770.1800,769.9644,769.3141,1.0000,1.0000
1787158200,2026-08-19,769.6800,769.4094,768.8498,1.0000,1.0000
1787158800,2026-08-19,769.4900,769.1132,768.6306,0.9998,1.0000
1787159400,2026-08-19,769.4600,769.0747,768.6033,1.0000,1.0000
1787160000,2026-08-19,769.5700,769.1466,768.6897,1.0000,1.0000
1787160600,2026-08-19,769.2450,768.7743,768.3826,1.0000,1.0000
1787161200,2026-08-19,769.5301,769.2150,768.7191,1.0000,1.0000
1787161800,2026-08-19,769.5076,769.2388,768.7009,1.0000,1.0000
1787162400,2026-08-19,769.0010,768.6589,768.1624,1.0000,1.0000
1787163000,2026-08-19,769.3100,768.9320,768.4499,1.0000,1.0000
1787163600,2026-08-19,769.5800,769.2581,768.7401,1.0000,1.0000
1787164200,2026-08-19,769.7900,769.3467,768.9110,0.9998,1.0000
1787164800,2026-08-19,769.8250,769.3398,768.9538,1.0000,1.0000
1787165400,2026-08-19,769.5150,769.0143,768.6238,1.0000,1.0000
1787166000,2026-08-19,769.9000,769.3155,769.0003,1.0000,1.0000
1787166600,2026-08-19,770.0100,769.3824,769.1142,1.0000,1.0000
1787167200,2026-08-19,769.6300,769.0547,768.7329,1.0000,1.0000
1787167800,2026-08-19,769.1750,768.5792,768.2947,1.0000,1.0000
1787168400,2026-08-19,768.7600,768.1450,767.8568,1.0000,1.0000
1787169000,2026-08-19,769.0600,768.3703,768.1729,1.0000,1.0000
1787232600,2026-08-20,767.3000,766.5593,765.9173,1.0000,1.0000
1787233200,2026-08-20,767.1500,766.5455,765.7301,1.0000,1.0000
1787233800,2026-08-20,766.5500,765.8694,765.1663,1.0000,1.0000
1787234400,2026-08-20,766.6450,766.1200,765.2334,1.0000,1.0000
1787235000,2026-08-20,765.4400,764.9249,763.9391,1.0000,1.0000
1787235600,2026-08-20,766.2200,765.5428,764.6877,1.0000,1.0000
1787236200,2026-08-20,766.9700,766.3811,765.4091,1.0000,1.0000
1787236800,2026-08-20,766.7300,766.3621,765.1906,1.0000,1.0000
1787237400,2026-08-20,767.1500,766.7161,765.6122,0.9998,1.0000
1787238000,2026-08-20,766.5600,766.4300,765.0384,1.0000,1.0000
1787238600,2026-08-20,766.7700,766.6548,765.2881,1.0000,1.0000
1787239200,2026-08-20,766.7500,766.3852,765.2042,1.0000,1.0000
1787239800,2026-08-20,765.5550,765.2288,764.0579,1.0000,1.0000
1787240400,2026-08-20,765.5300,765.2022,764.0933,0.9998,1.0000
1787241000,2026-08-20,765.8400,765.5009,764.3564,1.0000,1.0000
1787241600,2026-08-20,766.0200,765.5493,764.5278,1.0000,1.0000
1787242200,2026-08-20,765.6100,765.2067,764.1341,1.0000,1.0000
1787242800,2026-08-20,765.7450,765.1312,764.2952,0.9998,1.0000
1787243400,2026-08-20,766.3000,765.5128,764.8424,1.0000,1.0000
1787244000,2026-08-20,766.3700,765.6661,764.9334,1.0000,1.0000
1787244600,2026-08-20,766.4200,765.6875,764.9383,1.0000,1.0000
1787245200,2026-08-20,765.6800,765.0630,764.2333,1.0000,1.0000
1787245800,2026-08-20,764.8600,764.3531,763.3766,1.0000,1.0000
1787246400,2026-08-20,764.7800,764.1933,763.2396,1.0000,1.0000
1787247000,2026-08-20,764.4750,763.9329,762.9775,1.0000,1.0000
1787247600,2026-08-20,764.7200,764.1040,763.2017,1.0000,1.0000
1787248200,2026-08-20,764.5400,763.8868,763.0455,1.0000,1.0000
1787248800,2026-08-20,763.7250,763.1015,762.1483,1.0000,1.0000
1787249400,2026-08-20,763.6800,763.1096,762.1150,1.0000,1.0000
1787250000,2026-08-20,763.5600,762.9585,762.0388,1.0000,1.0000
1787250600,2026-08-20,763.4200,762.7555,761.8881,1.0000,1.0000
1787251200,2026-08-20,763.7100,763.1390,762.1765,1.0000,1.0000
1787251800,2026-08-20,763.2400,762.6943,761.7247,1.0000,1.0000
1787252400,2026-08-20,763.6200,763.0970,762.0969,1.0000,1.0000
1787253000,2026-08-20,763.3400,762.8866,761.7971,1.0000,1.0000
1787253600,2026-08-20,763.4900,763.0617,761.9665,1.0000,1.0000
1787254200,2026-08-20,763.5000,763.1817,761.9912,1.0000,1.0000
1787254800,2026-08-20,763.3700,763.0246,761.8865,1.0000,1.0000
1787255400,2026-08-20,762.6200,762.2914,761.0468,1.0000,1.0000
1787319000,2026-08-21,765.0900,765.2007,763.7034,1.0000,1.0000
1787319600,2026-08-21,764.9600,765.1301,763.5978,1.0000,1.0000
1787320200,2026-08-21,764.5124,764.7693,763.2082,1.0000,1.0000
1787320800,2026-08-21,765.2400,765.4652,764.0254,1.0000,1.0000
1787321400,2026-08-21,764.6300,764.4222,763.3568,1.0000,1.0000
1787322000,2026-08-21,764.6500,764.7879,763.4115,1.0000,1.0000
1787322600,2026-08-21,764.3800,764.4628,763.0608,1.0000,1.0000
1787323200,2026-08-21,765.0300,765.2493,763.7396,1.0000,1.0000
1787323800,2026-08-21,765.8151,765.9117,764.6046,1.0000,1.0000
1787324400,2026-08-21,765.8400,766.0134,764.6090,1.0000,1.0000
1787325000,2026-08-21,765.6050,765.7111,764.3693,1.0000,1.0000
1787325600,2026-08-21,765.9550,766.1638,764.6998,0.9998,1.0000
1787326200,2026-08-21,767.0584,767.2550,765.8132,1.0000,1.0000
1787326800,2026-08-21,767.0100,767.2013,765.8096,1.0000,1.0000
1787327400,2026-08-21,767.2000,767.4508,765.9938,1.0000,1.0000
1787328000,2026-08-21,766.3500,766.5248,765.0903,1.0000,1.0000
1787328600,2026-08-21,766.0200,766.4282,764.8840,1.0000,1.0000
1787329200,2026-08-21,766.5150,766.7909,765.2991,0.9997,1.0000
1787329800,2026-08-21,766.5500,766.7571,765.3579,0.9998,1.0000
1787330400,2026-08-21,766.1700,766.4526,765.0602,1.0000,1.0000
1787331000,2026-08-21,766.3900,766.5653,765.2495,0.9998,1.0000
1787331600,2026-08-21,766.3700,766.5698,765.1898,1.0000,1.0000
1787332200,2026-08-21,766.1600,766.4240,765.0076,1.0000,1.0000
1787332800,2026-08-21,765.8000,766.0946,764.6515,1.0000,1.0000
1787333400,2026-08-21,765.5750,765.9482,764.4221,0.9997,1.0000
1787334000,2026-08-21,765.7100,766.0820,764.5122,1.0000,1.0000
1787334600,2026-08-21,765.4300,765.8580,764.2502,1.0000,1.0000
1787335200,2026-08-21,765.3150,765.7554,764.1847,1.0000,1.0000
1787335800,2026-08-21,765.4700,765.9100,764.2892,1.0000,1.0000
1787336400,2026-08-21,765.2850,765.8436,764.1395,1.0000,1.0000
1787337000,2026-08-21,765.2301,765.6860,764.0545,1.0000,1.0000
1787337600,2026-08-21,765.6561,766.1220,764.4787,0.9997,1.0000
1787338200,2026-08-21,766.1975,766.5871,764.9850,1.0000,1.0000
1787338800,2026-08-21,766.1000,766.5163,764.9439,1.0000,1.0000
1787339400,2026-08-21,765.9700,766.4090,764.8171,1.0000,1.0000
1787340000,2026-08-21,766.0500,766.3565,764.8912,1.0000,1.0000
1787340600,2026-08-21,766.2750,766.6032,765.1215,1.0000,1.0000
1787341200,2026-08-21,766.6700,767.0111,765.5184,1.0000,1.0000
1787341800,2026-08-21,765.6900,766.0442,764.4804,1.0000,1.0000
1787578200,2026-08-24,763.3600,762.6029,762.0732,1.0000,1.0000
1787578800,2026-08-24,763.1050,762.2682,761.7557,1.0000,1.0000
1787579400,2026-08-24,763.3900,762.7207,762.2535,1.0000,1.0000
1787580000,2026-08-24,762.8900,762.2970,761.6457,1.0000,1.0000
1787580600,2026-08-24,762.8700,762.0772,761.6428,1.0000,1.0000
1787581200,2026-08-24,762.9200,762.1716,761.7476,1.0000,1.0000
1787581800,2026-08-24,763.7000,762.8450,762.5272,1.0000,1.0000
1787582400,2026-08-24,763.8800,762.9192,762.6582,1.0000,1.0000
1787583000,2026-08-24,763.6400,762.8827,762.4788,1.0000,1.0000
1787583600,2026-08-24,762.9900,762.1747,761.9125,1.0000,1.0000
1787584200,2026-08-24,762.6800,761.9082,761.5959,1.0000,1.0000
1787584800,2026-08-24,763.7401,762.8647,762.5892,1.0000,1.0000
1787585400,2026-08-24,764.0250,763.3508,762.9162,1.0000,1.0000
1787586000,2026-08-24,764.2800,763.7587,763.1913,1.0000,1.0000
1787586600,2026-08-24,764.5201,763.9043,763.3548,1.0000,1.0000
1787587200,2026-08-24,764.4700,763.9912,763.3254,1.0000,1.0000
1787587800,2026-08-24,765.0500,764.4889,763.8903,1.0000,1.0000
1787588400,2026-08-24,764.8900,764.2888,763.7571,1.0000,1.0000
1787589000,2026-08-24,764.3500,763.6777,763.2040,1.0000,1.0000
1787589600,2026-08-24,764.3500,763.5801,763.2223,1.0000,1.0000
1787590200,2026-08-24,764.1900,763.5123,762.9885,1.0000,1.0000
1787590800,2026-08-24,764.4500,763.8451,763.2555,1.0000,1.0000
1787591400,2026-08-24,764.1200,763.6880,762.9646,1.0000,1.0000
1787592000,2026-08-24,763.4000,762.8835,762.2589,1.0000,1.0000
1787592600,2026-08-24,763.3900,762.8458,762.2360,1.0000,1.0000
1787593200,2026-08-24,763.2400,762.7163,762.1014,1.0000,1.0000
1787593800,2026-08-24,763.2900,762.8535,762.1166,1.0000,1.0000
1787594400,2026-08-24,763.9200,763.6166,762.7792,1.0000,1.0000
1787595000,2026-08-24,764.2350,763.9278,763.0547,1.0000,1.0000
1787595600,2026-08-24,764.8000,764.4519,763.6153,1.0000,1.0000
1787596200,2026-08-24,764.2395,763.9723,763.0297,1.0000,1.0000
1787596800,2026-08-24,764.3200,764.1553,763.1172,1.0000,1.0000
1787597400,2026-08-24,764.0000,763.8268,762.7679,1.0000,1.0000
1787598000,2026-08-24,763.9000,763.6788,762.6592,1.0000,1.0000
1787598600,2026-08-24,764.1000,763.8178,762.8784,1.0000,1.0000
1787599200,2026-08-24,763.9600,763.6651,762.7596,1.0000,1.0000
1787599800,2026-08-24,763.6550,763.3045,762.4492,1.0000,1.0000
1787600400,2026-08-24,763.7700,763.5291,762.5590,1.0000,1.0000
1787601000,2026-08-24,763.4600,763.3369,762.2893,1.0000,1.0000
1787664600,2026-08-25,766.1600,766.0542,764.9653,1.0000,1.0000
1787665200,2026-08-25,766.4600,766.2566,765.2697,1.0000,1.0000
1787665800,2026-08-25,765.6900,765.4746,764.5372,1.0000,1.0000
1787666400,2026-08-25,765.3400,765.0819,764.1257,1.0000,1.0000
1787667000,2026-08-25,765.4200,765.0889,764.1250,1.0000,1.0000
1787667600,2026-08-25,764.7000,764.6916,763.4339,1.0000,1.0000
1787668200,2026-08-25,765.0200,764.9990,763.7830,1.0000,1.0000
1787668800,2026-08-25,764.2250,764.2050,762.9813,1.0000,1.0000
1787669400,2026-08-25,764.7200,764.7623,763.4067,1.0000,1.0000
1787670000,2026-08-25,764.6050,764.6618,763.3580,1.0000,1.0000
1787670600,2026-08-25,764.9000,765.0557,763.6723,1.0000,1.0000
1787671200,2026-08-25,765.3100,765.5220,764.1042,1.0000,1.0000
1787671800,2026-08-25,765.1000,765.2763,763.8808,1.0000,1.0000
1787672400,2026-08-25,764.7100,764.8004,763.3624,1.0000,1.0000
1787673000,2026-08-25,765.4400,765.5558,764.1955,1.0000,1.0000
1787673600,2026-08-25,765.3500,765.5027,764.1064,1.0000,1.0000
1787674200,2026-08-25,765.5000,765.6107,764.2326,1.0000,1.0000
1787674800,2026-08-25,765.7600,765.8606,764.4601,1.0000,1.0000
1787675400,2026-08-25,765.9000,765.9580,764.6583,1.0000,1.0000
1787676000,2026-08-25,765.6250,765.6594,764.3357,0.9996,1.0000
1787676600,2026-08-25,765.7600,765.5988,764.5335,0.9998,1.0000
1787677200,2026-08-25,765.1100,764.9210,763.8016,1.0000,1.0000
1787677800,2026-08-25,765.4000,765.1835,764.0907,1.0000,1.0000
1787678400,2026-08-25,764.8200,764.5807,763.4931,1.0000,1.0000
1787679000,2026-08-25,764.9200,764.7301,763.6222,1.0000,1.0000
1787679600,2026-08-25,764.9200,764.7014,763.6282,1.0000,1.0000
1787680200,2026-08-25,765.0400,764.7468,763.7536,1.0000,1.0000
1787680800,2026-08-25,764.9200,764.7425,763.6502,1.0000,1.0000
1787681400,2026-08-25,764.8300,764.7899,763.5898,1.0000,1.0000
1787682000,2026-08-25,764.9700,764.8966,763.6901,1.0000,1.0000
1787682600,2026-08-25,765.3000,765.2827,764.0262,1.0000,1.0000
1787683200,2026-08-25,765.8100,765.7735,764.5275,1.0000,1.0000
1787683800,2026-08-25,765.6400,765.5861,764.3621,1.0000,1.0000
1787684400,2026-08-25,765.3700,765.3478,764.0874,1.0000,1.0000
1787685000,2026-08-25,764.9981,765.0508,763.7183,1.0000,1.0000
1787685600,2026-08-25,765.1500,765.1629,763.8930,1.0000,1.0000
1787686200,2026-08-25,765.2600,765.1147,763.9525,1.0000,1.0000
1787686800,2026-08-25,765.4750,765.3424,764.1894,1.0000,1.0000
1787687400,2026-08-25,765.8300,765.6577,764.4969,1.0000,1.0000
1787751000,2026-08-26,765.5750,765.7118,764.1129,1.0000,1.0000
1787751600,2026-08-26,765.9200,766.0667,764.5830,1.0000,1.0000
1787752200,2026-08-26,766.8900,767.2399,765.6173,1.0000,1.0000
1787752800,2026-08-26,766.6100,766.9433,765.2325,0.9998,1.0000
1787753400,2026-08-26,765.9650,766.3784,764.6047,1.0000,1.0000
1787754000,2026-08-26,765.0800,765.3639,763.6738,1.0000,1.0000
1787754600,2026-08-26,765.2200,765.5488,763.8398,1.0000,1.0000
1787755200,2026-08-26,765.5600,765.6688,764.0598,1.0000,1.0000
1787755800,2026-08-26,765.8500,765.9356,764.3527,1.0000,1.0000
1787756400,2026-08-26,766.3500,766.3995,764.8892,1.0000,1.0000
1787757000,2026-08-26,765.7834,765.8957,764.2132,1.0000,1.0000
1787757600,2026-08-26,765.8500,766.0116,764.3289,1.0000,1.0000
1787758200,2026-08-26,765.4600,765.7656,763.9273,0.9996,1.0000
1787758800,2026-08-26,766.2300,766.4424,764.7532,1.0000,1.0000
1787759400,2026-08-26,765.3200,765.7129,763.7859,1.0000,1.0000
1787760000,2026-08-26,765.1500,765.4371,763.6550,1.0000,1.0000
1787760600,2026-08-26,764.9900,765.3306,763.4748,1.0000,1.0000
1787761200,2026-08-26,764.8000,765.1931,763.2539,0.9996,1.0000
1787761800,2026-08-26,764.1600,764.7361,762.6826,1.0000,1.0000
1787762400,2026-08-26,764.0700,764.5607,762.5355,1.0000,1.0000
1787763000,2026-08-26,764.7200,765.2317,763.2166,1.0000,1.0000
1787763600,2026-08-26,765.0500,765.5833,763.5358,0.9998,1.0000
1787764200,2026-08-26,765.3350,765.8192,763.8554,1.0000,1.0000
1787764800,2026-08-26,765.6500,766.1196,764.1149,1.0000,1.0000
1787765400,2026-08-26,765.6100,766.3193,764.1234,1.0000,1.0000
1787766000,2026-08-26,765.4600,766.0972,763.9426,1.0000,1.0000
1787766600,2026-08-26,765.6800,766.2640,764.1375,0.9998,1.0000
1787767200,2026-08-26,765.7700,766.3451,764.2737,1.0000,1.0000
1787767800,2026-08-26,765.7350,766.3886,764.2348,1.0000,1.0000
1787768400,2026-08-26,765.6100,766.2731,764.1326,1.0000,1.0000
1787769000,2026-08-26,765.7400,766.4299,764.2317,1.0000,1.0000
1787769600,2026-08-26,766.3200,767.0080,764.8131,1.0000,1.0000
1787770200,2026-08-26,766.5100,767.1278,764.9985,1.0000,1.0000
1787770800,2026-08-26,766.9500,767.4669,765.4194,1.0000,1.0000
1787771400,2026-08-26,767.1900,767.7476,765.6446,1.0000,1.0000
1787772000,2026-08-26,766.8900,767.5316,765.3426,1.0000,1.0000
1787772600,2026-08-26,766.6650,767.2047,765.1403,1.0000,1.0000
1787773200,2026-08-26,767.1200,767.6502,765.5850,1.0000,1.0000
1787773800,2026-08-26,766.0100,766.4522,764.3852,1.0000,1.0000
1787837400,2026-08-27,768.2200,768.7058,766.5893,1.0000,1.0000
1787838000,2026-08-27,768.0600,768.1179,766.3575,1.0000,1.0000
1787838600,2026-08-27,768.4056,768.3297,766.7953,1.0000,1.0000
1787839200,2026-08-27,768.4300,768.2576,766.7959,1.0000,1.0000
1787839800,2026-08-27,769.1600,769.1758,767.4520,1.0000,1.0000
1787840400,2026-08-27,769.6750,769.5602,767.9360,1.0000,1.0000
1787841000,2026-08-27,769.3400,769.3926,767.5983,1.0000,1.0000
1787841600,2026-08-27,770.2400,770.0553,768.5004,1.0000,1.0000
1787842200,2026-08-27,770.3950,769.9307,768.5953,1.0000,1.0000
1787842800,2026-08-27,770.5401,770.3716,768.7842,0.9998,1.0000
1787843400,2026-08-27,770.9600,770.7624,769.1706,1.0000,1.0000
1787844000,2026-08-27,770.3150,770.2105,768.5264,1.0000,1.0000
1787844600,2026-08-27,769.9100,769.8377,768.1808,1.0000,1.0000
1787845200,2026-08-27,769.6800,769.5497,767.8851,1.0000,1.0000
1787845800,2026-08-27,770.6400,770.4284,768.8217,1.0000,1.0000
1787846400,2026-08-27,770.5400,770.1132,768.7320,1.0000,1.0000
1787847000,2026-08-27,770.6100,770.0668,768.8833,1.0000,1.0000
1787847600,2026-08-27,770.9100,770.2219,769.1113,1.0000,1.0000
1787848200,2026-08-27,771.5100,770.6879,769.6899,1.0000,1.0000
1787848800,2026-08-27,771.7050,771.0702,769.9053,1.0000,1.0000
1787849400,2026-08-27,771.9900,771.2677,770.1842,1.0000,1.0000
1787850000,2026-08-27,772.2200,771.5051,770.4078,1.0000,1.0000
1787850600,2026-08-27,772.1300,771.4102,770.3299,1.0000,1.0000
1787851200,2026-08-27,771.7500,771.0054,769.9173,1.0000,1.0000
1787851800,2026-08-27,771.7300,770.9619,769.9294,1.0000,1.0000
1787852400,2026-08-27,771.3900,770.6026,769.6048,1.0000,1.0000
1787853000,2026-08-27,771.2250,770.5771,769.4913,1.0000,1.0000
1787853600,2026-08-27,770.4900,769.9075,768.8056,1.0000,1.0000
1787854200,2026-08-27,770.2750,769.7852,768.5573,1.0000,1.0000
1787854800,2026-08-27,769.4600,769.0503,767.6969,1.0000,1.0000
1787855400,2026-08-27,770.0500,769.6505,768.3152,1.0000,1.0000
1787856000,2026-08-27,769.5040,769.3104,767.8297,1.0000,1.0000
1787856600,2026-08-27,769.6500,769.3265,768.0002,1.0000,1.0000
1787857200,2026-08-27,770.1400,769.7830,768.4590,1.0000,1.0000
1787857800,2026-08-27,770.1900,769.8329,768.5006,1.0000,1.0000
1787858400,2026-08-27,769.9400,769.5226,768.2152,1.0000,1.0000
1787859000,2026-08-27,770.5500,770.0843,768.8839,1.0000,1.0000
1787859600,2026-08-27,770.7900,770.2634,769.1117,1.0000,1.0000
1787860200,2026-08-27,771.0700,770.6235,769.3886,1.0000,1.0000
1787923800,2026-08-28,772.2400,771.0973,770.5031,1.0000,1.0000
1787924400,2026-08-28,772.1400,770.9788,770.4336,1.0000,1.0000
1787925000,2026-08-28,771.7800,770.6823,770.3547,1.0000,1.0000
1787925600,2026-08-28,771.0000,769.7342,769.3788,1.0000,1.0000
1787926200,2026-08-28,771.4300,770.2283,769.7159,1.0000,1.0000
1787926800,2026-08-28,771.3000,769.9192,769.5218,1.0000,1.0000
1787927400,2026-08-28,772.3300,771.0361,770.6251,1.0000,1.0000
1787928000,2026-08-28,773.8550,772.0694,772.1088,1.0000,1.0000
1787928600,2026-08-28,774.9601,772.9190,773.3233,1.0000,1.0000
1787929200,2026-08-28,774.2400,772.0808,772.5389,1.0000,1.0000
1787929800,2026-08-28,774.3000,772.3930,772.5742,1.0000,1.0000
1787930400,2026-08-28,774.9500,772.9473,773.2950,1.0000,1.0000
1787931000,2026-08-28,773.6500,771.5786,771.9481,1.0000,1.0000
1787931600,2026-08-28,772.2900,770.0489,770.5375,1.0000,1.0000
1787932200,2026-08-28,771.0700,769.0125,769.3597,1.0000,1.0000
1787932800,2026-08-28,771.5588,769.6235,769.8909,1.0000,1.0000
1787933400,2026-08-28,770.1800,767.9934,768.5162,1.0000,1.0000
1787934000,2026-08-28,769.6000,767.3422,767.9031,1.0000,1.0000
1787934600,2026-08-28,770.3400,768.0517,768.6159,1.0000,1.0000
1787935200,2026-08-28,770.4200,768.2873,768.6854,0.9997,1.0000
1787935800,2026-08-28,769.6900,767.7805,768.0144,1.0000,1.0000
1787936400,2026-08-28,768.4900,766.6556,766.8346,1.0000,1.0000
1787937000,2026-08-28,769.1300,767.2415,767.5014,1.0000,1.0000
1787937600,2026-08-28,768.8200,766.9135,767.2095,1.0000,1.0000
1787938200,2026-08-28,768.6600,766.8249,767.0163,1.0000,1.0000
1787938800,2026-08-28,769.6600,767.7891,767.9713,1.0000,1.0000
1787939400,2026-08-28,769.5399,767.6706,767.8735,1.0000,1.0000
1787940000,2026-08-28,769.5700,767.7907,767.8763,1.0000,1.0000
1787940600,2026-08-28,769.4150,767.6738,767.7623,0.9997,1.0000
1787941200,2026-08-28,769.0600,767.3484,767.3875,1.0000,1.0000
1787941800,2026-08-28,769.1100,767.3893,767.4042,1.0000,1.0000
1787942400,2026-08-28,768.7700,767.0543,767.0683,1.0000,1.0000
1787943000,2026-08-28,768.6800,766.9851,767.0254,1.0000,1.0000
1787943600,2026-08-28,769.3500,767.6409,767.6601,1.0000,1.0000
1787944200,2026-08-28,769.2100,767.5873,767.5588,1.0000,1.0000
1787944800,2026-08-28,769.5150,767.8802,767.8527,1.0000,1.0000
1787945400,2026-08-28,769.5450,767.8775,767.8599,1.0000,1.0000
1787946000,2026-08-28,769.2400,767.5081,767.5636,1.0000,1.0000
1787946600,2026-08-28,769.3400,767.6339,767.7161,1.0000,1.0000
1788183000,2026-08-31,766.2750,765.3258,764.7666,1.0000,1.0000
1788183600,2026-08-31,766.1200,765.0459,764.6319,0.9998,1.0000
1788184200,2026-08-31,766.1800,764.9910,764.6752,1.0000,1.0000
1788184800,2026-08-31,765.5000,764.4357,763.9753,1.0000,1.0000
1788185400,2026-08-31,765.9500,764.9682,764.4761,1.0000,1.0000
1788186000,2026-08-31,764.9300,763.8015,763.4586,1.0000,1.0000
1788186600,2026-08-31,765.6400,764.6142,764.1261,1.0000,1.0000
1788187200,2026-08-31,765.4200,764.4357,763.9401,1.0000,1.0000
1788187800,2026-08-31,765.9500,764.9752,764.5456,1.0000,1.0000
1788188400,2026-08-31,765.6800,764.6495,764.2477,1.0000,1.0000
1788189000,2026-08-31,765.7700,764.6433,764.3405,1.0000,1.0000
1788189600,2026-08-31,765.9400,764.8048,764.5127,1.0000,1.0000
1788190200,2026-08-31,765.5900,764.4942,764.1607,1.0000,1.0000
1788190800,2026-08-31,765.8518,764.8486,764.4612,1.0000,1.0000
1788191400,2026-08-31,765.4199,764.4491,763.9939,1.0000,1.0000
1788192000,2026-08-31,765.1350,764.2363,763.7803,1.0000,1.0000
1788192600,2026-08-31,765.5801,764.5573,764.1630,1.0000,1.0000
1788193200,2026-08-31,765.9000,764.7544,764.4680,1.0000,1.0000
1788193800,2026-08-31,765.2200,764.3511,763.7947,1.0000,1.0000
1788194400,2026-08-31,765.7500,764.7205,764.3472,1.0000,1.0000
1788195000,2026-08-31,765.8400,764.7830,764.4718,1.0000,1.0000
1788195600,2026-08-31,765.5850,764.5206,764.1613,1.0000,1.0000
1788196200,2026-08-31,765.8600,764.7042,764.4280,1.0000,1.0000
1788196800,2026-08-31,765.4200,764.3555,764.0380,1.0000,1.0000
1788197400,2026-08-31,765.8400,764.7070,764.3987,1.0000,1.0000
1788198000,2026-08-31,766.3250,765.2270,764.8901,1.0000,1.0000
1788198600,2026-08-31,766.5200,765.4017,765.0769,1.0000,1.0000
1788199200,2026-08-31,766.6700,765.7241,765.2075,1.0000,1.0000
1788199800,2026-08-31,766.6950,765.7805,765.2306,1.0000,1.0000
1788200400,2026-08-31,766.3000,765.5134,764.8677,1.0000,1.0000
1788201000,2026-08-31,765.4550,764.6954,763.9887,1.0000,1.0000
1788201600,2026-08-31,765.4246,764.6823,764.0003,1.0000,1.0000
1788202200,2026-08-31,765.6700,764.7468,764.2043,1.0000,1.0000
1788202800,2026-08-31,766.0150,765.0435,764.5537,1.0000,1.0000
1788203400,2026-08-31,766.0350,765.0545,764.5438,1.0000,1.0000
1788204000,2026-08-31,766.6350,765.6098,765.1248,1.0000,1.0000
1788204600,2026-08-31,766.6400,765.5959,765.1230,1.0000,1.0000
1788205200,2026-08-31,766.8500,765.8042,765.3137,1.0000,1.0000
1788205800,2026-08-31,766.9500,765.7105,765.5266,1.0000,1.0000
1788269400,2026-09-01,761.7699,760.4418,760.0385,1.0000,1.0000
1788270000,2026-09-01,762.2000,760.4154,760.4675,1.0000,1.0000
1788270600,2026-09-01,762.0150,759.9640,760.2642,1.0000,1.0000
1788271200,2026-09-01,762.9000,760.7694,761.1788,1.0000,1.0000
1788271800,2026-09-01,763.3100,760.9734,761.5790,1.0000,1.0000
1788272400,2026-09-01,763.7695,761.5334,762.0439,1.0000,1.0000
1788273000,2026-09-01,764.2700,762.1561,762.5549,0.9997,1.0000
1788273600,2026-09-01,763.9200,761.9677,762.2528,1.0000,1.0000
1788274200,2026-09-01,763.5400,761.3675,761.8359,1.0000,1.0000
1788274800,2026-09-01,762.8000,760.5819,761.0942,1.0000,1.0000
1788275400,2026-09-01,763.2900,760.8821,761.6417,1.0000,1.0000
1788276000,2026-09-01,763.5900,761.2534,761.9370,1.0000,1.0000
1788276600,2026-09-01,764.1000,761.7057,762.4146,1.0000,1.0000
1788277200,2026-09-01,764.5600,762.2509,762.8837,1.0000,1.0000
1788277800,2026-09-01,764.2900,761.7826,762.5834,1.0000,1.0000
1788278400,2026-09-01,763.8900,761.4390,762.1169,1.0000,1.0000
1788279000,2026-09-01,763.0200,760.6322,761.2793,1.0000,1.0000
1788279600,2026-09-01,762.5399,759.7815,760.7690,1.0000,1.0000
1788280200,2026-09-01,762.2100,759.4367,760.4781,1.0000,1.0000
1788280800,2026-09-01,761.9600,759.2941,760.2105,1.0000,1.0000
1788281400,2026-09-01,762.2600,759.6100,760.5333,1.0000,1.0000
1788282000,2026-09-01,761.7000,759.1324,759.9295,1.0000,1.0000
1788282600,2026-09-01,761.6050,759.0622,759.8367,1.0000,1.0000
1788283200,2026-09-01,761.6800,759.1302,759.9079,0.9998,1.0000
1788283800,2026-09-01,761.9150,759.3233,760.1725,1.0000,1.0000
1788284400,2026-09-01,761.5750,759.0726,759.8527,1.0000,1.0000
1788285000,2026-09-01,761.8200,759.1882,760.0816,1.0000,1.0000
1788285600,2026-09-01,761.6550,759.1587,759.9208,1.0000,1.0000
1788286200,2026-09-01,761.7550,759.1342,759.9743,1.0000,1.0000
1788286800,2026-09-01,761.2100,758.5785,759.4233,1.0000,1.0000
1788287400,2026-09-01,760.5400,757.9970,758.7322,1.0000,1.0000
1788288000,2026-09-01,760.1900,757.5506,758.3614,1.0000,1.0000
1788288600,2026-09-01,760.7295,758.0741,758.9190,1.0000,1.0000
1788289200,2026-09-01,761.0950,758.5057,759.3030,1.0000,1.0000
1788289800,2026-09-01,761.4000,758.7767,759.6407,1.0000,1.0000
1788290400,2026-09-01,761.3600,758.8900,759.6094,1.0000,1.0000
1788291000,2026-09-01,760.8500,758.4130,759.0655,1.0000,1.0000
1788291600,2026-09-01,761.2600,758.7627,759.4786,1.0000,1.0000
1788292200,2026-09-01,761.6600,759.0287,759.8133,1.0000,1.0000
1788355800,2026-09-02,762.4700,759.9680,760.7073,1.0000,1.0000
1788356400,2026-09-02,762.0900,759.3892,760.3183,0.9997,1.0000
1788357000,2026-09-02,763.0650,759.9933,761.2677,1.0000,1.0000
1788357600,2026-09-02,763.7300,760.5984,761.9835,1.0000,1.0000
1788358200,2026-09-02,764.8600,761.7300,763.1618,1.0000,1.0000
1788358800,2026-09-02,765.2700,762.1944,763.5779,1.0000,1.0000
1788359400,2026-09-02,765.8800,762.8946,764.1200,1.0000,1.0000
1788360000,2026-09-02,765.8200,762.8336,764.0520,1.0000,1.0000
1788360600,2026-09-02,765.3100,762.0708,763.5236,1.0000,1.0000
1788361200,2026-09-02,765.4400,762.2154,763.6529,1.0000,1.0000
1788361800,2026-09-02,765.9750,762.6030,764.2193,1.0000,1.0000
1788362400,2026-09-02,766.2950,762.8867,764.5074,1.0000,1.0000
1788363000,2026-09-02,765.8550,762.4607,764.0508,1.0000,1.0000
1788363600,2026-09-02,765.0400,761.6424,763.2077,1.0000,1.0000
1788364200,2026-09-02,765.9250,762.3392,764.0258,0.9997,1.0000
1788364800,2026-09-02,765.7400,762.2167,763.9222,1.0000,1.0000
1788365400,2026-09-02,765.4499,761.8878,763.6467,1.0000,1.0000
1788366000,2026-09-02,764.8500,761.3758,763.0180,1.0000,1.0000
1788366600,2026-09-02,765.0873,761.6396,763.2231,1.0000,1.0000
1788367200,2026-09-02,764.8500,761.4480,763.0262,1.0000,1.0000
1788367800,2026-09-02,764.9200,761.4873,763.1126,1.0000,1.0000
1788368400,2026-09-02,764.6800,761.3701,762.8101,1.0000,1.0000
1788369000,2026-09-02,764.6000,761.2939,762.7041,1.0000,1.0000
1788369600,2026-09-02,764.7100,761.3270,762.8503,0.9998,1.0000
1788370200,2026-09-02,764.4600,761.1752,762.6237,1.0000,1.0000
1788370800,2026-09-02,764.9900,761.6661,763.1208,1.0000,1.0000
1788371400,2026-09-02,765.1800,761.8457,763.3121,1.0000,1.0000
1788372000,2026-09-02,765.0800,761.7605,763.2775,1.0000,1.0000
1788372600,2026-09-02,765.6000,762.2638,763.7414,1.0000,1.0000
1788373200,2026-09-02,765.3200,761.9001,763.4909,1.0000,1.0000
1788373800,2026-09-02,764.8100,761.5413,763.0043,1.0000,1.0000
1788374400,2026-09-02,764.8700,761.6402,763.0789,1.0000,1.0000
1788375000,2026-09-02,764.8100,761.4896,762.9537,1.0000,1.0000
1788375600,2026-09-02,765.2100,761.8262,763.3945,1.0000,1.0000
1788376200,2026-09-02,765.4100,761.9546,763.6053,1.0000,1.0000
1788376800,2026-09-02,765.4800,762.1304,763.6283,1.0000,1.0000
1788377400,2026-09-02,765.0800,761.8583,763.3212,1.0000,1.0000
1788378000,2026-09-02,765.3750,762.1470,763.5995,1.0000,1.0000
1788378600,2026-09-02,765.1400,761.8578,763.2911,1.0000,1.0000
1788442200,2026-09-03,769.7300,765.4161,768.2378,1.0000,1.0000
1788442800,2026-09-03,769.6400,765.2931,768.0772,1.0000,1.0000
1788443400,2026-09-03,769.5600,765.3805,768.0965,0.9998,1.0000
1788444000,2026-09-03,767.8100,763.5422,766.3060,1.0000,1.0000
1788444600,2026-09-03,768.8500,764.5579,767.3341,1.0000,1.0000
1788445200,2026-09-03,768.6700,764.4363,767.2323,1.0000,1.0000
1788445800,2026-09-03,768.1500,763.8922,766.6756,1.0000,1.0000
1788446400,2026-09-03,768.7200,764.5448,767.3185,1.0000,1.0000
1788447000,2026-09-03,769.2800,765.3375,767.8243,1.0000,1.0000
1788447600,2026-09-03,770.7300,766.8746,769.2882,0.9996,1.0000
1788448200,2026-09-03,772.0101,767.8169,770.4774,1.0000,1.0000
1788448800,2026-09-03,772.9400,768.8400,771.4528,1.0000,1.0000
1788449400,2026-09-03,772.4650,768.4307,771.0805,1.0000,1.0000
1788450000,2026-09-03,772.9350,768.9007,771.5118,1.0000,1.0000
1788450600,2026-09-03,773.3200,769.3233,771.9071,1.0000,1.0000
1788451200,2026-09-03,772.5300,768.5295,771.1911,1.0000,1.0000
1788451800,2026-09-03,772.7300,768.7780,771.3498,1.0000,1.0000
1788452400,2026-09-03,772.4350,768.5660,771.0406,1.0000,1.0000
1788453000,2026-09-03,772.9600,769.0524,771.5604,1.0000,1.0000
1788453600,2026-09-03,773.0900,769.2250,771.7233,0.9998,1.0000
1788454200,2026-09-03,772.8800,769.0202,771.5121,1.0000,1.0000
1788454800,2026-09-03,772.4300,768.4932,771.0048,1.0000,1.0000
1788455400,2026-09-03,772.3350,768.5064,770.9181,1.0000,1.0000
1788456000,2026-09-03,772.6687,768.9094,771.2288,0.9995,1.0000
1788456600,2026-09-03,773.0100,769.1344,771.6168,1.0000,1.0000
1788457200,2026-09-03,773.0050,769.0761,771.5776,1.0000,1.0000
1788457800,2026-09-03,773.2750,769.3328,771.8227,1.0000,1.0000
1788458400,2026-09-03,773.7950,769.7732,772.3921,1.0000,1.0000
1788459000,2026-09-03,773.7200,769.6796,772.3506,1.0000,1.0000
1788459600,2026-09-03,773.7300,769.6470,772.3606,1.0000,1.0000
1788460200,2026-09-03,773.8200,769.8396,772.4194,1.0000,1.0000
1788460800,2026-09-03,773.7550,769.8532,772.4006,1.0000,1.0000
1788461400,2026-09-03,773.6700,769.6965,772.2662,1.0000,1.0000
1788462000,2026-09-03,773.5600,769.4772,772.1415,1.0000,1.0000
1788462600,2026-09-03,773.6000,769.3925,772.1725,1.0000,1.0000
1788463200,2026-09-03,773.4100,769.2048,771.9828,1.0000,1.0000
1788463800,2026-09-03,773.4390,769.3292,772.0418,1.0000,1.0000
1788464400,2026-09-03,773.2400,769.2470,771.7834,1.0000,1.0000
1788465000,2026-09-03,773.1600,769.2231,771.6274,1.0000,1.0000
1788528600,2026-09-04,772.4650,768.3983,770.7639,1.0000,1.0000
1788529200,2026-09-04,772.5150,769.0949,770.7329,1.0000,1.0000
1788529800,2026-09-04,772.3100,768.8287,770.7684,1.0000,1.0000
1788530400,2026-09-04,771.5250,768.1192,769.7848,1.0000,1.0000
1788531000,2026-09-04,770.9650,767.5976,769.0750,1.0000,1.0000
1788531600,2026-09-04,771.2100,768.0108,769.3473,1.0000,1.0000
1788532200,2026-09-04,771.1300,767.8470,769.3078,1.0000,1.0000
1788532800,2026-09-04,769.7800,766.5252,767.9583,1.0000,1.0000
1788533400,2026-09-04,769.4500,766.4632,767.6973,1.0000,1.0000
1788534000,2026-09-04,769.6999,766.7624,767.8102,1.0000,1.0000
1788534600,2026-09-04,769.3600,766.5470,767.4979,0.9998,1.0000
1788535200,2026-09-04,769.4300,766.5832,767.6036,1.0000,1.0000
1788535800,2026-09-04,769.5400,766.5983,767.6488,1.0000,1.0000
1788536400,2026-09-04,769.8100,766.8612,767.9527,1.0000,1.0000
1788537000,2026-09-04,769.9575,766.9963,768.0673,0.9997,1.0000
1788537600,2026-09-04,770.3550,767.4404,768.4583,1.0000,1.0000
1788538200,2026-09-04,770.8500,768.0506,768.9162,1.0000,1.0000
1788538800,2026-09-04,770.6600,767.8728,768.7582,1.0000,1.0000
1788539400,2026-09-04,770.7895,767.9991,768.9023,1.0000,1.0000
1788540000,2026-09-04,771.2200,768.3774,769.3240,1.0000,1.0000
1788540600,2026-09-04,770.8900,768.1656,769.0376,1.0000,1.0000
1788541200,2026-09-04,770.3500,767.5937,768.4836,0.9998,1.0000
1788541800,2026-09-04,770.2800,767.5066,768.3839,1.0000,1.0000
1788542400,2026-09-04,769.8520,766.9836,767.9633,1.0000,1.0000
1788543000,2026-09-04,769.6900,766.8881,767.8111,1.0000,1.0000
1788543600,2026-09-04,769.3850,766.4830,767.4795,1.0000,1.0000
1788544200,2026-09-04,769.4590,766.5881,767.5423,1.0000,1.0000
1788544800,2026-09-04,769.5800,766.7999,767.6966,1.0000,1.0000
1788545400,2026-09-04,769.7900,767.0374,767.8891,1.0000,1.0000
1788546000,2026-09-04,769.8800,767.1294,767.9674,1.0000,1.0000
1788546600,2026-09-04,769.8900,767.0445,768.0053,1.0000,1.0000
1788547200,2026-09-04,770.2250,767.2611,768.2959,1.0000,1.0000
1788547800,2026-09-04,770.2500,767.2148,768.3775,1.0000,1.0000
1788548400,2026-09-04,769.6850,766.6172,767.8340,0.9998,1.0000
1788549000,2026-09-04,769.6500,766.5321,767.8307,1.0000,1.0000
1788549600,2026-09-04,770.0100,766.8672,768.1540,1.0000,1.0000
1788550200,2026-09-04,769.7300,766.8246,767.9219,1.0000,1.0000
1788550800,2026-09-04,770.1100,767.2204,768.2968,1.0000,1.0000
1788551400,2026-09-04,770.2300,767.3976,768.3726,1.0000,1.0000
1788874200,2026-09-08,768.1400,765.6027,766.4512,1.0000,1.0000
1788874800,2026-09-08,767.7200,765.5600,765.9741,1.0000,1.0000
1788875400,2026-09-08,767.4600,765.1505,765.8212,1.0000,1.0000
1788876000,2026-09-08,766.4200,764.1916,764.7601,1.0000,1.0000
1788876600,2026-09-08,766.5600,764.4397,764.8757,1.0000,1.0000
1788877200,2026-09-08,766.7000,764.9472,765.0163,1.0000,1.0000
1788877800,2026-09-08,766.8900,765.2214,765.2499,1.0000,1.0000
1788878400,2026-09-08,767.2600,765.3286,765.5492,1.0000,1.0000
1788879000,2026-09-08,767.6500,765.8486,766.0330,1.0000,1.0000
1788879600,2026-09-08,767.6800,765.7552,766.0256,1.0000,1.0000
1788880200,2026-09-08,768.0800,766.2532,766.4742,1.0000,1.0000
1788880800,2026-09-08,767.8050,765.9455,766.2334,1.0000,1.0000
1788881400,2026-09-08,767.5100,765.6326,765.8698,1.0000,1.0000
1788882000,2026-09-08,767.5400,765.6791,765.9465,1.0000,1.0000
1788882600,2026-09-08,767.3900,765.5235,765.8007,1.0000,1.0000
1788883200,2026-09-08,767.3300,765.4718,765.7404,1.0000,1.0000
1788883800,2026-09-08,766.9150,765.0352,765.3289,1.0000,1.0000
1788884400,2026-09-08,767.1000,765.3003,765.5446,0.9998,1.0000
1788885000,2026-09-08,766.9900,765.1814,765.4192,1.0000,1.0000
1788885600,2026-09-08,767.2450,765.3990,765.6613,1.0000,1.0000
1788886200,2026-09-08,766.9400,765.1056,765.3338,1.0000,1.0000
1788886800,2026-09-08,767.5400,765.7947,765.9778,1.0000,1.0000
1788887400,2026-09-08,767.6050,765.8946,766.0161,1.0000,1.0000
1788888000,2026-09-08,767.4750,765.6872,765.8629,0.9998,1.0000
1788888600,2026-09-08,767.6800,765.9242,766.1035,1.0000,1.0000
1788889200,2026-09-08,767.5800,765.7305,765.9568,1.0000,1.0000
1788889800,2026-09-08,767.4600,765.6185,765.8716,1.0000,1.0000
1788890400,2026-09-08,767.7700,766.0329,766.1618,1.0000,1.0000
1788891000,2026-09-08,767.8050,766.1319,766.1570,1.0000,1.0000
1788891600,2026-09-08,767.7650,766.0256,766.1144,0.9998,1.0000
1788892200,2026-09-08,767.2000,765.5372,765.5852,1.0000,1.0000
1788892800,2026-09-08,766.2600,764.6545,764.7217,1.0000,1.0000
1788893400,2026-09-08,766.7700,765.1744,765.1608,1.0000,1.0000
1788894000,2026-09-08,766.8400,765.2075,765.2305,1.0000,1.0000
1788894600,2026-09-08,766.7000,765.1758,765.0861,1.0000,1.0000
1788895200,2026-09-08,766.9800,765.2784,765.2936,1.0000,1.0000
1788895800,2026-09-08,766.9600,765.2702,765.3667,1.0000,1.0000
1788896400,2026-09-08,766.5400,764.7029,764.9274,1.0000,1.0000
1788897000,2026-09-08,765.9400,764.0362,764.2959,1.0000,1.0000
1788960600,2026-09-09,763.8000,762.1376,762.1478,1.0000,1.0000
1788961200,2026-09-09,763.8700,762.4956,762.2068,1.0000,1.0000
1788961800,2026-09-09,764.1000,762.6612,762.3083,1.0000,1.0000
1788962400,2026-09-09,764.0700,762.8076,762.3518,1.0000,1.0000
1788963000,2026-09-09,763.0550,761.8482,761.3064,1.0000,1.0000
1788963600,2026-09-09,763.9800,762.7803,762.2748,1.0000,1.0000
1788964200,2026-09-09,763.6050,762.4646,761.8942,1.0000,1.0000
1788964800,2026-09-09,763.7250,762.4123,762.0675,1.0000,1.0000
1788965400,2026-09-09,763.7800,762.5912,762.0640,1.0000,1.0000
1788966000,2026-09-09,762.2400,760.8160,760.4812,1.0000,1.0000
1788966600,2026-09-09,762.0501,760.6444,760.3255,1.0000,1.0000
1788967200,2026-09-09,761.5400,760.0489,759.8034,1.0000,1.0000
1788967800,2026-09-09,762.9100,761.3508,761.1493,1.0000,1.0000
1788968400,2026-09-09,762.2700,760.6551,760.5389,0.9998,1.0000
1788969000,2026-09-09,762.1700,760.6032,760.5008,1.0000,1.0000
1788969600,2026-09-09,761.5150,759.9340,759.8566,1.0000,1.0000
1788970200,2026-09-09,761.4500,759.7196,759.7503,1.0000,1.0000
1788970800,2026-09-09,761.6300,759.8864,759.9114,1.0000,1.0000
1788971400,2026-09-09,762.2500,760.7203,760.5320,1.0000,1.0000
1788972000,2026-09-09,762.4700,760.9463,760.7339,1.0000,1.0000
1788972600,2026-09-09,762.5660,760.9211,760.8873,1.0000,1.0000
1788973200,2026-09-09,762.5900,760.9187,760.9030,1.0000,1.0000
1788973800,2026-09-09,762.8701,761.2804,761.1442,0.9998,1.0000
1788974400,2026-09-09,762.9200,761.2532,761.2254,1.0000,1.0000
1788975000,2026-09-09,762.4400,760.8025,760.7829,1.0000,1.0000
1788975600,2026-09-09,763.0700,761.4715,761.3451,1.0000,1.0000
1788976200,2026-09-09,763.0250,761.4073,761.3103,1.0000,1.0000
1788976800,2026-09-09,762.7500,761.2089,761.0405,1.0000,1.0000
1788977400,2026-09-09,762.5600,761.1065,760.8784,1.0000,1.0000
1788978000,2026-09-09,762.8400,761.3141,761.1906,1.0000,1.0000
1788978600,2026-09-09,763.0000,761.4232,761.2811,1.0000,1.0000
1788979200,2026-09-09,763.0100,761.1750,761.3426,1.0000,1.0000
1788979800,2026-09-09,762.9000,761.0476,761.2055,1.0000,1.0000
1788980400,2026-09-09,763.0900,761.2525,761.3403,1.0000,1.0000
1788981000,2026-09-09,763.2700,761.4270,761.5595,1.0000,1.0000
1788981600,2026-09-09,763.1000,761.1977,761.3954,1.0000,1.0000
1788982200,2026-09-09,762.7800,760.8561,761.0741,1.0000,1.0000
1788982800,2026-09-09,762.8300,760.7623,761.0873,1.0000,1.0000
1788983400,2026-09-09,762.3400,760.3542,760.5602,1.0000,1.0000
1789047000,2026-09-10,758.4300,756.1203,756.6489,1.0000,1.0000
1789047600,2026-09-10,758.6450,756.5855,756.9016,1.0000,1.0000
1789048200,2026-09-10,756.7800,754.6966,754.9253,1.0000,1.0000
1789048800,2026-09-10,756.8247,754.7245,755.1012,1.0000,1.0000
1789049400,2026-09-10,758.0200,755.7387,756.2909,1.0000,1.0000
1789050000,2026-09-10,758.7100,756.7265,756.9289,0.9998,1.0000
1789050600,2026-09-10,759.3000,757.2236,757.5767,1.0000,1.0000
1789051200,2026-09-10,758.8000,756.6740,757.0120,0.9998,1.0000
1789051800,2026-09-10,759.3995,757.0882,757.6265,1.0000,1.0000
1789052400,2026-09-10,759.0000,756.7752,757.1743,0.9998,1.0000
1789053000,2026-09-10,759.0950,756.8490,757.2488,1.0000,1.0000
1789053600,2026-09-10,759.1900,757.0915,757.4296,1.0000,1.0000
1789054200,2026-09-10,759.2100,756.9417,757.4487,1.0000,1.0000
1789054800,2026-09-10,759.1490,756.9099,757.2974,1.0000,1.0000
1789055400,2026-09-10,758.5400,756.4092,756.7259,1.0000,1.0000
1789056000,2026-09-10,758.0950,755.7821,756.2661,1.0000,1.0000
1789056600,2026-09-10,758.0300,755.7744,756.1882,1.0000,1.0000
1789057200,2026-09-10,758.0850,755.6335,756.2430,0.9996,1.0000
1789057800,2026-09-10,758.1901,755.6586,756.3376,1.0000,1.0000
1789058400,2026-09-10,758.8000,756.2543,757.0164,1.0000,1.0000
1789059000,2026-09-10,759.2050,756.5239,757.3478,1.0000,1.0000
1789059600,2026-09-10,758.9700,756.3094,757.1389,1.0000,1.0000
1789060200,2026-09-10,758.9950,756.3153,757.1465,1.0000,1.0000
1789060800,2026-09-10,758.5900,755.8035,756.7549,1.0000,1.0000
1789061400,2026-09-10,758.0800,755.3821,756.2404,0.9998,1.0000
1789062000,2026-09-10,758.2600,755.4208,756.4018,0.9996,1.0000
1789062600,2026-09-10,758.2700,755.4748,756.4199,1.0000,1.0000
1789063200,2026-09-10,757.7400,754.8783,755.8777,1.0000,1.0000
1789063800,2026-09-10,757.6800,754.8374,755.8302,1.0000,1.0000
1789064400,2026-09-10,757.6900,754.8974,755.8431,1.0000,1.0000
1789065000,2026-09-10,757.8400,755.0561,755.9845,1.0000,1.0000
1789065600,2026-09-10,757.7700,754.9649,755.9251,1.0000,1.0000
1789066200,2026-09-10,757.7750,754.9160,755.8928,1.0000,1.0000
1789066800,2026-09-10,758.0000,755.0420,756.0815,1.0000,1.0000
1789067400,2026-09-10,757.5500,754.5314,755.6314,1.0000,1.0000
1789068000,2026-09-10,757.6150,754.6998,755.7067,1.0000,1.0000
1789068600,2026-09-10,758.0100,754.9888,756.0830,1.0000,1.0000
1789069200,2026-09-10,758.1000,755.0115,756.1818,1.0000,1.0000
1789069800,2026-09-10,757.8300,754.7030,755.9792,1.0000,1.0000
1789133400,2026-09-11,765.5600,761.8930,763.5633,1.0000,1.0000
1789134000,2026-09-11,764.9700,761.8146,763.0742,1.0000,1.0000
1789134600,2026-09-11,766.3100,762.8969,764.5059,0.9998,1.0000
1789135200,2026-09-11,765.4100,761.5383,763.4513,1.0000,1.0000
1789135800,2026-09-11,765.7200,762.0216,763.7406,0.9998,1.0000
1789136400,2026-09-11,765.7300,762.0279,763.8135,1.0000,1.0000
1789137000,2026-09-11,764.3000,760.7594,762.3597,1.0000,1.0000
1789137600,2026-09-11,764.6900,761.3710,762.7980,1.0000,1.0000
1789138200,2026-09-11,763.9700,760.6492,762.1210,1.0000,1.0000
1789138800,2026-09-11,764.9000,761.2750,762.9918,1.0000,1.0000
1789139400,2026-09-11,765.4000,761.5308,763.4904,1.0000,1.0000
1789140000,2026-09-11,766.0000,762.3642,764.0941,1.0000,1.0000
1789140600,2026-09-11,765.9500,762.4833,763.9889,1.0000,1.0000
1789141200,2026-09-11,765.8800,762.5310,763.9013,1.0000,1.0000
1789141800,2026-09-11,765.7100,762.4019,763.7500,1.0000,1.0000
1789142400,2026-09-11,765.9000,762.5012,763.9983,1.0000,1.0000
1789143000,2026-09-11,765.4900,762.1813,763.5439,1.0000,1.0000
1789143600,2026-09-11,764.9200,761.6376,763.0256,1.0000,1.0000
1789144200,2026-09-11,764.9500,761.6365,762.9794,1.0000,1.0000
1789144800,2026-09-11,765.3100,761.9741,763.3905,1.0000,1.0000
1789145400,2026-09-11,765.6200,762.3130,763.6556,0.9998,1.0000
1789146000,2026-09-11,765.7400,762.4643,763.8253,1.0000,1.0000
1789146600,2026-09-11,765.9200,762.5694,763.9511,1.0000,1.0000
1789147200,2026-09-11,765.9950,762.7713,764.0773,1.0000,1.0000
1789147800,2026-09-11,765.8100,762.6446,763.8790,1.0000,1.0000
1789148400,2026-09-11,765.9050,762.7245,763.9454,1.0000,1.0000
1789149000,2026-09-11,765.7400,762.6039,763.8170,1.0000,1.0000
1789149600,2026-09-11,765.7000,762.6453,763.7812,0.9998,1.0000
1789150200,2026-09-11,765.5800,762.5464,763.6737,1.0000,1.0000
1789150800,2026-09-11,765.4100,762.2880,763.4731,1.0000,1.0000
1789151400,2026-09-11,765.3000,762.1297,763.3676,1.0000,1.0000
1789152000,2026-09-11,765.0400,761.9662,763.1157,1.0000,1.0000
1789152600,2026-09-11,765.0400,761.8726,763.1188,1.0000,1.0000
1789153200,2026-09-11,764.7600,761.5452,762.8285,1.0000,1.0000
1789153800,2026-09-11,764.9900,761.8006,763.1091,1.0000,1.0000
1789154400,2026-09-11,765.0200,761.9422,763.1206,1.0000,1.0000
1789155000,2026-09-11,764.9350,761.8456,763.0372,1.0000,1.0000
1789155600,2026-09-11,764.7500,761.6754,762.8694,1.0000,1.0000
1789156200,2026-09-11,764.1950,761.2549,762.3587,1.0000,1.0000
1789392600,2026-09-14,758.5700,755.2976,756.7500,1.0000,1.0000
1789393200,2026-09-14,760.2900,756.7842,758.4885,0.9998,1.0000
1789393800,2026-09-14,759.9950,756.3422,758.1223,1.0000,1.0000
1789394400,2026-09-14,760.8700,757.3567,759.0082,1.0000,1.0000
1789395000,2026-09-14,759.8400,756.7853,758.0443,1.0000,1.0000
1789395600,2026-09-14,758.8400,755.6460,756.9235,1.0000,1.0000
1789396200,2026-09-14,758.5000,755.2912,756.5898,0.9998,1.0000
1789396800,2026-09-14,758.6200,755.3922,756.7859,1.0000,1.0000
1789397400,2026-09-14,758.5700,755.3607,756.7578,1.0000,1.0000
1789398000,2026-09-14,759.1100,755.9457,757.2742,1.0000,1.0000
1789398600,2026-09-14,759.0701,755.8544,757.2417,1.0000,1.0000
1789399200,2026-09-14,759.5950,756.3252,757.7357,1.0000,1.0000
1789399800,2026-09-14,761.2000,757.9602,759.3418,1.0000,1.0000
1789400400,2026-09-14,761.4800,758.3126,759.7396,1.0000,1.0000
1789401000,2026-09-14,761.7500,758.6096,759.8905,1.0000,1.0000
1789401600,2026-09-14,761.4000,758.1334,759.5047,1.0000,1.0000
1789402200,2026-09-14,762.3500,759.2721,760.5326,1.0000,1.0000
1789402800,2026-09-14,762.0200,759.0288,760.1975,1.0000,1.0000
1789403400,2026-09-14,762.0500,758.9097,760.1913,0.9998,1.0000
1789404000,2026-09-14,763.2639,760.0708,761.4418,1.0000,1.0000
1789404600,2026-09-14,762.9000,759.6785,761.0564,1.0000,1.0000
1789405200,2026-09-14,762.4500,759.3184,760.6271,1.0000,1.0000
1789405800,2026-09-14,762.0500,758.8688,760.2117,0.9998,1.0000
1789406400,2026-09-14,762.6800,759.3804,760.8148,0.9998,1.0000
1789407000,2026-09-14,762.8100,759.3850,761.0012,1.0000,1.0000
1789407600,2026-09-14,762.6300,759.2115,760.8406,1.0000,1.0000
1789408200,2026-09-14,762.3500,758.9782,760.4982,1.0000,1.0000
1789408800,2026-09-14,762.4300,758.9253,760.5686,1.0000,1.0000
1789409400,2026-09-14,762.2800,758.9140,760.4089,0.9997,1.0000
1789410000,2026-09-14,762.0108,758.6620,760.1232,1.0000,1.0000
1789410600,2026-09-14,762.3500,758.9786,760.4369,1.0000,1.0000
1789411200,2026-09-14,762.5000,759.2413,760.5485,1.0000,1.0000
1789411800,2026-09-14,762.1280,758.9945,760.1833,1.0000,1.0000
1789412400,2026-09-14,761.8300,758.6417,759.8742,1.0000,1.0000
1789413000,2026-09-14,761.8738,758.6389,759.8912,1.0000,1.0000
1789413600,2026-09-14,761.7250,758.3535,759.7723,1.0000,1.0000
1789414200,2026-09-14,761.6000,758.1323,759.6669,1.0000,1.0000
1789414800,2026-09-14,761.7100,758.2734,759.7828,1.0000,1.0000
1789415400,2026-09-14,760.7800,757.2857,758.8188,1.0000,1.0000
1789479000,2026-09-15,759.8100,756.3532,757.9272,1.0000,1.0000
1789479600,2026-09-15,759.3500,755.9363,757.3806,0.9996,1.0000
1789480200,2026-09-15,759.5500,756.2823,757.5610,1.0000,1.0000
1789480800,2026-09-15,758.5100,755.4060,756.4282,1.0000,1.0000
1789481400,2026-09-15,758.2100,755.2088,756.0967,1.0000,1.0000
1789482000,2026-09-15,757.4800,754.3017,755.4430,1.0000,1.0000
1789482600,2026-09-15,757.1400,753.8687,755.0638,1.0000,1.0000
1789483200,2026-09-15,756.9100,753.7633,754.8531,1.0000,1.0000
1789483800,2026-09-15,756.4400,753.1825,754.3694,1.0000,1.0000
1789484400,2026-09-15,756.8700,753.5757,754.8040,1.0000,1.0000
1789485000,2026-09-15,757.2500,753.9757,755.2104,1.0000,1.0000
1789485600,2026-09-15,757.4800,754.3225,755.3840,1.0000,1.0000
1789486200,2026-09-15,757.2900,754.2953,755.2565,1.0000,1.0000
1789486800,2026-09-15,757.0000,754.0595,754.9456,1.0000,1.0000
1789487400,2026-09-15,757.1150,754.0295,755.0946,1.0000,1.0000
1789488000,2026-09-15,756.7400,753.5178,754.6970,0.9998,1.0000
1789488600,2026-09-15,757.0800,753.8775,755.0090,1.0000,1.0000
1789489200,2026-09-15,757.5750,754.4873,755.5394,1.0000,1.0000
1789489800,2026-09-15,757.5500,754.3832,755.4899,1.0000,1.0000
1789490400,2026-09-15,757.4600,754.4207,755.3504,1.0000,1.0000
1789491000,2026-09-15,757.7400,754.7529,755.6778,0.9998,1.0000
1789491600,2026-09-15,757.2300,754.3010,755.1632,1.0000,1.0000
1789492200,2026-09-15,757.0000,754.1557,754.9383,0.9998,1.0000
1789492800,2026-09-15,756.8800,754.1073,754.7695,1.0000,1.0000
1789493400,2026-09-15,757.1000,754.2188,755.0251,1.0000,1.0000
1789494000,2026-09-15,756.9700,754.1221,754.8921,1.0000,1.0000
1789494600,2026-09-15,757.2700,754.3873,755.1905,1.0000,1.0000
1789495200,2026-09-15,757.6700,754.8274,755.5853,1.0000,1.0000
1789495800,2026-09-15,757.5567,754.6084,755.4587,1.0000,1.0000
1789496400,2026-09-15,757.6700,754.6563,755.5781,1.0000,1.0000
1789497000,2026-09-15,757.2600,754.1424,755.1305,1.0000,1.0000
1789497600,2026-09-15,756.8450,753.6628,754.7023,1.0000,1.0000
1789498200,2026-09-15,757.4900,754.2993,755.3624,1.0000,1.0000
1789498800,2026-09-15,757.3300,754.2187,755.2063,1.0000,1.0000
1789499400,2026-09-15,757.2100,754.1219,755.0731,1.0000,1.0000
1789500000,2026-09-15,756.9850,753.8641,754.8237,1.0000,1.0000
1789500600,2026-09-15,756.6600,753.5367,754.5021,1.0000,1.0000
1789501200,2026-09-15,756.9601,753.6514,754.7761,1.0000,1.0000
1789501800,2026-09-15,757.3800,753.9865,755.2926,1.0000,1.0000
1789565400,2026-09-16,758.8100,755.5827,756.5215,1.0000,1.0000
1789566000,2026-09-16,759.8900,756.7213,757.6779,1.0000,1.0000
1789566600,2026-09-16,760.2000,756.9219,758.0686,0.9998,1.0000
1789567200,2026-09-16,759.7000,756.4075,757.5598,1.0000,1.0000
1789567800,2026-09-16,759.2800,756.2451,757.1780,1.0000,1.0000
1789568400,2026-09-16,758.9600,755.7995,756.7940,1.0000,1.0000
1789569000,2026-09-16,759.3700,756.0914,757.1574,1.0000,1.0000
1789569600,2026-09-16,759.6200,756.3679,757.4300,0.9998,1.0000
1789570200,2026-09-16,760.2100,756.8681,758.0152,0.9998,1.0000
1789570800,2026-09-16,760.9100,757.4856,758.7369,1.0000,1.0000
1789571400,2026-09-16,760.6050,757.2474,758.4072,1.0000,1.0000
1789572000,2026-09-16,760.3401,757.2278,758.2224,1.0000,1.0000
1789572600,2026-09-16,760.3900,757.1407,758.2021,1.0000,1.0000
1789573200,2026-09-16,761.0500,757.7926,758.8647,1.0000,1.0000
1789573800,2026-09-16,760.6900,757.4436,758.5918,0.9998,1.0000
1789574400,2026-09-16,760.4800,757.2305,758.2588,1.0000,1.0000
1789575000,2026-09-16,760.3300,757.1107,758.1111,1.0000,1.0000
1789575600,2026-09-16,760.1400,756.9409,757.9502,1.0000,1.0000
1789576200,2026-09-16,759.8900,756.6509,757.7184,1.0000,1.0000
1789576800,2026-09-16,760.1000,756.8018,757.9172,0.9998,1.0000
1789577400,2026-09-16,759.7700,756.5496,757.6314,0.9999,1.0000
1789578000,2026-09-16,759.5700,756.3749,757.3695,1.0000,1.0000
1789578600,2026-09-16,759.7600,756.6188,757.5482,0.9998,1.0000
1789579200,2026-09-16,759.9300,756.7736,757.7255,0.9998,1.0000
1789579800,2026-09-16,759.6300,756.4521,757.4027,0.9998,1.0000
1789580400,2026-09-16,759.5700,756.3803,757.2961,1.0000,1.0000
1789581000,2026-09-16,760.2800,757.1666,758.0426,0.9993,1.0000
1789581600,2026-09-16,760.6677,757.4056,758.4732,0.9993,1.0000
1789582200,2026-09-16,759.9400,756.6235,757.8232,1.0000,1.0000
1789582800,2026-09-16,759.6800,756.3780,757.4961,1.0000,1.0000
1789583400,2026-09-16,757.8901,754.5378,755.6610,1.0000,1.0000
1789584000,2026-09-16,757.5600,754.1820,755.4226,1.0000,1.0000
1789584600,2026-09-16,753.8900,750.5220,751.7053,1.0000,1.0000
1789585200,2026-09-16,753.1950,749.7526,751.0485,1.0000,1.0000
1789585800,2026-09-16,750.9450,747.3794,748.6711,1.0000,1.0000
1789586400,2026-09-16,751.2600,747.5668,748.9923,1.0000,1.0000
1789587000,2026-09-16,752.4250,748.6450,750.2216,1.0000,1.0000
1789587600,2026-09-16,753.4600,749.8030,751.2733,1.0000,1.0000
1789588200,2026-09-16,754.0950,750.5689,751.9941,1.0000,1.0000
1789651800,2026-09-17,761.1250,757.1030,759.0722,1.0000,1.0000
1789652400,2026-09-17,761.3900,758.0609,759.2892,1.0000,1.0000
1789653000,2026-09-17,761.2500,757.7250,759.1228,1.0000,1.0000
1789653600,2026-09-17,760.2500,756.3765,758.1291,1.0000,1.0000
1789654200,2026-09-17,761.4800,757.7218,759.3643,0.9998,1.0000
1789654800,2026-09-17,761.6750,757.5672,759.5668,1.0000,1.0000
1789655400,2026-09-17,761.6700,757.5711,759.6349,1.0000,1.0000
1789656000,2026-09-17,761.2600,757.4106,759.2304,0.9998,1.0000
1789656600,2026-09-17,760.7850,756.9059,758.7395,1.0000,1.0000
1789657200,2026-09-17,760.7600,756.9899,758.6754,0.9996,1.0000
1789657800,2026-09-17,761.4400,757.5047,759.3792,1.0000,1.0000
1789658400,2026-09-17,761.5700,757.5936,759.4603,1.0000,1.0000
1789659000,2026-09-17,762.0199,758.1184,759.8988,1.0000,1.0000
1789659600,2026-09-17,762.3300,758.3680,760.2206,1.0000,1.0000
1789660200,2026-09-17,762.5400,758.6841,760.4738,1.0000,1.0000
1789660800,2026-09-17,762.4800,758.6266,760.3810,1.0000,1.0000
1789661400,2026-09-17,762.3100,758.5584,760.2457,0.9998,1.0000
1789662000,2026-09-17,762.5300,758.7009,760.4187,0.9996,1.0000
1789662600,2026-09-17,762.2000,758.2278,760.0655,1.0000,1.0000
1789663200,2026-09-17,762.4400,758.5022,760.3619,1.0000,1.0000
1789663800,2026-09-17,762.4550,758.4839,760.2761,1.0000,1.0000
1789664400,2026-09-17,762.3900,758.4470,760.2855,0.9998,1.0000
1789665000,2026-09-17,762.1800,758.2971,760.0486,1.0000,1.0000
1789665600,2026-09-17,762.0350,758.1415,759.8796,1.0000,1.0000
1789666200,2026-09-17,762.2200,758.2558,760.0870,0.9998,1.0000
1789666800,2026-09-17,762.4600,758.5493,760.3237,1.0000,1.0000
1789667400,2026-09-17,762.6300,758.6557,760.4759,1.0000,1.0000
1789668000,2026-09-17,762.5200,758.4716,760.2978,1.0000,1.0000
1789668600,2026-09-17,762.8700,758.7810,760.6594,1.0000,1.0000
1789669200,2026-09-17,762.7300,758.6654,760.5108,1.0000,1.0000
1789669800,2026-09-17,762.2100,758.0879,759.9752,1.0000,1.0000
1789670400,2026-09-17,762.4650,758.3175,760.2893,1.0000,1.0000
1789671000,2026-09-17,762.4400,758.3689,760.2804,1.0000,1.0000
1789671600,2026-09-17,762.7850,758.5800,760.6285,1.0000,1.0000
1789672200,2026-09-17,762.9000,758.5683,760.6838,1.0000,1.0000
1789672800,2026-09-17,762.6099,758.2530,760.4170,1.0000,1.0000
1789673400,2026-09-17,762.9900,758.5115,760.7804,1.0000,1.0000
1789674000,2026-09-17,762.8100,758.2802,760.5938,1.0000,1.0000
1789674600,2026-09-17,762.6300,758.0975,760.5297,1.0000,1.0000
1789738200,2026-09-18,760.9101,756.9575,760.8296,1.0000,1.0000
1789738800,2026-09-18,760.5000,756.6283,760.2909,1.0000,1.0000
1789739400,2026-09-18,759.7100,755.8502,759.4365,0.9998,1.0000
1789740000,2026-09-18,759.4246,755.3458,759.0856,1.0000,1.0000
1789740600,2026-09-18,759.3693,755.6281,758.9798,1.0000,1.0000
1789741200,2026-09-18,759.3399,755.8265,759.0612,1.0000,1.0000
1789741800,2026-09-18,759.4950,756.0133,759.2154,1.0000,1.0000
1789742400,2026-09-18,759.4300,756.0495,759.2479,1.0000,1.0000
1789743000,2026-09-18,759.9300,756.4850,759.6419,1.0000,1.0000
1789743600,2026-09-18,759.7500,756.2308,759.4441,1.0000,1.0000
1789744200,2026-09-18,759.7800,756.2987,759.4498,1.0000,1.0000
1789744800,2026-09-18,759.9800,756.5689,759.6321,1.0000,1.0000
1789745400,2026-09-18,759.2900,755.9531,758.9420,1.0000,1.0000
1789746000,2026-09-18,759.1400,755.7769,758.7875,1.0000,1.0000
1789746600,2026-09-18,759.0000,755.6454,758.6632,0.9998,1.0000
1789747200,2026-09-18,759.1450,755.6463,758.8098,1.0000,1.0000
1789747800,2026-09-18,759.0900,755.6012,758.7854,1.0000,1.0000
1789748400,2026-09-18,758.7800,755.2581,758.4386,1.0000,1.0000
1789749000,2026-09-18,758.9600,755.5328,758.6179,1.0000,1.0000
1789749600,2026-09-18,759.1700,755.7253,758.8024,0.9998,1.0000
1789750200,2026-09-18,759.3995,756.0386,759.0282,1.0000,1.0000
1789750800,2026-09-18,759.3100,755.9694,758.9897,0.9998,1.0000
1789751400,2026-09-18,759.3500,755.9578,758.9658,1.0000,1.0000
1789752000,2026-09-18,759.4000,756.0485,759.0626,1.0000,1.0000
1789752600,2026-09-18,759.7100,756.3224,759.3007,1.0000,1.0000
1789753200,2026-09-18,759.6500,756.2654,759.3078,1.0000,1.0000
1789753800,2026-09-18,759.8300,756.4508,759.4670,1.0000,1.0000
1789754400,2026-09-18,759.7800,756.3717,759.4486,1.0000,1.0000
1789755000,2026-09-18,760.0999,756.6564,759.7248,0.9998,1.0000
1789755600,2026-09-18,760.4800,756.9953,760.0967,1.0000,1.0000
1789756200,2026-09-18,760.3600,756.8550,760.0192,1.0000,1.0000
1789756800,2026-09-18,761.2700,757.6190,760.9111,1.0000,1.0000
1789757400,2026-09-18,761.2600,757.6693,760.8797,1.0000,1.0000
1789758000,2026-09-18,761.2150,757.5874,760.8534,1.0000,1.0000
1789758600,2026-09-18,761.1700,757.4281,760.8205,1.0000,1.0000
1789759200,2026-09-18,760.8600,757.1717,760.5409,1.0000,1.0000
1789759800,2026-09-18,761.1700,757.6003,760.7825,1.0000,1.0000
1789760400,2026-09-18,761.6500,757.9984,761.2841,1.0000,1.0000
1789761000,2026-09-18,761.6400,758.3176,761.1436,1.0000,1.0000
1789997400,2026-09-21,766.6650,761.8377,766.2668,1.0000,1.0000
1789998000,2026-09-21,767.0200,761.9644,766.5246,1.0000,1.0000
1789998600,2026-09-21,767.6900,762.9937,767.3283,1.0000,1.0000
1789999200,2026-09-21,767.3700,762.4682,766.9610,1.0000,1.0000
1789999800,2026-09-21,768.4200,763.6975,768.0566,1.0000,1.0000
1790000400,2026-09-21,769.0333,764.4324,768.6520,1.0000,1.0000
1790001000,2026-09-21,769.2700,764.5048,768.8590,1.0000,1.0000
1790001600,2026-09-21,768.9950,764.4221,768.6087,1.0000,1.0000
1790002200,2026-09-21,769.2200,764.6322,768.8224,1.0000,1.0000
1790002800,2026-09-21,769.5500,765.0931,769.0829,1.0000,1.0000
1790003400,2026-09-21,770.1500,765.7116,769.7075,1.0000,1.0000
1790004000,2026-09-21,769.8600,765.4644,769.4027,1.0000,1.0000
1790004600,2026-09-21,770.4900,766.0287,770.0398,1.0000,1.0000
1790005200,2026-09-21,770.9650,766.5400,770.4676,0.9998,1.0000
1790005800,2026-09-21,770.7400,766.2999,770.2638,1.0000,1.0000
1790006400,2026-09-21,771.6509,767.2233,771.1347,1.0000,1.0000
1790007000,2026-09-21,771.6000,767.1059,771.1360,1.0000,1.0000
1790007600,2026-09-21,771.8200,767.2937,771.3873,1.0000,1.0000
1790008200,2026-09-21,771.8900,767.2839,771.4435,0.9998,1.0000
1790008800,2026-09-21,772.2300,767.5934,771.7679,1.0000,1.0000
1790009400,2026-09-21,772.3200,767.7077,771.8475,0.9996,1.0000
1790010000,2026-09-21,772.3800,767.6509,771.9182,1.0000,1.0000
1790010600,2026-09-21,772.8400,768.1092,772.3577,1.0000,1.0000
1790011200,2026-09-21,772.8050,768.0245,772.2827,1.0000,1.0000
1790011800,2026-09-21,772.2850,767.4400,771.8410,1.0000,1.0000
1790012400,2026-09-21,772.7900,767.8586,772.2864,1.0000,1.0000
1790013000,2026-09-21,772.8950,768.0970,772.4310,0.9998,1.0000
1790013600,2026-09-21,773.1800,768.4173,772.7069,1.0000,1.0000
1790014200,2026-09-21,773.3300,768.5298,772.8439,1.0000,1.0000
1790014800,2026-09-21,773.8550,769.0543,773.3216,1.0000,1.0000
1790015400,2026-09-21,773.9100,769.0809,773.3486,1.0000,1.0000
1790016000,2026-09-21,774.3500,769.5407,773.7688,1.0000,1.0000
1790016600,2026-09-21,774.2950,769.6111,773.7439,1.0000,1.0000
1790017200,2026-09-21,774.2000,769.4234,773.6705,1.0000,1.0000
1790017800,2026-09-21,774.3700,769.6161,773.8620,1.0000,1.0000
1790018400,2026-09-21,774.1000,769.1807,773.5762,1.0000,1.0000
1790019000,2026-09-21,774.7700,769.9946,774.2532,1.0000,1.0000
1790019600,2026-09-21,774.2200,769.3961,773.6995,1.0000,1.0000
1790020200,2026-09-21,773.5200,768.6308,772.9235,1.0000,1.0000
1790083800,2026-09-22,774.9600,769.9127,774.6091,1.0000,1.0000
1790084400,2026-09-22,774.3000,769.0788,773.8912,1.0000,1.0000
1790085000,2026-09-22,773.8250,769.0522,773.4943,0.9998,1.0000
1790085600,2026-09-22,773.7800,769.0911,773.3351,1.0000,1.0000
1790086200,2026-09-22,773.8300,768.9030,773.3561,1.0000,1.0000
1790086800,2026-09-22,773.5399,768.3518,773.0616,1.0000,1.0000
1790087400,2026-09-22,773.4800,768.3695,773.0378,1.0000,1.0000
1790088000,2026-09-22,773.6900,768.2227,773.1886,1.0000,1.0000
1790088600,2026-09-22,773.4100,768.0195,772.9132,1.0000,1.0000
1790089200,2026-09-22,773.3700,768.0661,772.8039,1.0000,1.0000
1790089800,2026-09-22,773.5350,768.3076,773.0309,1.0000,1.0000
1790090400,2026-09-22,773.3500,768.1100,772.7789,1.0000,1.0000
1790091000,2026-09-22,772.7599,767.5940,772.1464,1.0000,1.0000
1790091600,2026-09-22,772.9400,767.8290,772.3591,1.0000,1.0000
1790092200,2026-09-22,773.0350,768.0916,772.4916,1.0000,1.0000
1790092800,2026-09-22,773.2700,768.3772,772.6862,1.0000,1.0000
1790093400,2026-09-22,773.0700,768.2121,772.5200,1.0000,1.0000
1790094000,2026-09-22,772.9200,768.1510,772.3479,1.0000,1.0000
1790094600,2026-09-22,773.0300,768.3009,772.4498,1.0000,1.0000
1790095200,2026-09-22,773.6500,769.0235,773.0826,1.0000,1.0000
1790095800,2026-09-22,773.5800,768.8931,773.0124,1.0000,1.0000
1790096400,2026-09-22,773.3700,768.5348,772.7531,1.0000,1.0000
1790097000,2026-09-22,773.2700,768.4216,772.7141,1.0000,1.0000
1790097600,2026-09-22,773.5800,768.7224,772.9594,1.0000,1.0000
1790098200,2026-09-22,773.2100,768.4767,772.6455,1.0000,1.0000
1790098800,2026-09-22,773.4700,768.7383,772.8909,1.0000,1.0000
1790099400,2026-09-22,774.1100,769.3477,773.5656,1.0000,1.0000
1790100000,2026-09-22,774.1200,769.3150,773.5066,1.0000,1.0000
1790100600,2026-09-22,774.0700,769.2372,773.4919,1.0000,1.0000
1790101200,2026-09-22,774.1350,769.2756,773.5409,1.0000,1.0000
1790101800,2026-09-22,773.9000,768.9057,773.2871,1.0000,1.0000
1790102400,2026-09-22,774.1600,769.1621,773.5551,1.0000,1.0000
1790103000,2026-09-22,773.7600,768.9009,773.1597,1.0000,1.0000
1790103600,2026-09-22,773.9000,768.9711,773.2844,1.0000,1.0000
1790104200,2026-09-22,774.2800,769.3635,773.6580,1.0000,1.0000
1790104800,2026-09-22,774.3900,769.4611,773.8041,1.0000,1.0000
1790105400,2026-09-22,774.8200,770.0491,774.2529,1.0000,1.0000
1790106000,2026-09-22,774.7300,770.0241,774.0867,1.0000,1.0000
1790106600,2026-09-22,773.3600,768.9912,772.8213,1.0000,1.0000
1790170200,2026-09-23,772.1600,767.3990,771.6222,1.0000,1.0000
1790170800,2026-09-23,771.1200,766.3057,770.6186,1.0000,1.0000
1790171400,2026-09-23,770.6800,766.0883,770.1116,1.0000,1.0000
1790172000,2026-09-23,770.0000,765.6817,769.3314,0.9998,1.0000
1790172600,2026-09-23,769.1399,765.2879,768.5774,1.0000,1.0000
1790173200,2026-09-23,768.8600,764.8943,768.2210,1.0000,1.0000
1790173800,2026-09-23,768.8600,764.9744,768.3284,1.0000,1.0000
1790174400,2026-09-23,769.2400,765.3644,768.5597,1.0000,1.0000
1790175000,2026-09-23,770.2400,766.4875,769.6030,1.0000,1.0000
1790175600,2026-09-23,769.9300,766.2617,769.2698,1.0000,1.0000
1790176200,2026-09-23,769.6400,766.1195,769.0066,1.0000,1.0000
1790176800,2026-09-23,769.0200,765.5588,768.3521,1.0000,1.0000
1790177400,2026-09-23,768.9400,765.5105,768.2897,1.0000,1.0000
1790178000,2026-09-23,768.5101,765.1053,767.9038,1.0000,1.0000
1790178600,2026-09-23,768.6300,765.2089,767.9974,1.0000,1.0000
1790179200,2026-09-23,768.4900,765.1270,767.8971,1.0000,1.0000
1790179800,2026-09-23,768.3750,765.0546,767.7115,1.0000,1.0000
1790180400,2026-09-23,768.4200,765.3034,767.7449,1.0000,1.0000
1790181000,2026-09-23,768.3000,765.1826,767.6088,1.0000,1.0000
1790181600,2026-09-23,767.5700,764.4088,766.8990,1.0000,1.0000
1790182200,2026-09-23,767.4200,764.3354,766.7075,1.0000,1.0000
1790182800,2026-09-23,767.1190,763.8474,766.4321,1.0000,1.0000
1790183400,2026-09-23,767.8750,764.7715,767.1838,1.0000,1.0000
1790184000,2026-09-23,767.2700,764.2522,766.6703,1.0000,1.0000
1790184600,2026-09-23,767.3577,764.2458,766.6819,1.0000,1.0000
1790185200,2026-09-23,768.4100,765.3302,767.7297,0.9998,1.0000
1790185800,2026-09-23,769.0000,765.8404,768.2482,1.0000,1.0000
1790186400,2026-09-23,768.3900,765.1416,767.7519,1.0000,1.0000
1790187000,2026-09-23,768.5300,765.3409,767.8498,1.0000,1.0000
1790187600,2026-09-23,768.2700,765.0770,767.5858,1.0000,1.0000
1790188200,2026-09-23,767.6800,764.4768,766.9817,1.0000,1.0000
1790188800,2026-09-23,768.1000,764.7548,767.3679,1.0000,1.0000
1790189400,2026-09-23,768.1800,764.9324,767.4476,1.0000,1.0000
1790190000,2026-09-23,768.1250,764.8456,767.3817,1.0000,1.0000
1790190600,2026-09-23,767.8000,764.5538,767.1029,1.0000,1.0000
1790191200,2026-09-23,767.6401,764.4316,766.9459,1.0000,1.0000
1790191800,2026-09-23,768.0050,764.7969,767.2749,1.0000,1.0000
1790192400,2026-09-23,767.9800,764.7609,767.2124,1.0000,1.0000
1790193000,2026-09-23,767.7500,764.5331,767.0093,1.0000,1.0000
1790256600,2026-09-24,765.0120,762.1656,764.2212,1.0000,1.0000
1790257200,2026-09-24,764.9600,762.1350,764.0868,1.0000,1.0000
1790257800,2026-09-24,765.3800,762.3461,764.5157,1.0000,1.0000
1790258400,2026-09-24,766.1900,763.2024,765.3909,1.0000,1.0000
1790259000,2026-09-24,766.2000,763.0906,765.4113,1.0000,1.0000
1790259600,2026-09-24,766.0400,762.9523,765.1701,1.0000,1.0000
1790260200,2026-09-24,765.9000,762.8865,765.0711,1.0000,1.0000
1790260800,2026-09-24,765.3000,762.1728,764.4529,1.0000,1.0000
1790261400,2026-09-24,764.4900,761.4196,763.6487,1.0000,1.0000
1790262000,2026-09-24,764.0800,761.1032,763.2807,1.0000,1.0000
1790262600,2026-09-24,763.8550,760.8080,763.0299,1.0000,1.0000
1790263200,2026-09-24,763.6400,760.5077,762.8128,1.0000,1.0000
1790263800,2026-09-24,763.7700,760.5910,762.8771,1.0000,1.0000
1790264400,2026-09-24,763.5700,760.4719,762.7310,1.0000,1.0000
1790265000,2026-09-24,764.2850,761.0222,763.4404,1.0000,1.0000
1790265600,2026-09-24,763.8900,760.5824,763.0160,1.0000,1.0000
1790266200,2026-09-24,766.8500,763.5113,765.8852,1.0000,1.0000
1790266800,2026-09-24,767.1500,764.0131,766.2305,1.0000,1.0000
1790267400,2026-09-24,767.7699,764.5147,766.8129,1.0000,1.0000
1790268000,2026-09-24,768.5500,765.2492,767.5984,1.0000,1.0000
1790268600,2026-09-24,768.2600,764.9888,767.4191,1.0000,1.0000
1790269200,2026-09-24,768.2400,764.9319,767.2982,1.0000,1.0000
1790269800,2026-09-24,767.5100,764.0830,766.6504,1.0000,1.0000
1790270400,2026-09-24,767.2250,763.7317,766.3193,1.0000,1.0000
1790271000,2026-09-24,766.8600,763.5202,765.9997,1.0000,1.0000
1790271600,2026-09-24,766.6600,763.2826,765.7713,1.0000,1.0000
1790272200,2026-09-24,766.9300,763.4617,766.0824,1.0000,1.0000
1790272800,2026-09-24,766.7600,763.0847,765.8726,1.0000,1.0000
1790273400,2026-09-24,767.2600,763.6819,766.4072,0.9998,1.0000
1790274000,2026-09-24,767.6100,764.1636,766.7485,1.0000,1.0000
1790274600,2026-09-24,767.8200,764.1875,766.9094,1.0000,1.0000
1790275200,2026-09-24,767.5200,763.9849,766.6527,1.0000,1.0000
1790275800,2026-09-24,767.9400,764.4610,766.9810,1.0000,1.0000
1790276400,2026-09-24,767.4400,763.9601,766.4862,1.0000,1.0000
1790277000,2026-09-24,767.6800,764.1643,766.7296,1.0000,1.0000
1790277600,2026-09-24,767.5750,764.0862,766.6375,1.0000,1.0000
1790278200,2026-09-24,767.7650,764.3239,766.7945,1.0000,1.0000
1790278800,2026-09-24,767.3550,763.9592,766.4476,1.0000,1.0000
1790279400,2026-09-24,767.2500,763.7572,766.3030,1.0000,1.0000
1790343000,2026-09-25,769.7680,765.6629,768.6682,1.0000,1.0000
1790343600,2026-09-25,769.5100,765.6327,768.4388,0.9998,1.0000
1790344200,2026-09-25,769.7300,765.8817,768.6133,1.0000,1.0000
1790344800,2026-09-25,767.6600,763.7607,766.5149,1.0000,1.0000
1790345400,2026-09-25,767.0500,763.3238,765.9596,1.0000,1.0000
1790346000,2026-09-25,767.3900,763.6083,766.3172,1.0000,1.0000
1790346600,2026-09-25,768.2400,764.3626,767.1292,1.0000,1.0000
1790347200,2026-09-25,768.3500,764.5109,767.1371,0.9998,1.0000
1790347800,2026-09-25,768.7754,764.8378,767.6084,0.9998,1.0000
1790348400,2026-09-25,769.0900,765.1177,768.0004,1.0000,1.0000
1790349000,2026-09-25,768.5200,764.5541,767.3734,1.0000,1.0000
1790349600,2026-09-25,768.7300,764.6865,767.6240,1.0000,1.0000
1790350200,2026-09-25,768.2100,764.1026,767.1282,1.0000,1.0000
1790350800,2026-09-25,768.2950,764.0024,767.1413,1.0000,1.0000
1790351400,2026-09-25,769.9400,765.5871,768.7291,1.0000,1.0000
1790352000,2026-09-25,771.4800,767.4282,770.3732,1.0000,1.0000
1790352600,2026-09-25,770.9800,766.8937,769.8495,1.0000,1.0000
1790353200,2026-09-25,771.5410,767.4222,770.3670,1.0000,1.0000
1790353800,2026-09-25,770.9822,766.9816,769.8409,1.0000,1.0000
1790354400,2026-09-25,770.6800,766.5728,769.5291,0.9998,1.0000
1790355000,2026-09-25,770.4400,766.4187,769.3389,0.9998,1.0000
1790355600,2026-09-25,771.0550,767.0231,769.9095,1.0000,1.0000
1790356200,2026-09-25,770.9000,766.8144,769.7112,0.9998,1.0000
1790356800,2026-09-25,771.2600,767.1038,770.1165,1.0000,1.0000
1790357400,2026-09-25,770.8801,766.7877,769.7934,1.0000,1.0000
1790358000,2026-09-25,771.1200,766.9712,769.9605,1.0000,1.0000
1790358600,2026-09-25,771.1550,766.9712,770.0349,0.9998,1.0000
1790359200,2026-09-25,771.0800,766.8636,769.9921,1.0000,1.0000
1790359800,2026-09-25,771.2800,767.0291,770.1914,1.0000,1.0000
1790360400,2026-09-25,770.9000,766.6059,769.7367,1.0000,1.0000
1790361000,2026-09-25,770.6300,766.4031,769.5275,1.0000,1.0000
1790361600,2026-09-25,770.8600,766.6309,769.7494,1.0000,1.0000
1790362200,2026-09-25,770.6700,766.4445,769.5268,1.0000,1.0000
1790362800,2026-09-25,770.6950,766.4666,769.5406,1.0000,1.0000
1790363400,2026-09-25,770.7950,766.6723,769.6980,1.0000,1.0000
1790364000,2026-09-25,770.3300,766.0809,769.1594,1.0000,1.0000
1790364600,2026-09-25,770.9350,766.6009,769.7747,1.0000,1.0000
1790365200,2026-09-25,771.7100,767.3363,770.4794,1.0000,1.0000
1790365800,2026-09-25,771.3000,766.9076,770.1675,1.0000,1.0000
