tic,datadate,conm,gvkey,iid,cusip,exchg,curcdd,prcod,prchd,prcld,prccd,cshtrd,cshoc,ajexdi,trfd,trfd_imputed,adj_close,total_ret_idx,ret_price,ret_total
XLRE,2026-03-20,"STATE STREET REAL ESTT SL SC",026314,01,81369Y860,17,USD,41.85000000,41.94000000,40.41000000,40.59000000,15901300.00000000,183150000,1.00000000,1.42639436,0,40.59000000,57.89734707,,
XLRE,2026-03-23,"STATE STREET REAL ESTT SL SC",026314,01,81369Y860,17,USD,40.92000000,41.11000000,40.59000000,40.62000000,15314690.00000000,178400000,1.00000000,1.43591419,0,40.62000000,58.32683440,0.00073910,0.00741808
XLRE,2026-03-24,"STATE STREET REAL ESTT SL SC",026314,01,81369Y860,17,USD,40.42000000,40.73000000,40.22000000,40.29000000,9942778.00000000,177650000,1.00000000,1.43591419,0,40.29000000,57.85298272,-0.00812408,-0.00812408
XLRE,2026-03-25,"STATE STREET REAL ESTT SL SC",026314,01,81369Y860,17,USD,40.46000000,40.58000000,40.09000000,40.27000000,9903379.00000000,176650000,1.00000000,1.43591419,0,40.27000000,57.82426443,-0.00049640,-0.00049640
XLRE,2026-03-26,"STATE STREET REAL ESTT SL SC",026314,01,81369Y860,17,USD,40.19000000,40.59990000,40.03000000,40.29000000,14478370.00000000,176650000,1.00000000,1.43591419,0,40.29000000,57.85298272,0.00049665,0.00049665
XLRE,2026-03-27,"STATE STREET REAL ESTT SL SC",026314,01,81369Y860,17,USD,40.22000000,40.45000000,39.94020000,40.01000000,6122383.00000000,176250000,1.00000000,1.43591419,0,40.01000000,57.45092674,-0.00694962,-0.00694962
XLRE,2026-03-30,"STATE STREET REAL ESTT SL SC",026314,01,81369Y860,17,USD,40.46000000,40.75000000,40.04000000,40.21000000,12617020.00000000,179300000,1.00000000,1.43591419,0,40.21000000,57.73810958,0.00499875,0.00499875
XLRE,2026-03-31,"STATE STREET REAL ESTT SL SC",026314,01,81369Y860,17,USD,40.69000000,41.14000000,40.35500000,40.83000000,13395140.00000000,178900000,1.00000000,1.43591419,0,40.83000000,58.62837638,0.01541905,0.01541905
XLRE,2026-04-01,"STATE STREET REAL ESTT SL SC",026314,01,81369Y860,17,USD,40.87000000,41.12500000,40.75000000,40.95000000,11565560.00000000,181150000,1.00000000,1.43591419,0,40.95000000,58.80068608,0.00293902,0.00293902
XLRE,2026-04-02,"STATE STREET REAL ESTT SL SC",026314,01,81369Y860,17,USD,40.89000000,41.68990000,40.70000000,41.61000000,7354563.00000000,179950000,1.00000000,1.43591419,0,41.61000000,59.74838945,0.01611722,0.01611722
XLRE,2026-04-06,"STATE STREET REAL ESTT SL SC",026314,01,81369Y860,17,USD,41.52000000,41.86990000,41.40500000,41.76000000,5149136.00000000,179950000,1.00000000,1.43591419,0,41.76000000,59.96377657,0.00360490,0.00360490
XLRE,2026-04-07,"STATE STREET REAL ESTT SL SC",026314,01,81369Y860,17,USD,41.59000000,41.87500000,41.35500000,41.72000000,5403344.00000000,180050000,1.00000000,1.43591419,0,41.72000000,59.90634001,-0.00095785,-0.00095785
XLRE,2026-04-08,"STATE STREET REAL ESTT SL SC",026314,01,81369Y860,17,USD,42.31000000,42.51500000,42.12000000,42.44000000,5836544.00000000,180250000,1.00000000,1.43591419,0,42.44000000,60.94019822,0.01725791,0.01725791
XLRE,2026-04-09,"STATE STREET REAL ESTT SL SC",026314,01,81369Y860,17,USD,42.29000000,43.11000000,42.23000000,42.73000000,5200716.00000000,180200000,1.00000000,1.43591419,0,42.73000000,61.35661334,0.00683318,0.00683318
XLRE,2026-04-10,"STATE STREET REAL ESTT SL SC",026314,01,81369Y860,17,USD,42.77000000,42.96000000,42.61500000,42.82000000,4989498.00000000,178800000,1.00000000,1.43591419,0,42.82000000,61.48584562,0.00210625,0.00210625
XLRE,2026-04-13,"STATE STREET REAL ESTT SL SC",026314,01,81369Y860,17,USD,42.66000000,43.03500000,42.55000000,43.02000000,4072992.00000000,179100000,1.00000000,1.43591419,0,43.02000000,61.77302845,0.00467071,0.00467071
XLRE,2026-04-14,"STATE STREET REAL ESTT SL SC",026314,01,81369Y860,17,USD,42.97000000,43.47500000,42.85500000,43.43000000,4872782.00000000,179250000,1.00000000,1.43591419,0,43.43000000,62.36175327,0.00953045,0.00953045
XLRE,2026-04-15,"STATE STREET REAL ESTT SL SC",026314,01,81369Y860,17,USD,43.34500000,43.42500000,43.13000000,43.41000000,3024273.00000000,179250000,1.00000000,1.43591419,0,43.41000000,62.33303499,-0.00046051,-0.00046051
XLRE,2026-04-16,"STATE STREET REAL ESTT SL SC",026314,01,81369Y860,17,USD,43.53000000,43.83000000,43.47000000,43.81000000,4316718.00000000,179250000,1.00000000,1.43591419,0,43.81000000,62.90740066,0.00921447,0.00921447
XLRE,2026-04-17,"STATE STREET REAL ESTT SL SC",026314,01,81369Y860,17,USD,43.93000000,44.55990000,43.88000000,44.48000000,3840335.00000000,179250000,1.00000000,1.43591419,0,44.48000000,63.86946317,0.01529331,0.01529331
XLRE,2026-04-20,"STATE STREET REAL ESTT SL SC",026314,01,81369Y860,17,USD,44.40000000,44.65000000,44.32200000,44.64000000,3628814.00000000,179600000,1.00000000,1.43591419,0,44.64000000,64.09920944,0.00359712,0.00359712
XLRE,2026-04-21,"STATE STREET REAL ESTT SL SC",026314,01,81369Y860,17,USD,44.58000000,44.64500000,43.75000000,43.78000000,5080848.00000000,179150000,1.00000000,1.43591419,0,43.78000000,62.86432324,-0.01926523,-0.01926523
XLRE,2026-04-22,"STATE STREET REAL ESTT SL SC",026314,01,81369Y860,17,USD,43.91000000,44.14000000,43.30000000,43.46000000,5116164.00000000,178800000,1.00000000,1.43591419,0,43.46000000,62.40483070,-0.00730927,-0.00730927
XLRE,2026-04-23,"STATE STREET REAL ESTT SL SC",026314,01,81369Y860,17,USD,43.65000000,44.01000000,43.50000000,43.96000000,4156566.00000000,178000000,1.00000000,1.43591419,0,43.96000000,63.12278779,0.01150483,0.01150483
XLRE,2026-04-24,"STATE STREET REAL ESTT SL SC",026314,01,81369Y860,17,USD,44.00000000,44.18000000,43.80000000,43.83000000,3581007.00000000,178050000,1.00000000,1.43591419,0,43.83000000,62.93611895,-0.00295723,-0.00295723
XLRE,2026-04-27,"STATE STREET REAL ESTT SL SC",026314,01,81369Y860,17,USD,43.66000000,43.97000000,43.43000000,43.49000000,4082351.00000000,178050000,1.00000000,1.43591419,0,43.49000000,62.44790812,-0.00775724,-0.00775724
XLRE,2026-04-28,"STATE STREET REAL ESTT SL SC",026314,01,81369Y860,17,USD,43.75000000,43.95000000,43.32500000,43.91000000,6130665.00000000,178500000,1.00000000,1.43591419,0,43.91000000,63.05099208,0.00965739,0.00965739
XLRE,2026-04-29,"STATE STREET REAL ESTT SL SC",026314,01,81369Y860,17,USD,43.75000000,44.03000000,43.48000000,43.64000000,9106778.00000000,178950000,1.00000000,1.43591419,0,43.64000000,62.66329525,-0.00614894,-0.00614894
XLRE,2026-04-30,"STATE STREET REAL ESTT SL SC",026314,01,81369Y860,17,USD,43.54000000,44.47500000,43.50000000,44.40000000,7469829.00000000,178950000,1.00000000,1.43591419,0,44.40000000,63.75459004,0.01741522,0.01741522
XLRE,2026-05-01,"STATE STREET REAL ESTT SL SC",026314,01,81369Y860,17,USD,44.49000000,44.57500000,44.17000000,44.32000000,7212421.00000000,173700000,1.00000000,1.43591419,0,44.32000000,63.63971690,-0.00180180,-0.00180180
XLRE,2026-05-04,"STATE STREET REAL ESTT SL SC",026314,01,81369Y860,17,USD,44.16000000,44.44000000,43.90000000,44.08000000,4220332.00000000,174850000,1.00000000,1.43591419,0,44.08000000,63.29509750,-0.00541516,-0.00541516
XLRE,2026-05-05,"STATE STREET REAL ESTT SL SC",026314,01,81369Y860,17,USD,44.12000000,44.27000000,43.85000000,44.17000000,5810225.00000000,174850000,1.00000000,1.43591419,0,44.17000000,63.42432977,0.00204174,0.00204174
XLRE,2026-05-06,"STATE STREET REAL ESTT SL SC",026314,01,81369Y860,17,USD,44.44000000,44.91000000,44.41500000,44.74000000,5307712.00000000,175850000,1.00000000,1.43591419,0,44.74000000,64.24280086,0.01290469,0.01290469
XLRE,2026-05-07,"STATE STREET REAL ESTT SL SC",026314,01,81369Y860,17,USD,44.56500000,44.74000000,44.17500000,44.40000000,6953751.00000000,175850000,1.00000000,1.43591419,0,44.40000000,63.75459004,-0.00759946,-0.00759946
XLRE,2026-05-08,"STATE STREET REAL ESTT SL SC",026314,01,81369Y860,17,USD,44.52000000,44.72000000,44.38500000,44.41000000,3266874.00000000,177650000,1.00000000,1.43591419,0,44.41000000,63.76894918,0.00022523,0.00022523
XLRE,2026-05-11,"STATE STREET REAL ESTT SL SC",026314,01,81369Y860,17,USD,44.39000000,44.81000000,44.39000000,44.57000000,4172326.00000000,178600000,1.00000000,1.43591419,0,44.57000000,63.99869545,0.00360279,0.00360279
XLRE,2026-05-12,"STATE STREET REAL ESTT SL SC",026314,01,81369Y860,17,USD,44.52000000,44.69000000,44.27500000,44.58000000,5022438.00000000,177650000,1.00000000,1.43591419,0,44.58000000,64.01305459,0.00022437,0.00022437
XLRE,2026-05-13,"STATE STREET REAL ESTT SL SC",026314,01,81369Y860,17,USD,44.23000000,44.42000000,43.93500000,44.21000000,5241916.00000000,177750000,1.00000000,1.43591419,0,44.21000000,63.48176634,-0.00829969,-0.00829969
XLRE,2026-05-14,"STATE STREET REAL ESTT SL SC",026314,01,81369Y860,17,USD,44.33000000,44.38500000,43.87000000,43.91000000,4745759.00000000,179500000,1.00000000,1.43591419,0,43.91000000,63.05099208,-0.00678580,-0.00678580
XLRE,2026-05-15,"STATE STREET REAL ESTT SL SC",026314,01,81369Y860,17,USD,43.81000000,43.84000000,43.17000000,43.23000000,4936516.00000000,179100000,1.00000000,1.43591419,0,43.23000000,62.07457043,-0.01548622,-0.01548622
XLRE,2026-05-18,"STATE STREET REAL ESTT SL SC",026314,01,81369Y860,17,USD,43.29000000,43.78500000,43.29000000,43.75000000,6060934.00000000,179400000,1.00000000,1.43591419,0,43.75000000,62.82124581,0.01202868,0.01202868
XLRE,2026-05-19,"STATE STREET REAL ESTT SL SC",026314,01,81369Y860,17,USD,43.71500000,44.03500000,43.51000000,43.94000000,4328260.00000000,179400000,1.00000000,1.43591419,0,43.94000000,63.09406951,0.00434286,0.00434286
XLRE,2026-05-20,"STATE STREET REAL ESTT SL SC",026314,01,81369Y860,17,USD,43.86000000,44.45000000,43.86000000,44.43000000,3861378.00000000,179350000,1.00000000,1.43591419,0,44.43000000,63.79766746,0.01115157,0.01115157
XLRE,2026-05-21,"STATE STREET REAL ESTT SL SC",026314,01,81369Y860,17,USD,44.27000000,44.54000000,43.98500000,44.50000000,3567847.00000000,178900000,1.00000000,1.43591419,0,44.50000000,63.89818146,0.00157551,0.00157551
XLRE,2026-05-22,"STATE STREET REAL ESTT SL SC",026314,01,81369Y860,17,USD,44.63000000,44.82000000,44.28000000,44.56000000,3829728.00000000,179250000,1.00000000,1.43591419,0,44.56000000,63.98433631,0.00134831,0.00134831
XLRE,2026-05-26,"STATE STREET REAL ESTT SL SC",026314,01,81369Y860,17,USD,44.77000000,44.90500000,44.55010000,44.71000000,4320151.00000000,179500000,1.00000000,1.43591419,0,44.71000000,64.19972343,0.00336625,0.00336625
XLRE,2026-05-27,"STATE STREET REAL ESTT SL SC",026314,01,81369Y860,17,USD,44.74000000,44.98500000,44.60000000,44.63000000,3436075.00000000,180350000,1.00000000,1.43591419,0,44.63000000,64.08485030,-0.00178931,-0.00178931
XLRE,2026-05-28,"STATE STREET REAL ESTT SL SC",026314,01,81369Y860,17,USD,44.53000000,44.75500000,44.30500000,44.41000000,3274002.00000000,180350000,1.00000000,1.43591419,0,44.41000000,63.76894918,-0.00492942,-0.00492942
XLRE,2026-05-29,"STATE STREET REAL ESTT SL SC",026314,01,81369Y860,17,USD,44.31000000,44.35000000,43.82500000,43.99000000,6642270.00000000,180700000,1.00000000,1.43591419,0,43.99000000,63.16586522,-0.00945733,-0.00945733
XLRE,2026-06-01,"STATE STREET REAL ESTT SL SC",026314,01,81369Y860,17,USD,43.72000000,43.81500000,43.27000000,43.27000000,6478227.00000000,180650000,1.00000000,1.43591419,0,43.27000000,62.13200700,-0.01636736,-0.01636736
XLRE,2026-06-02,"STATE STREET REAL ESTT SL SC",026314,01,81369Y860,17,USD,43.30000000,43.51000000,43.07500000,43.49000000,6159440.00000000,180350000,1.00000000,1.43591419,0,43.49000000,62.44790812,0.00508435,0.00508435
XLRE,2026-06-03,"STATE STREET REAL ESTT SL SC",026314,01,81369Y860,17,USD,43.38000000,43.96500000,43.32000000,43.51000000,5665355.00000000,179200000,1.00000000,1.43591419,0,43.51000000,62.47662641,0.00045988,0.00045988
XLRE,2026-06-04,"STATE STREET REAL ESTT SL SC",026314,01,81369Y860,17,USD,44.16000000,44.43000000,43.78500000,44.40000000,5184699.00000000,178600000,1.00000000,1.43591419,0,44.40000000,63.75459004,0.02045507,0.02045507
XLRE,2026-06-05,"STATE STREET REAL ESTT SL SC",026314,01,81369Y860,17,USD,44.33000000,45.05000000,44.21000000,44.70000000,5324340.00000000,177950000,1.00000000,1.43591419,0,44.70000000,64.18536429,0.00675676,0.00675676
XLRE,2026-06-08,"STATE STREET REAL ESTT SL SC",026314,01,81369Y860,17,USD,44.69000000,44.83000000,43.94500000,44.03000000,4973700.00000000,177000000,1.00000000,1.43591419,0,44.03000000,63.22330179,-0.01498881,-0.01498881
XLRE,2026-06-09,"STATE STREET REAL ESTT SL SC",026314,01,81369Y860,17,USD,44.28000000,45.19000000,44.19000000,44.97000000,5555957.00000000,177800000,1.00000000,1.43591419,0,44.97000000,64.57306112,0.02134908,0.02134908
XLRE,2026-06-10,"STATE STREET REAL ESTT SL SC",026314,01,81369Y860,17,USD,45.11000000,45.27000000,44.99000000,44.99000000,4556364.00000000,178050000,1.00000000,1.43591419,0,44.99000000,64.60177941,0.00044474,0.00044474
XLRE,2026-06-11,"STATE STREET REAL ESTT SL SC",026314,01,81369Y860,17,USD,45.06000000,45.24000000,44.72500000,44.92000000,5513110.00000000,178950000,1.00000000,1.43591419,0,44.92000000,64.50126541,-0.00155590,-0.00155590
XLRE,2026-06-12,"STATE STREET REAL ESTT SL SC",026314,01,81369Y860,17,USD,45.04000000,45.52000000,45.02000000,45.36000000,4002489.00000000,180200000,1.00000000,1.43591419,0,45.36000000,65.13306766,0.00979519,0.00979519
XLRE,2026-06-15,"STATE STREET REAL ESTT SL SC",026314,01,81369Y860,17,USD,45.31500000,45.65000000,44.87000000,44.99000000,5283197.00000000,180200000,1.00000000,1.43591419,0,44.99000000,64.60177941,-0.00815697,-0.00815697
XLRE,2026-06-16,"STATE STREET REAL ESTT SL SC",026314,01,81369Y860,17,USD,45.21000000,45.46000000,44.96000000,45.10000000,4003856.00000000,180150000,1.00000000,1.43591419,0,45.10000000,64.75972997,0.00244499,0.00244499
XLRE,2026-06-17,"STATE STREET REAL ESTT SL SC",026314,01,81369Y860,17,USD,44.96000000,45.05500000,43.84500000,43.97000000,11406170.00000000,180450000,1.00000000,1.43591419,0,43.97000000,63.13714693,-0.02505543,-0.02505543
XLRE,2026-06-18,"STATE STREET REAL ESTT SL SC",026314,01,81369Y860,17,USD,44.38000000,44.38000000,43.83000000,43.86000000,5730604.00000000,180450000,1.00000000,1.43591419,0,43.86000000,62.97919637,-0.00250171,-0.00250171
XLRE,2026-06-22,"STATE STREET REAL ESTT SL SC",026314,01,81369Y860,17,USD,43.67000000,44.22500000,43.48000000,44.02000000,4444103.00000000,182200000,1.00000000,1.44834551,0,44.02000000,63.75616935,0.00364797,0.01233698
XLRE,2026-06-23,"STATE STREET REAL ESTT SL SC",026314,01,81369Y860,17,USD,44.13000000,44.71730000,44.09000000,44.64000000,4094439.00000000,182350000,1.00000000,1.44834551,0,44.64000000,64.65414357,0.01408451,0.01408451
XLRE,2026-06-24,"STATE STREET REAL ESTT SL SC",026314,01,81369Y860,17,USD,44.78000000,44.88000000,44.28500000,44.51000000,5116268.00000000,181150000,1.00000000,1.44834551,0,44.51000000,64.46585865,-0.00291219,-0.00291219
XLRE,2026-06-25,"STATE STREET REAL ESTT SL SC",026314,01,81369Y860,17,USD,44.70000000,44.77500000,44.12000000,44.59000000,5642814.00000000,181750000,1.00000000,1.44834551,0,44.59000000,64.58172629,0.00179735,0.00179735
XLRE,2026-06-26,"STATE STREET REAL ESTT SL SC",026314,01,81369Y860,17,USD,44.89000000,45.29000000,44.78000000,45.24000000,5421485.00000000,182350000,1.00000000,1.44834551,0,45.24000000,65.52315087,0.01457726,0.01457726
XLRE,2026-06-29,"STATE STREET REAL ESTT SL SC",026314,01,81369Y860,17,USD,45.14000000,45.19500000,44.54990000,44.92000000,5151063.00000000,183600000,1.00000000,1.44834551,0,44.92000000,65.05968031,-0.00707339,-0.00707339
XLRE,2026-06-30,"STATE STREET REAL ESTT SL SC",026314,01,81369Y860,17,USD,44.37500000,44.52000000,43.98500000,44.03000000,9112542.00000000,184050000,1.00000000,1.44834551,0,44.03000000,63.77065281,-0.01981300,-0.01981300
XLRE,2026-07-01,"STATE STREET REAL ESTT SL SC",026314,01,81369Y860,17,USD,44.04000000,44.54000000,44.01500000,44.18000000,7939136.00000000,185500000,1.00000000,1.44834551,0,44.18000000,63.98790463,0.00340677,0.00340677
XLRE,2026-07-02,"STATE STREET REAL ESTT SL SC",026314,01,81369Y860,17,USD,44.37000000,44.69000000,44.30000000,44.68000000,5442945.00000000,186000000,1.00000000,1.44834551,0,44.68000000,64.71207739,0.01131734,0.01131734
XLRE,2026-07-06,"STATE STREET REAL ESTT SL SC",026314,01,81369Y860,17,USD,44.73000000,44.78000000,44.10000000,44.29000000,7036424.00000000,186750000,1.00000000,1.44834551,0,44.29000000,64.14722264,-0.00872874,-0.00872874
XLRE,2026-07-07,"STATE STREET REAL ESTT SL SC",026314,01,81369Y860,17,USD,44.52500000,45.12500000,44.48000000,44.89000000,4763308.00000000,187850000,1.00000000,1.44834551,0,44.89000000,65.01622994,0.01354708,0.01354708
XLRE,2026-07-08,"STATE STREET REAL ESTT SL SC",026314,01,81369Y860,17,USD,44.85000000,44.85000000,44.11500000,44.15000000,3920097.00000000,187450000,1.00000000,1.44834551,0,44.15000000,63.94445427,-0.01648474,-0.01648474
XLRE,2026-07-09,"STATE STREET REAL ESTT SL SC",026314,01,81369Y860,17,USD,44.20000000,44.47000000,44.08000000,44.23000000,2929326.00000000,188400000,1.00000000,1.44834551,0,44.23000000,64.06032191,0.00181200,0.00181200
XLRE,2026-07-10,"STATE STREET REAL ESTT SL SC",026314,01,81369Y860,17,USD,44.48000000,44.56000000,44.05000000,44.45000000,3569960.00000000,189050000,1.00000000,1.44834551,0,44.45000000,64.37895792,0.00497400,0.00497400
XLRE,2026-07-13,"STATE STREET REAL ESTT SL SC",026314,01,81369Y860,17,USD,44.61000000,44.95500000,44.50000000,44.70000000,4213825.00000000,189050000,1.00000000,1.44834551,0,44.70000000,64.74104430,0.00562430,0.00562430
XLRE,2026-07-14,"STATE STREET REAL ESTT SL SC",026314,01,81369Y860,17,USD,44.75000000,44.79500000,44.38500000,44.48000000,3944349.00000000,189050000,1.00000000,1.44834551,0,44.48000000,64.42240828,-0.00492170,-0.00492170
XLRE,2026-07-15,"STATE STREET REAL ESTT SL SC",026314,01,81369Y860,17,USD,44.61000000,45.04000000,44.40000000,44.56000000,4562426.00000000,189150000,1.00000000,1.44834551,0,44.56000000,64.53827593,0.00179856,0.00179856
XLRE,2026-07-16,"STATE STREET REAL ESTT SL SC",026314,01,81369Y860,17,USD,44.71000000,45.51500000,44.67000000,45.46000000,4224880.00000000,189150000,1.00000000,1.44834551,0,45.46000000,65.84178688,0.02019749,0.02019749
XLRE,2026-07-17,"STATE STREET REAL ESTT SL SC",026314,01,81369Y860,17,USD,45.68000000,45.95500000,45.22500000,45.42000000,3903290.00000000,189750000,1.00000000,1.44834551,0,45.42000000,65.78385306,-0.00087989,-0.00087989
XLRE,2026-07-20,"STATE STREET REAL ESTT SL SC",026314,01,81369Y860,17,USD,45.33500000,45.51000000,45.06000000,45.23000000,3255301.00000000,190000000,1.00000000,1.44834551,0,45.23000000,65.50866742,-0.00418318,-0.00418318
XLRE,2026-07-21,"STATE STREET REAL ESTT SL SC",026314,01,81369Y860,17,USD,45.28000000,45.36500000,45.03500000,45.20000000,3136944.00000000,189900000,1.00000000,1.44834551,0,45.20000000,65.46521705,-0.00066328,-0.00066328
XLRE,2026-07-22,"STATE STREET REAL ESTT SL SC",026314,01,81369Y860,17,USD,45.30000000,45.37000000,44.92000000,45.01000000,4064102.00000000,189900000,1.00000000,1.44834551,0,45.01000000,65.19003141,-0.00420354,-0.00420354
XLRE,2026-07-23,"STATE STREET REAL ESTT SL SC",026314,01,81369Y860,17,USD,44.83000000,45.27000000,44.82000000,44.95000000,4745080.00000000,189800000,1.00000000,1.44834551,0,44.95000000,65.10313067,-0.00133304,-0.00133304
XLRE,2026-07-24,"STATE STREET REAL ESTT SL SC",026314,01,81369Y860,17,USD,45.34500000,46.13000000,45.30000000,45.95000000,4737115.00000000,190650000,1.00000000,1.44834551,0,45.95000000,66.55147618,0.02224694,0.02224694
XLRE,2026-07-27,"STATE STREET REAL ESTT SL SC",026314,01,81369Y860,17,USD,45.85500000,46.05500000,45.65000000,45.76000000,4214053.00000000,190700000,1.00000000,1.44834551,0,45.76000000,66.27629054,-0.00413493,-0.00413493
XLRE,2026-07-28,"STATE STREET REAL ESTT SL SC",026314,01,81369Y860,17,USD,46.17000000,46.45500000,45.99000000,46.01000000,5833384.00000000,190950000,1.00000000,1.44834551,0,46.01000000,66.63837692,0.00546329,0.00546329
XLRE,2026-07-29,"STATE STREET REAL ESTT SL SC",026314,01,81369Y860,17,USD,46.04500000,46.21500000,45.67500000,45.96000000,6030663.00000000,192150000,1.00000000,1.44834551,0,45.96000000,66.56595964,-0.00108672,-0.00108672
XLRE,2026-07-30,"STATE STREET REAL ESTT SL SC",026314,01,81369Y860,17,USD,45.94000000,46.04000000,44.93000000,45.30000000,6483332.00000000,191050000,1.00000000,1.44834551,0,45.30000000,65.61005160,-0.01436031,-0.01436031
XLRE,2026-07-31,"STATE STREET REAL ESTT SL SC",026314,01,81369Y860,17,USD,45.28000000,45.34000000,44.79000000,45.07000000,6543066.00000000,190150000,1.00000000,1.44834551,0,45.07000000,65.27693214,-0.00507726,-0.00507726
XLRE,2026-08-03,"STATE STREET REAL ESTT SL SC",026314,01,81369Y860,17,USD,45.08000000,45.39000000,44.87000000,45.18000000,7515016.00000000,191050000,1.00000000,1.44834551,0,45.18000000,65.43625014,0.00244065,0.00244065
XLRE,2026-08-04,"STATE STREET REAL ESTT SL SC",026314,01,81369Y860,17,USD,44.65000000,45.23500000,44.43000000,45.17000000,6247287.00000000,192000000,1.00000000,1.44834551,0,45.17000000,65.42176669,-0.00022134,-0.00022134
XLRE,2026-08-05,"STATE STREET REAL ESTT SL SC",026314,01,81369Y860,17,USD,45.28000000,45.32000000,44.69500000,45.20000000,6007445.00000000,192350000,1.00000000,1.44834551,0,45.20000000,65.46521705,0.00066416,0.00066416
XLRE,2026-08-06,"STATE STREET REAL ESTT SL SC",026314,01,81369Y860,17,USD,45.53500000,45.54000000,44.66000000,44.81000000,4953002.00000000,192350000,1.00000000,1.44834551,0,44.81000000,64.90036230,-0.00862832,-0.00862832
XLRE,2026-08-07,"STATE STREET REAL ESTT SL SC",026314,01,81369Y860,17,USD,44.83000000,45.25500000,44.71000000,44.98000000,3837831.00000000,192150000,1.00000000,1.44834551,0,44.98000000,65.14658104,0.00379380,0.00379380
XLRE,2026-08-10,"STATE STREET REAL ESTT SL SC",026314,01,81369Y860,17,USD,44.70500000,44.75000000,44.24000000,44.40000000,5293779.00000000,192150000,1.00000000,1.44834551,0,44.40000000,64.30654064,-0.01289462,-0.01289462
XLRE,2026-08-11,"STATE STREET REAL ESTT SL SC",026314,01,81369Y860,17,USD,44.26000000,44.40000000,44.01000000,44.08000000,5552023.00000000,191950000,1.00000000,1.44834551,0,44.08000000,63.84307008,-0.00720721,-0.00720721
XLRE,2026-08-12,"STATE STREET REAL ESTT SL SC",026314,01,81369Y860,17,USD,44.20000000,44.53500000,44.10000000,44.49000000,4723459.00000000,192150000,1.00000000,1.44834551,0,44.49000000,64.43689174,0.00930127,0.00930127
XLRE,2026-08-13,"STATE STREET REAL ESTT SL SC",026314,01,81369Y860,17,USD,44.74000000,45.20000000,44.69000000,45.12000000,5758334.00000000,191750000,1.00000000,1.44834551,0,45.12000000,65.34934941,0.01416049,0.01416049
XLRE,2026-08-14,"STATE STREET REAL ESTT SL SC",026314,01,81369Y860,17,USD,45.11800000,45.32000000,45.04010000,45.27000000,4545808.00000000,191350000,1.00000000,1.44834551,0,45.27000000,65.56660124,0.00332447,0.00332447
XLRE,2026-08-17,"STATE STREET REAL ESTT SL SC",026314,01,81369Y860,17,USD,45.10000000,45.15000000,44.73000000,44.83000000,8542731.00000000,191350000,1.00000000,1.44834551,0,44.83000000,64.92932921,-0.00971946,-0.00971946
XLRE,2026-08-18,"STATE STREET REAL ESTT SL SC",026314,01,81369Y860,17,USD,45.18000000,45.18000000,44.61000000,44.63000000,6154033.00000000,188800000,1.00000000,1.44834551,0,44.63000000,64.63966011,-0.00446130,-0.00446130
XLRE,2026-08-19,"STATE STREET REAL ESTT SL SC",026314,01,81369Y860,17,USD,44.89000000,45.08500000,44.64500000,44.99000000,4615476.00000000,188500000,1.00000000,1.44834551,0,44.99000000,65.16106449,0.00806632,0.00806632
XLRE,2026-08-20,"STATE STREET REAL ESTT SL SC",026314,01,81369Y860,17,USD,45.02000000,45.30990000,44.83000000,45.08000000,4408731.00000000,188300000,1.00000000,1.44834551,0,45.08000000,65.29141559,0.00200044,0.00200044
XLRE,2026-08-21,"STATE STREET REAL ESTT SL SC",026314,01,81369Y860,17,USD,45.20000000,45.25500000,44.93400000,45.08000000,3967840.00000000,187500000,1.00000000,1.44834551,0,45.08000000,65.29141559,0.00000000,0.00000000
XLRE,2026-08-24,"STATE STREET REAL ESTT SL SC",026314,01,81369Y860,17,USD,45.19500000,45.40000000,44.97000000,45.33000000,4020851.00000000,187450000,1.00000000,1.44834551,0,45.33000000,65.65350197,0.00554570,0.00554570
XLRE,2026-08-25,"STATE STREET REAL ESTT SL SC",026314,01,81369Y860,17,USD,45.34000000,45.46500000,45.16000000,45.36000000,3148829.00000000,187900000,1.00000000,1.44834551,0,45.36000000,65.69695233,0.00066181,0.00066181
XLRE,2026-08-26,"STATE STREET REAL ESTT SL SC",026314,01,81369Y860,17,USD,45.37000000,45.46000000,45.06000000,45.09000000,3429047.00000000,187900000,1.00000000,1.44834551,0,45.09000000,65.30589905,-0.00595238,-0.00595238
XLRE,2026-08-27,"STATE STREET REAL ESTT SL SC",026314,01,81369Y860,17,USD,44.79000000,45.04500000,44.63000000,44.66000000,4637801.00000000,188200000,1.00000000,1.44834551,0,44.66000000,64.68311048,-0.00953648,-0.00953648
XLRE,2026-08-28,"STATE STREET REAL ESTT SL SC",026314,01,81369Y860,17,USD,44.88500000,44.90000000,44.38500000,44.48000000,3824329.00000000,188200000,1.00000000,1.44834551,0,44.48000000,64.42240828,-0.00403045,-0.00403045
XLRE,2026-08-31,"STATE STREET REAL ESTT SL SC",026314,01,81369Y860,17,USD,44.30000000,44.34500000,43.86500000,44.11000000,7404864.00000000,187950000,1.00000000,1.44834551,0,44.11000000,63.88652045,-0.00831835,-0.00831835
XLRE,2026-09-01,"STATE STREET REAL ESTT SL SC",026314,01,81369Y860,17,USD,44.13000000,44.39500000,43.89500000,44.04000000,6775987.00000000,188450000,1.00000000,1.44834551,0,44.04000000,63.78513626,-0.00158694,-0.00158694
XLRE,2026-09-02,"STATE STREET REAL ESTT SL SC",026314,01,81369Y860,17,USD,44.01000000,44.05000000,43.56500000,43.73000000,7641541.00000000,187800000,1.00000000,1.44834551,0,43.73000000,63.33614915,-0.00703906,-0.00703906
XLRE,2026-09-03,"STATE STREET REAL ESTT SL SC",026314,01,81369Y860,17,USD,44.08000000,44.26500000,43.84000000,44.25000000,4414470.00000000,187950000,1.00000000,1.44834551,0,44.25000000,64.08928882,0.01189115,0.01189115
XLRE,2026-09-04,"STATE STREET REAL ESTT SL SC",026314,01,81369Y860,17,USD,44.04000000,44.28000000,43.87500000,43.93000000,3829188.00000000,187100000,1.00000000,1.44834551,0,43.93000000,63.62581825,-0.00723164,-0.00723164
XLRE,2026-09-08,"STATE STREET REAL ESTT SL SC",026314,01,81369Y860,17,USD,43.66500000,44.26000000,43.66120000,43.90000000,4824797.00000000,187050000,1.00000000,1.44834551,0,43.90000000,63.58236789,-0.00068290,-0.00068290
XLRE,2026-09-09,"STATE STREET REAL ESTT SL SC",026314,01,81369Y860,17,USD,43.75000000,43.91000000,43.37500000,43.41000000,5863765.00000000,187050000,1.00000000,1.44834551,0,43.41000000,62.87267859,-0.01116173,-0.01116173
XLRE,2026-09-10,"STATE STREET REAL ESTT SL SC",026314,01,81369Y860,17,USD,43.47000000,43.61000000,42.94000000,43.05000000,4729694.00000000,185700000,1.00000000,1.44834551,0,43.05000000,62.35127421,-0.00829302,-0.00829302
XLRE,2026-09-11,"STATE STREET REAL ESTT SL SC",026314,01,81369Y860,17,USD,43.40000000,43.55000000,43.23000000,43.42000000,4389208.00000000,185700000,1.00000000,1.44834551,0,43.42000000,62.88716204,0.00859466,0.00859466
XLRE,2026-09-14,"STATE STREET REAL ESTT SL SC",026314,01,81369Y860,17,USD,43.39000000,43.59000000,42.96500000,43.12000000,6178519.00000000,184950000,1.00000000,1.44834551,0,43.12000000,62.45265839,-0.00690926,-0.00690926
XLRE,2026-09-15,"STATE STREET REAL ESTT SL SC",026314,01,81369Y860,17,USD,43.11000000,43.16000000,42.70000000,43.07000000,4641014.00000000,184200000,1.00000000,1.44834551,0,43.07000000,62.38024112,-0.00115955,-0.00115955
XLRE,2026-09-16,"STATE STREET REAL ESTT SL SC",026314,01,81369Y860,17,USD,43.07200000,43.49000000,42.60500000,42.81000000,5310988.00000000,183900000,1.00000000,1.44834551,0,42.81000000,62.00367128,-0.00603668,-0.00603668
XLRE,2026-09-17,"STATE STREET REAL ESTT SL SC",026314,01,81369Y860,17,USD,43.09500000,43.17000000,42.84500000,42.94000000,4356132.00000000,192100000,1.00000000,1.44834551,0,42.94000000,62.19195620,0.00303667,0.00303667
XLRE,2026-09-18,"STATE STREET REAL ESTT SL SC",026314,01,81369Y860,17,USD,42.59000000,42.79500000,42.50000000,42.53000000,6191583.00000000,182600000,1.00000000,1.44834551,0,42.53000000,61.59813454,-0.00954821,-0.00954821
XLC,2026-03-20,"STATE STREET COMMUNCTN SR SL",033692,01,81369Y852,17,USD,112.83000000,113.03000000,111.62000000,112.23000000,10086430.00000000,217250000,1.00000000,1.07501466,0,112.23000000,120.64889529,,
XLC,2026-03-23,"STATE STREET COMMUNCTN SR SL",033692,01,81369Y852,17,USD,112.87000000,113.45000000,112.21000000,112.71000000,8557600.00000000,217250000,1.00000000,1.07841968,0,112.71000000,121.54868213,0.00427693,0.00745790
XLC,2026-03-24,"STATE STREET COMMUNCTN SR SL",033692,01,81369Y852,17,USD,112.15000000,112.49000000,111.06000000,111.13000000,8634445.00000000,215600000,1.00000000,1.07841968,0,111.13000000,119.84477904,-0.01401828,-0.01401828
XLC,2026-03-25,"STATE STREET COMMUNCTN SR SL",033692,01,81369Y852,17,USD,111.88000000,112.53000000,110.84000000,111.44000000,6097805.00000000,215500000,1.00000000,1.07841968,0,111.44000000,120.17908914,0.00278953,0.00278953
XLC,2026-03-26,"STATE STREET COMMUNCTN SR SL",033692,01,81369Y852,17,USD,110.61000000,110.88000000,108.68000000,108.81000000,9765838.00000000,215500000,1.00000000,1.07841968,0,108.81000000,117.34284538,-0.02360014,-0.02360014
XLC,2026-03-27,"STATE STREET COMMUNCTN SR SL",033692,01,81369Y852,17,USD,108.31500000,108.51000000,106.72000000,107.04000000,9594571.00000000,215900000,1.00000000,1.07841968,0,107.04000000,115.43404255,-0.01626689,-0.01626689
XLC,2026-03-30,"STATE STREET COMMUNCTN SR SL",033692,01,81369Y852,17,USD,107.89500000,108.66000000,107.06640000,107.96000000,9490346.00000000,217650000,1.00000000,1.07841968,0,107.96000000,116.42618865,0.00859492,0.00859492
XLC,2026-03-31,"STATE STREET COMMUNCTN SR SL",033692,01,81369Y852,17,USD,109.14000000,111.26000000,108.82000000,110.86000000,10144880.00000000,217400000,1.00000000,1.07841968,0,110.86000000,119.55360572,0.02686180,0.02686180
XLC,2026-04-01,"STATE STREET COMMUNCTN SR SL",033692,01,81369Y852,17,USD,111.25000000,111.87500000,110.70500000,111.24000000,9855761.00000000,216350000,1.00000000,1.07841968,0,111.24000000,119.96340520,0.00342775,0.00342775
XLC,2026-04-02,"STATE STREET COMMUNCTN SR SL",033692,01,81369Y852,17,USD,110.14000000,111.87000000,109.70000000,111.70000000,5590505.00000000,216100000,1.00000000,1.07841968,0,111.70000000,120.45947826,0.00413520,0.00413520
XLC,2026-04-06,"STATE STREET COMMUNCTN SR SL",033692,01,81369Y852,17,USD,111.90000000,112.52000000,111.66000000,111.76000000,3803638.00000000,216450000,1.00000000,1.07841968,0,111.76000000,120.52418344,0.00053715,0.00053715
XLC,2026-04-07,"STATE STREET COMMUNCTN SR SL",033692,01,81369Y852,17,USD,111.57000000,112.00000000,111.05000000,111.82000000,4375626.00000000,216650000,1.00000000,1.07841968,0,111.82000000,120.58888862,0.00053686,0.00053686
XLC,2026-04-08,"STATE STREET COMMUNCTN SR SL",033692,01,81369Y852,17,USD,114.26000000,114.48500000,113.21000000,113.81000000,4579268.00000000,216350000,1.00000000,1.07841968,0,113.81000000,122.73494378,0.01779646,0.01779646
XLC,2026-04-09,"STATE STREET COMMUNCTN SR SL",033692,01,81369Y852,17,USD,113.79500000,114.47000000,113.21500000,114.27000000,4176732.00000000,216500000,1.00000000,1.07841968,0,114.27000000,123.23101683,0.00404182,0.00404182
XLC,2026-04-10,"STATE STREET COMMUNCTN SR SL",033692,01,81369Y852,17,USD,114.64000000,114.86000000,113.68010000,113.95000000,2667818.00000000,216300000,1.00000000,1.07841968,0,113.95000000,122.88592254,-0.00280039,-0.00280039
XLC,2026-04-13,"STATE STREET COMMUNCTN SR SL",033692,01,81369Y852,17,USD,113.63500000,114.86000000,113.27000000,114.82000000,5063545.00000000,216050000,1.00000000,1.07841968,0,114.82000000,123.82414766,0.00763493,0.00763493
XLC,2026-04-14,"STATE STREET COMMUNCTN SR SL",033692,01,81369Y852,17,USD,115.01000000,116.83500000,114.84000000,116.56000000,5396181.00000000,217000000,1.00000000,1.07841968,0,116.56000000,125.70059790,0.01515415,0.01515415
XLC,2026-04-15,"STATE STREET COMMUNCTN SR SL",033692,01,81369Y852,17,USD,116.85000000,118.12000000,116.74240000,117.36000000,5139931.00000000,217800000,1.00000000,1.07841968,0,117.36000000,126.56333364,0.00686342,0.00686342
XLC,2026-04-16,"STATE STREET COMMUNCTN SR SL",033692,01,81369Y852,17,USD,117.90000000,118.92500000,117.83000000,118.83000000,3708287.00000000,218050000,1.00000000,1.07841968,0,118.83000000,128.14861057,0.01252556,0.01252556
XLC,2026-04-17,"STATE STREET COMMUNCTN SR SL",033692,01,81369Y852,17,USD,118.64000000,119.48000000,118.35000000,119.10000000,3176790.00000000,218050000,1.00000000,1.07841968,0,119.10000000,128.43978389,0.00227215,0.00227215
XLC,2026-04-20,"STATE STREET COMMUNCTN SR SL",033692,01,81369Y852,17,USD,118.74000000,119.10000000,118.52000000,118.75000000,3297267.00000000,218050000,1.00000000,1.07841968,0,118.75000000,128.06233700,-0.00293871,-0.00293871
XLC,2026-04-21,"STATE STREET COMMUNCTN SR SL",033692,01,81369Y852,17,USD,118.80000000,119.13000000,116.99000000,117.16000000,3862001.00000000,219150000,1.00000000,1.07841968,0,117.16000000,126.34764971,-0.01338947,-0.01338947
XLC,2026-04-22,"STATE STREET COMMUNCTN SR SL",033692,01,81369Y852,17,USD,117.65000000,117.98000000,117.28500000,117.88000000,3079400.00000000,220350000,1.00000000,1.07841968,0,117.88000000,127.12411188,0.00614544,0.00614544
XLC,2026-04-23,"STATE STREET COMMUNCTN SR SL",033692,01,81369Y852,17,USD,117.97000000,118.19000000,116.52000000,117.39000000,3502958.00000000,220600000,1.00000000,1.07841968,0,117.39000000,126.59568624,-0.00415677,-0.00415677
XLC,2026-04-24,"STATE STREET COMMUNCTN SR SL",033692,01,81369Y852,17,USD,117.21000000,117.22000000,115.09000000,115.54000000,4857678.00000000,219550000,1.00000000,1.07841968,0,115.54000000,124.60060983,-0.01575943,-0.01575943
XLC,2026-04-27,"STATE STREET COMMUNCTN SR SL",033692,01,81369Y852,17,USD,115.41000000,116.75000000,115.41000000,115.81000000,4506242.00000000,219550000,1.00000000,1.07841968,0,115.81000000,124.89178314,0.00233685,0.00233685
XLC,2026-04-28,"STATE STREET COMMUNCTN SR SL",033692,01,81369Y852,17,USD,115.85500000,116.23000000,115.32000000,115.75000000,4052154.00000000,219550000,1.00000000,1.07841968,0,115.75000000,124.82707796,-0.00051809,-0.00051809
XLC,2026-04-29,"STATE STREET COMMUNCTN SR SL",033692,01,81369Y852,17,USD,115.54000000,115.78000000,115.06500000,115.29000000,4401449.00000000,219550000,1.00000000,1.07841968,0,115.29000000,124.33100491,-0.00397408,-0.00397408
XLC,2026-04-30,"STATE STREET COMMUNCTN SR SL",033692,01,81369Y852,17,USD,115.00000000,116.67000000,114.70000000,116.51000000,5276483.00000000,219700000,1.00000000,1.07841968,0,116.51000000,125.64667692,0.01058201,0.01058201
XLC,2026-05-01,"STATE STREET COMMUNCTN SR SL",033692,01,81369Y852,17,USD,116.83500000,117.30000000,116.59000000,116.72000000,7552037.00000000,220150000,1.00000000,1.07841968,0,116.72000000,125.87314505,0.00180242,0.00180242
XLC,2026-05-04,"STATE STREET COMMUNCTN SR SL",033692,01,81369Y852,17,USD,116.62500000,116.77000000,115.96000000,116.10000000,5480391.00000000,219150000,1.00000000,1.07841968,0,116.10000000,125.20452485,-0.00531186,-0.00531186
XLC,2026-05-05,"STATE STREET COMMUNCTN SR SL",033692,01,81369Y852,17,USD,116.31000000,116.31000000,115.19100000,115.63000000,5298841.00000000,219150000,1.00000000,1.07841968,0,115.63000000,124.69766760,-0.00404823,-0.00404823
XLC,2026-05-06,"STATE STREET COMMUNCTN SR SL",033692,01,81369Y852,17,USD,116.22000000,117.61000000,116.22000000,117.35000000,6217412.00000000,218700000,1.00000000,1.07841968,0,117.35000000,126.55254945,0.01487503,0.01487503
XLC,2026-05-07,"STATE STREET COMMUNCTN SR SL",033692,01,81369Y852,17,USD,117.63000000,118.20000000,117.03500000,117.38000000,4333334.00000000,218700000,1.00000000,1.07841968,0,117.38000000,126.58490204,0.00025565,0.00025565
XLC,2026-05-08,"STATE STREET COMMUNCTN SR SL",033692,01,81369Y852,17,USD,117.01500000,117.19000000,116.61500000,116.94000000,4153154.00000000,218200000,1.00000000,1.07841968,0,116.94000000,126.11039738,-0.00374851,-0.00374851
XLC,2026-05-11,"STATE STREET COMMUNCTN SR SL",033692,01,81369Y852,17,USD,116.52000000,116.72000000,115.43000000,115.58000000,4728187.00000000,216900000,1.00000000,1.07841968,0,115.58000000,124.64374661,-0.01162990,-0.01162990
XLC,2026-05-12,"STATE STREET COMMUNCTN SR SL",033692,01,81369Y852,17,USD,115.68000000,115.95500000,114.97000000,115.86000000,5336299.00000000,216800000,1.00000000,1.07841968,0,115.86000000,124.94570412,0.00242256,0.00242256
XLC,2026-05-13,"STATE STREET COMMUNCTN SR SL",033692,01,81369Y852,17,USD,115.52200000,117.03000000,115.35000000,116.76000000,4061303.00000000,216550000,1.00000000,1.07841968,0,116.76000000,125.91628184,0.00776800,0.00776800
XLC,2026-05-14,"STATE STREET COMMUNCTN SR SL",033692,01,81369Y852,17,USD,117.10000000,117.97000000,116.93500000,117.11000000,3558205.00000000,216950000,1.00000000,1.07841968,0,117.11000000,126.29372872,0.00299760,0.00299760
XLC,2026-05-15,"STATE STREET COMMUNCTN SR SL",033692,01,81369Y852,17,USD,116.91000000,117.04000000,115.98000000,116.08000000,4292351.00000000,215900000,1.00000000,1.07841968,0,116.08000000,125.18295645,-0.00879515,-0.00879515
XLC,2026-05-18,"STATE STREET COMMUNCTN SR SL",033692,01,81369Y852,17,USD,116.04000000,117.82000000,115.85000000,116.98000000,5125562.00000000,216350000,1.00000000,1.07841968,0,116.98000000,126.15353417,0.00775327,0.00775327
XLC,2026-05-19,"STATE STREET COMMUNCTN SR SL",033692,01,81369Y852,17,USD,116.95000000,117.14000000,115.71500000,115.85000000,5163623.00000000,217500000,1.00000000,1.07841968,0,115.85000000,124.93491993,-0.00965977,-0.00965977
XLC,2026-05-20,"STATE STREET COMMUNCTN SR SL",033692,01,81369Y852,17,USD,115.65000000,116.21500000,114.81000000,116.10000000,5148675.00000000,218800000,1.00000000,1.07841968,0,116.10000000,125.20452485,0.00215796,0.00215796
XLC,2026-05-21,"STATE STREET COMMUNCTN SR SL",033692,01,81369Y852,17,USD,115.47000000,116.85500000,114.99000000,116.10000000,4855441.00000000,218700000,1.00000000,1.07841968,0,116.10000000,125.20452485,0.00000000,0.00000000
XLC,2026-05-22,"STATE STREET COMMUNCTN SR SL",033692,01,81369Y852,17,USD,116.41000000,116.73000000,115.23500000,115.46000000,4108614.00000000,217650000,1.00000000,1.07841968,0,115.46000000,124.51433625,-0.00551249,-0.00551249
XLC,2026-05-26,"STATE STREET COMMUNCTN SR SL",033692,01,81369Y852,17,USD,115.63000000,116.07500000,115.07000000,115.55000000,4191450.00000000,217700000,1.00000000,1.07841968,0,115.55000000,124.61139402,0.00077949,0.00077949
XLC,2026-05-27,"STATE STREET COMMUNCTN SR SL",033692,01,81369Y852,17,USD,115.23000000,117.05500000,115.16000000,116.26000000,5747773.00000000,218050000,1.00000000,1.07841968,0,116.26000000,125.37707200,0.00614453,0.00614453
XLC,2026-05-28,"STATE STREET COMMUNCTN SR SL",033692,01,81369Y852,17,USD,116.10000000,116.84000000,115.55000000,116.67000000,4528339.00000000,216700000,1.00000000,1.07841968,0,116.67000000,125.81922407,0.00352658,0.00352658
XLC,2026-05-29,"STATE STREET COMMUNCTN SR SL",033692,01,81369Y852,17,USD,115.93000000,116.05000000,115.14000000,115.69000000,5493548.00000000,217050000,1.00000000,1.07841968,0,115.69000000,124.76237278,-0.00839976,-0.00839976
XLC,2026-06-01,"STATE STREET COMMUNCTN SR SL",033692,01,81369Y852,17,USD,115.42500000,116.04500000,114.81500000,115.61000000,5270169.00000000,216050000,1.00000000,1.07841968,0,115.61000000,124.67609920,-0.00069150,-0.00069150
XLC,2026-06-02,"STATE STREET COMMUNCTN SR SL",033692,01,81369Y852,17,USD,114.75500000,114.90000000,113.52000000,113.57000000,6493907.00000000,215500000,1.00000000,1.07841968,0,113.57000000,122.47612306,-0.01764553,-0.01764553
XLC,2026-06-03,"STATE STREET COMMUNCTN SR SL",033692,01,81369Y852,17,USD,113.24000000,113.43000000,111.76000000,112.08000000,6066690.00000000,214400000,1.00000000,1.07841968,0,112.08000000,120.86927773,-0.01311966,-0.01311966
XLC,2026-06-04,"STATE STREET COMMUNCTN SR SL",033692,01,81369Y852,17,USD,112.74000000,114.36500000,112.69000000,113.11000000,6056237.00000000,215300000,1.00000000,1.07841968,0,113.11000000,121.98005000,0.00918986,0.00918986
XLC,2026-06-05,"STATE STREET COMMUNCTN SR SL",033692,01,81369Y852,17,USD,112.79000000,113.36000000,111.13500000,111.67000000,9005034.00000000,215500000,1.00000000,1.07841968,0,111.67000000,120.42712567,-0.01273097,-0.01273097
XLC,2026-06-08,"STATE STREET COMMUNCTN SR SL",033692,01,81369Y852,17,USD,111.41000000,111.46500000,110.12000000,111.09000000,9077796.00000000,214150000,1.00000000,1.07841968,0,111.09000000,119.80164225,-0.00519387,-0.00519387
XLC,2026-06-09,"STATE STREET COMMUNCTN SR SL",033692,01,81369Y852,17,USD,111.48000000,112.23000000,110.48000000,111.48000000,6588963.00000000,213800000,1.00000000,1.07841968,0,111.48000000,120.22222593,0.00351067,0.00351067
XLC,2026-06-10,"STATE STREET COMMUNCTN SR SL",033692,01,81369Y852,17,USD,111.59000000,112.45000000,110.93000000,111.01000000,5435387.00000000,213000000,1.00000000,1.07841968,0,111.01000000,119.71536868,-0.00421600,-0.00421600
XLC,2026-06-11,"STATE STREET COMMUNCTN SR SL",033692,01,81369Y852,17,USD,110.89000000,112.52000000,110.22000000,112.12000000,5931751.00000000,213500000,1.00000000,1.07841968,0,112.12000000,120.91241452,0.00999910,0.00999910
XLC,2026-06-12,"STATE STREET COMMUNCTN SR SL",033692,01,81369Y852,17,USD,112.91000000,112.99000000,110.83000000,111.65000000,7465693.00000000,213150000,1.00000000,1.07841968,0,111.65000000,120.40555727,-0.00419194,-0.00419194
XLC,2026-06-15,"STATE STREET COMMUNCTN SR SL",033692,01,81369Y852,17,USD,111.92000000,112.59000000,111.59000000,112.19000000,6585182.00000000,213250000,1.00000000,1.07841968,0,112.19000000,120.98790390,0.00483654,0.00483654
XLC,2026-06-16,"STATE STREET COMMUNCTN SR SL",033692,01,81369Y852,17,USD,112.24000000,112.59000000,111.41000000,112.32000000,7896366.00000000,214100000,1.00000000,1.07841968,0,112.32000000,121.12809846,0.00115875,0.00115875
XLC,2026-06-17,"STATE STREET COMMUNCTN SR SL",033692,01,81369Y852,17,USD,111.47900000,111.49000000,109.01500000,109.20000000,9639745.00000000,212950000,1.00000000,1.07841968,0,109.20000000,117.76342906,-0.02777778,-0.02777778
XLC,2026-06-18,"STATE STREET COMMUNCTN SR SL",033692,01,81369Y852,17,USD,109.86000000,110.37000000,108.51000000,109.45000000,11655590.00000000,211900000,1.00000000,1.07841968,0,109.45000000,118.03303398,0.00228938,0.00228938
XLC,2026-06-22,"STATE STREET COMMUNCTN SR SL",033692,01,81369Y852,17,USD,108.12500000,108.53500000,106.32000000,106.86000000,7379813.00000000,211100000,1.00000000,1.08128275,0,106.86000000,115.54587466,-0.02366377,-0.02107172
XLC,2026-06-23,"STATE STREET COMMUNCTN SR SL",033692,01,81369Y852,17,USD,106.52000000,107.64500000,106.39000000,107.27000000,7939334.00000000,210800000,1.00000000,1.08128275,0,107.27000000,115.98920059,0.00383680,0.00383680
XLC,2026-06-24,"STATE STREET COMMUNCTN SR SL",033692,01,81369Y852,17,USD,107.52500000,108.08500000,106.45000000,106.54000000,9074131.00000000,209050000,1.00000000,1.08128275,0,106.54000000,115.19986418,-0.00680526,-0.00680526
XLC,2026-06-25,"STATE STREET COMMUNCTN SR SL",033692,01,81369Y852,17,USD,105.68000000,106.63000000,105.03000000,105.58000000,5323042.00000000,205950000,1.00000000,1.08128275,0,105.58000000,114.16183274,-0.00901070,-0.00901070
XLC,2026-06-26,"STATE STREET COMMUNCTN SR SL",033692,01,81369Y852,17,USD,105.66000000,107.25000000,105.36000000,106.18000000,9340002.00000000,206400000,1.00000000,1.08128275,0,106.18000000,114.81060240,0.00568289,0.00568289
XLC,2026-06-29,"STATE STREET COMMUNCTN SR SL",033692,01,81369Y852,17,USD,108.30000000,108.51000000,107.67000000,107.88000000,6572206.00000000,208200000,1.00000000,1.08128275,0,107.88000000,116.64878307,0.01601055,0.01601055
XLC,2026-06-30,"STATE STREET COMMUNCTN SR SL",033692,01,81369Y852,17,USD,107.52500000,107.68000000,106.38000000,107.13000000,4760184.00000000,207650000,1.00000000,1.08128275,0,107.13000000,115.83782101,-0.00695217,-0.00695217
XLC,2026-07-01,"STATE STREET COMMUNCTN SR SL",033692,01,81369Y852,17,USD,109.03000000,110.84000000,108.63500000,109.74000000,14529400.00000000,212200000,1.00000000,1.08128275,0,109.74000000,118.65996898,0.02436292,0.02436292
XLC,2026-07-02,"STATE STREET COMMUNCTN SR SL",033692,01,81369Y852,17,USD,109.61000000,110.01000000,108.55000000,109.60000000,8388887.00000000,211400000,1.00000000,1.08128275,0,109.60000000,118.50858940,-0.00127574,-0.00127574
XLC,2026-07-06,"STATE STREET COMMUNCTN SR SL",033692,01,81369Y852,17,USD,110.07500000,110.37500000,108.98000000,110.21000000,8938834.00000000,210800000,1.00000000,1.08128275,0,110.21000000,119.16817188,0.00556569,0.00556569
XLC,2026-07-07,"STATE STREET COMMUNCTN SR SL",033692,01,81369Y852,17,USD,111.67000000,112.27000000,110.95000000,111.02000000,7880984.00000000,208800000,1.00000000,1.08128275,0,111.02000000,120.04401090,0.00734961,0.00734961
XLC,2026-07-08,"STATE STREET COMMUNCTN SR SL",033692,01,81369Y852,17,USD,110.92000000,110.98500000,109.28000000,109.46000000,5527886.00000000,209350000,1.00000000,1.08128275,0,109.46000000,118.35720981,-0.01405152,-0.01405152
XLC,2026-07-09,"STATE STREET COMMUNCTN SR SL",033692,01,81369Y852,17,USD,108.08000000,110.59500000,107.82000000,110.51000000,6442746.00000000,208850000,1.00000000,1.08128275,0,110.51000000,119.49255670,0.00959255,0.00959255
XLC,2026-07-10,"STATE STREET COMMUNCTN SR SL",033692,01,81369Y852,17,USD,111.72000000,112.16000000,111.02500000,111.64000000,6465519.00000000,206850000,1.00000000,1.08128275,0,111.64000000,120.71440621,0.01022532,0.01022532
XLC,2026-07-13,"STATE STREET COMMUNCTN SR SL",033692,01,81369Y852,17,USD,111.78000000,112.76000000,111.46500000,111.59000000,5851935.00000000,205250000,1.00000000,1.08128275,0,111.59000000,120.66034207,-0.00044787,-0.00044787
XLC,2026-07-14,"STATE STREET COMMUNCTN SR SL",033692,01,81369Y852,17,USD,110.83000000,111.83000000,110.83000000,111.45000000,5061465.00000000,206350000,1.00000000,1.08128275,0,111.45000000,120.50896249,-0.00125459,-0.00125459
XLC,2026-07-15,"STATE STREET COMMUNCTN SR SL",033692,01,81369Y852,17,USD,111.70000000,113.86000000,111.53000000,113.38000000,6245629.00000000,206100000,1.00000000,1.08128275,0,113.38000000,122.59583819,0.01731718,0.01731718
XLC,2026-07-16,"STATE STREET COMMUNCTN SR SL",033692,01,81369Y852,17,USD,113.60000000,114.03000000,112.27000000,112.65000000,5647774.00000000,206250000,1.00000000,1.08128275,0,112.65000000,121.80650179,-0.00643853,-0.00643853
XLC,2026-07-17,"STATE STREET COMMUNCTN SR SL",033692,01,81369Y852,17,USD,111.20000000,111.51000000,110.31000000,110.65000000,7677746.00000000,206550000,1.00000000,1.08128275,0,110.65000000,119.64393629,-0.01775411,-0.01775411
XLC,2026-07-20,"STATE STREET COMMUNCTN SR SL",033692,01,81369Y852,17,USD,110.81500000,111.66000000,110.51000000,110.80000000,4010061.00000000,206550000,1.00000000,1.08128275,0,110.80000000,119.80612870,0.00135563,0.00135563
XLC,2026-07-21,"STATE STREET COMMUNCTN SR SL",033692,01,81369Y852,17,USD,110.53000000,110.62000000,109.99000000,110.03000000,3939560.00000000,205350000,1.00000000,1.08128275,0,110.03000000,118.97354098,-0.00694946,-0.00694946
XLC,2026-07-22,"STATE STREET COMMUNCTN SR SL",033692,01,81369Y852,17,USD,110.91000000,111.10500000,109.16000000,109.20000000,3997767.00000000,204750000,1.00000000,1.08128275,0,109.20000000,118.07607630,-0.00754340,-0.00754340
XLC,2026-07-23,"STATE STREET COMMUNCTN SR SL",033692,01,81369Y852,17,USD,106.96000000,106.96000000,105.25500000,105.38000000,12517270.00000000,205700000,1.00000000,1.08128275,0,105.38000000,113.94557619,-0.03498168,-0.03498168
XLC,2026-07-24,"STATE STREET COMMUNCTN SR SL",033692,01,81369Y852,17,USD,105.29500000,106.95000000,105.29500000,106.30000000,6151889.00000000,203800000,1.00000000,1.08128275,0,106.30000000,114.94035632,0.00873031,0.00873031
XLC,2026-07-27,"STATE STREET COMMUNCTN SR SL",033692,01,81369Y852,17,USD,107.52000000,108.54000000,107.44000000,107.66000000,6668511.00000000,203750000,1.00000000,1.08128275,0,107.66000000,116.41090086,0.01279398,0.01279398
XLC,2026-07-28,"STATE STREET COMMUNCTN SR SL",033692,01,81369Y852,17,USD,108.33000000,110.03000000,108.33000000,109.67000000,5307157.00000000,203250000,1.00000000,1.08128275,0,109.67000000,118.58427919,0.01866989,0.01866989
XLC,2026-07-29,"STATE STREET COMMUNCTN SR SL",033692,01,81369Y852,17,USD,109.51000000,110.74000000,108.95000000,109.51000000,7119964.00000000,202150000,1.00000000,1.08128275,0,109.51000000,118.41127395,-0.00145892,-0.00145892
XLC,2026-07-30,"STATE STREET COMMUNCTN SR SL",033692,01,81369Y852,17,USD,106.47000000,106.65000000,105.49250000,106.58000000,10083250.00000000,201350000,1.00000000,1.08128275,0,106.58000000,115.24311549,-0.02675555,-0.02675555
XLC,2026-07-31,"STATE STREET COMMUNCTN SR SL",033692,01,81369Y852,17,USD,106.82500000,108.40500000,106.61000000,108.24000000,5024577.00000000,200750000,1.00000000,1.08128275,0,108.24000000,117.03804486,0.01557515,0.01557515
XLC,2026-08-03,"STATE STREET COMMUNCTN SR SL",033692,01,81369Y852,17,USD,109.83000000,112.01000000,109.79000000,111.34000000,7789728.00000000,203950000,1.00000000,1.08128275,0,111.34000000,120.39002138,0.02864006,0.02864006
XLC,2026-08-04,"STATE STREET COMMUNCTN SR SL",033692,01,81369Y852,17,USD,110.53500000,112.27500000,110.45000000,112.04000000,5460885.00000000,200950000,1.00000000,1.08128275,0,112.04000000,121.14691931,0.00628705,0.00628705
XLC,2026-08-05,"STATE STREET COMMUNCTN SR SL",033692,01,81369Y852,17,USD,112.89500000,112.95500000,109.94000000,110.87000000,5776980.00000000,202500000,1.00000000,1.08128275,0,110.87000000,119.88181849,-0.01044270,-0.01044270
XLC,2026-08-06,"STATE STREET COMMUNCTN SR SL",033692,01,81369Y852,17,USD,111.18000000,111.92000000,110.80000000,111.18000000,3904195.00000000,202450000,1.00000000,1.08128275,0,111.18000000,120.21701615,0.00279607,0.00279607
XLC,2026-08-07,"STATE STREET COMMUNCTN SR SL",033692,01,81369Y852,17,USD,110.27000000,111.68500000,110.27000000,111.25000000,3166172.00000000,203000000,1.00000000,1.08128275,0,111.25000000,120.29270594,0.00062961,0.00062961
XLC,2026-08-10,"STATE STREET COMMUNCTN SR SL",033692,01,81369Y852,17,USD,111.24000000,111.83000000,110.70000000,111.83000000,4257033.00000000,203000000,1.00000000,1.08128275,0,111.83000000,120.91984993,0.00521348,0.00521348
XLC,2026-08-11,"STATE STREET COMMUNCTN SR SL",033692,01,81369Y852,17,USD,111.56000000,112.27500000,111.11000000,111.27000000,3383252.00000000,202250000,1.00000000,1.08128275,0,111.27000000,120.31433159,-0.00500760,-0.00500760
XLC,2026-08-12,"STATE STREET COMMUNCTN SR SL",033692,01,81369Y852,17,USD,111.31000000,111.42490000,109.89500000,110.27000000,5534150.00000000,202450000,1.00000000,1.08128275,0,110.27000000,119.23304884,-0.00898715,-0.00898715
XLC,2026-08-13,"STATE STREET COMMUNCTN SR SL",033692,01,81369Y852,17,USD,110.86000000,112.60500000,110.82500000,112.55000000,5538622.00000000,202000000,1.00000000,1.08128275,0,112.55000000,121.69837351,0.02067652,0.02067652
XLC,2026-08-14,"STATE STREET COMMUNCTN SR SL",033692,01,81369Y852,17,USD,112.76000000,113.50000000,112.64500000,112.95000000,2982827.00000000,201750000,1.00000000,1.08128275,0,112.95000000,122.13088661,0.00355398,0.00355398
XLC,2026-08-17,"STATE STREET COMMUNCTN SR SL",033692,01,81369Y852,17,USD,112.50500000,112.57000000,110.66000000,110.82000000,3689974.00000000,202800000,1.00000000,1.08128275,0,110.82000000,119.82775435,-0.01885790,-0.01885790
XLC,2026-08-18,"STATE STREET COMMUNCTN SR SL",033692,01,81369Y852,17,USD,110.86000000,111.45500000,110.44000000,110.48000000,3985161.00000000,203150000,1.00000000,1.08128275,0,110.48000000,119.46011822,-0.00306804,-0.00306804
XLC,2026-08-19,"STATE STREET COMMUNCTN SR SL",033692,01,81369Y852,17,USD,110.43000000,112.16000000,110.25000000,111.32000000,3385749.00000000,202050000,1.00000000,1.08128275,0,111.32000000,120.36839573,0.00760319,0.00760319
XLC,2026-08-20,"STATE STREET COMMUNCTN SR SL",033692,01,81369Y852,17,USD,111.19000000,111.53500000,110.31000000,110.68000000,3598808.00000000,201550000,1.00000000,1.08128275,0,110.68000000,119.67637477,-0.00574919,-0.00574919
XLC,2026-08-21,"STATE STREET COMMUNCTN SR SL",033692,01,81369Y852,17,USD,111.02000000,112.02000000,110.77000000,111.40000000,5055227.00000000,201100000,1.00000000,1.08128275,0,111.40000000,120.45489835,0.00650524,0.00650524
XLC,2026-08-24,"STATE STREET COMMUNCTN SR SL",033692,01,81369Y852,17,USD,111.46000000,112.81000000,111.40000000,112.32000000,4133479.00000000,200650000,1.00000000,1.08128275,0,112.32000000,121.44967848,0.00825853,0.00825853
XLC,2026-08-25,"STATE STREET COMMUNCTN SR SL",033692,01,81369Y852,17,USD,112.41000000,113.27500000,112.29500000,113.18000000,2701505.00000000,200500000,1.00000000,1.08128275,0,113.18000000,122.37958165,0.00765670,0.00765670
XLC,2026-08-26,"STATE STREET COMMUNCTN SR SL",033692,01,81369Y852,17,USD,113.83000000,114.00000000,112.46500000,112.61000000,3679719.00000000,200200000,1.00000000,1.08128275,0,112.61000000,121.76325048,-0.00503623,-0.00503623
XLC,2026-08-27,"STATE STREET COMMUNCTN SR SL",033692,01,81369Y852,17,USD,112.03000000,112.37000000,111.37000000,111.41000000,4425637.00000000,200200000,1.00000000,1.08128275,0,111.41000000,120.46571118,-0.01065625,-0.01065625
XLC,2026-08-28,"STATE STREET COMMUNCTN SR SL",033692,01,81369Y852,17,USD,111.87000000,113.53000000,111.83000000,112.99000000,3743447.00000000,200200000,1.00000000,1.08128275,0,112.99000000,122.17413792,0.01418185,0.01418185
XLC,2026-08-31,"STATE STREET COMMUNCTN SR SL",033692,01,81369Y852,17,USD,112.48000000,112.59000000,111.25000000,111.46000000,3317159.00000000,200800000,1.00000000,1.08128275,0,111.46000000,120.51977531,-0.01354102,-0.01354102
XLC,2026-09-01,"STATE STREET COMMUNCTN SR SL",033692,01,81369Y852,17,USD,110.56000000,111.63000000,110.31000000,110.88000000,5151995.00000000,201200000,1.00000000,1.08128275,0,110.88000000,119.89263132,-0.00520366,-0.00520366
XLC,2026-09-02,"STATE STREET COMMUNCTN SR SL",033692,01,81369Y852,17,USD,110.93000000,113.06000000,110.90500000,112.42000000,5123055.00000000,201600000,1.00000000,1.08128275,0,112.42000000,121.55780676,0.01388889,0.01388889
XLC,2026-09-03,"STATE STREET COMMUNCTN SR SL",033692,01,81369Y852,17,USD,113.41500000,114.29000000,112.84000000,113.38000000,3366972.00000000,201700000,1.00000000,1.08128275,0,113.38000000,122.59583819,0.00853941,0.00853941
XLC,2026-09-04,"STATE STREET COMMUNCTN SR SL",033692,01,81369Y852,17,USD,113.12500000,113.29000000,111.87500000,112.03000000,2689574.00000000,202250000,1.00000000,1.08128275,0,112.03000000,121.13610648,-0.01190686,-0.01190686
XLC,2026-09-08,"STATE STREET COMMUNCTN SR SL",033692,01,81369Y852,17,USD,111.59000000,111.80500000,110.96500000,111.52000000,5657900.00000000,202200000,1.00000000,1.08128275,0,111.52000000,120.58465228,-0.00455235,-0.00455235
XLC,2026-09-09,"STATE STREET COMMUNCTN SR SL",033692,01,81369Y852,17,USD,111.92000000,111.93000000,110.53000000,110.83000000,4811542.00000000,202800000,1.00000000,1.08128275,0,110.83000000,119.83856718,-0.00618723,-0.00618723
XLC,2026-09-10,"STATE STREET COMMUNCTN SR SL",033692,01,81369Y852,17,USD,110.62000000,111.89500000,110.37000000,111.50000000,4965545.00000000,202600000,1.00000000,1.08128275,0,111.50000000,120.56302662,0.00604529,0.00604529
XLC,2026-09-11,"STATE STREET COMMUNCTN SR SL",033692,01,81369Y852,17,USD,112.34000000,113.04000000,112.31000000,112.60000000,3979762.00000000,201000000,1.00000000,1.08128275,0,112.60000000,121.75243765,0.00986547,0.00986547
XLC,2026-09-14,"STATE STREET COMMUNCTN SR SL",033692,01,81369Y852,17,USD,113.63000000,115.26000000,113.58000000,115.07000000,4343135.00000000,201700000,1.00000000,1.08128275,0,115.07000000,124.42320604,0.02193606,0.02193606
XLC,2026-09-15,"STATE STREET COMMUNCTN SR SL",033692,01,81369Y852,17,USD,114.25000000,114.66000000,113.82000000,114.03000000,5524768.00000000,200900000,1.00000000,1.08128275,0,114.03000000,123.29867198,-0.00903798,-0.00903798
XLC,2026-09-16,"STATE STREET COMMUNCTN SR SL",033692,01,81369Y852,17,USD,114.22000000,114.51500000,112.49000000,113.00000000,4395897.00000000,200550000,1.00000000,1.08128275,0,113.00000000,122.18495075,-0.00903271,-0.00903271
XLC,2026-09-17,"STATE STREET COMMUNCTN SR SL",033692,01,81369Y852,17,USD,113.81000000,113.97500000,112.20500000,112.35000000,4251173.00000000,201150000,1.00000000,1.08128275,0,112.35000000,121.48211696,-0.00575221,-0.00575221
XLC,2026-09-18,"STATE STREET COMMUNCTN SR SL",033692,01,81369Y852,17,USD,112.37000000,112.40000000,110.73500000,110.81000000,7159109.00000000,202200000,1.00000000,1.08128275,0,110.81000000,119.81694153,-0.01370717,-0.01370717
SPY,2026-03-20,"STATE STREE SPDR S&P 500 ETF",108132,01,78462F103,17,USD,656.51000000,656.69000000,644.72000000,648.57000000,161933400.00000000,989782000,1.00000000,1.81990995,0,648.57000000,1180.33899627,,
SPY,2026-03-23,"STATE STREE SPDR S&P 500 ETF",108132,01,78462F103,17,USD,658.07000000,662.61500000,653.94000000,655.38000000,134393600.00000000,989882000,1.00000000,1.81990995,0,655.38000000,1192.73258303,0.01050002,0.01050002
SPY,2026-03-24,"STATE STREE SPDR S&P 500 ETF",108132,01,78462F103,17,USD,651.32000000,657.03000000,649.88000000,653.18000000,95832240.00000000,1016882000,1.00000000,1.81990995,0,653.18000000,1188.72878114,-0.00335683,-0.00335683
SPY,2026-03-25,"STATE STREE SPDR S&P 500 ETF",108132,01,78462F103,17,USD,658.67000000,660.89000000,654.24000000,656.82000000,90361810.00000000,1005432000,1.00000000,1.81990995,0,656.82000000,1195.35325336,0.00557274,0.00557274
SPY,2026-03-26,"STATE STREE SPDR S&P 500 ETF",108132,01,78462F103,17,USD,652.06000000,654.85000000,644.82000000,645.09000000,96118410.00000000,1005432000,1.00000000,1.81990995,0,645.09000000,1174.00570965,-0.01785877,-0.01785877
SPY,2026-03-27,"STATE STREE SPDR S&P 500 ETF",108132,01,78462F103,17,USD,642.50000000,642.66000000,633.10500000,634.09000000,102592900.00000000,1001132000,1.00000000,1.81990995,0,634.09000000,1153.98670020,-0.01705188,-0.01705188
SPY,2026-03-30,"STATE STREE SPDR S&P 500 ETF",108132,01,78462F103,17,USD,640.11000000,640.37000000,629.28000000,631.97000000,98999230.00000000,999582000,1.00000000,1.81990995,0,631.97000000,1150.12849110,-0.00334337,-0.00334337
SPY,2026-03-31,"STATE STREE SPDR S&P 500 ETF",108132,01,78462F103,17,USD,638.94000000,651.54000000,637.98000000,650.34000000,151516600.00000000,1001832000,1.00000000,1.81990995,0,650.34000000,1183.56023688,0.02906784,0.02906784
SPY,2026-04-01,"STATE STREE SPDR S&P 500 ETF",108132,01,78462F103,17,USD,653.90000000,658.52000000,653.00000000,655.24000000,97584230.00000000,997132000,1.00000000,1.81990995,0,655.24000000,1192.47779564,0.00753452,0.00753452
SPY,2026-04-02,"STATE STREE SPDR S&P 500 ETF",108132,01,78462F103,17,USD,646.42000000,658.20000000,645.11000000,655.83000000,68224180.00000000,996032000,1.00000000,1.81990995,0,655.83000000,1193.55154251,0.00090043,0.00090043
SPY,2026-04-06,"STATE STREE SPDR S&P 500 ETF",108132,01,78462F103,17,USD,655.86000000,659.72000000,655.52000000,658.93000000,38940170.00000000,994482000,1.00000000,1.81990995,0,658.93000000,1199.19326335,0.00472683,0.00472683
SPY,2026-04-07,"STATE STREE SPDR S&P 500 ETF",108132,01,78462F103,17,USD,656.65000000,659.61000000,651.06000000,659.22000000,64186180.00000000,1000332000,1.00000000,1.81990995,0,659.22000000,1199.72103724,0.00044011,0.00044011
SPY,2026-04-08,"STATE STREE SPDR S&P 500 ETF",108132,01,78462F103,17,USD,676.39000000,677.08000000,671.46000000,676.01000000,93151080.00000000,1003632000,1.00000000,1.81990995,0,676.01000000,1230.27732530,0.02546949,0.02546949
SPY,2026-04-09,"STATE STREE SPDR S&P 500 ETF",108132,01,78462F103,17,USD,674.84000000,681.16000000,673.77000000,679.91000000,56874280.00000000,1014332000,1.00000000,1.81990995,0,679.91000000,1237.37497410,0.00576915,0.00576915
SPY,2026-04-10,"STATE STREE SPDR S&P 500 ETF",108132,01,78462F103,17,USD,681.32000000,682.03000000,678.45000000,679.46000000,41848300.00000000,1014532000,1.00000000,1.81990995,0,679.46000000,1236.55601463,-0.00066185,-0.00066185
SPY,2026-04-13,"STATE STREE SPDR S&P 500 ETF",108132,01,78462F103,17,USD,677.41000000,686.30000000,676.58000000,686.10000000,53963770.00000000,1013982000,1.00000000,1.81990995,0,686.10000000,1248.64021669,0.00977247,0.00977247
SPY,2026-04-14,"STATE STREE SPDR S&P 500 ETF",108132,01,78462F103,17,USD,687.69000000,694.58000000,687.66000000,694.46000000,63219720.00000000,1011582000,1.00000000,1.81990995,0,694.46000000,1263.85466388,0.01218481,0.01218481
SPY,2026-04-15,"STATE STREE SPDR S&P 500 ETF",108132,01,78462F103,17,USD,695.26000000,700.28000000,694.20000000,699.94000000,58065390.00000000,1012532000,1.00000000,1.81990995,0,699.94000000,1273.82777040,0.00789102,0.00789102
SPY,2026-04-16,"STATE STREE SPDR S&P 500 ETF",108132,01,78462F103,17,USD,701.06000000,702.78000000,698.53000000,701.66000000,49838840.00000000,1014332000,1.00000000,1.81990995,0,701.66000000,1276.95801552,0.00245735,0.00245735
SPY,2026-04-17,"STATE STREE SPDR S&P 500 ETF",108132,01,78462F103,17,USD,706.14000000,712.39000000,705.76000000,710.14000000,70441540.00000000,1014332000,1.00000000,1.81990995,0,710.14000000,1292.39085189,0.01208563,0.01208563
SPY,2026-04-20,"STATE STREE SPDR S&P 500 ETF",108132,01,78462F103,17,USD,708.78000000,709.91000000,706.14000000,708.72000000,43546812.00000000,1014332000,1.00000000,1.81990995,0,708.72000000,1289.80657976,-0.00199961,-0.00199961
SPY,2026-04-21,"STATE STREE SPDR S&P 500 ETF",108132,01,78462F103,17,USD,710.28000000,711.27500000,702.64000000,704.08000000,58512970.00000000,1018932000,1.00000000,1.81990995,0,704.08000000,1281.36219760,-0.00654701,-0.00654701
SPY,2026-04-22,"STATE STREE SPDR S&P 500 ETF",108132,01,78462F103,17,USD,709.15000000,711.45000000,708.22000000,711.21000000,42386390.00000000,1025282000,1.00000000,1.81990995,0,711.21000000,1294.33815554,0.01012669,0.01012669
SPY,2026-04-23,"STATE STREE SPDR S&P 500 ETF",108132,01,78462F103,17,USD,709.50000000,712.35980000,702.28030000,708.45000000,55902920.00000000,1021182000,1.00000000,1.81990995,0,708.45000000,1289.31520408,-0.00388071,-0.00388071
SPY,2026-04-24,"STATE STREE SPDR S&P 500 ETF",108132,01,78462F103,17,USD,710.75000000,714.47000000,709.01000000,713.94000000,45077990.00000000,1021132000,1.00000000,1.81990995,0,713.94000000,1299.30650970,0.00774931,0.00774931
SPY,2026-04-27,"STATE STREE SPDR S&P 500 ETF",108132,01,78462F103,17,USD,713.17000000,715.63000000,712.29500000,715.17000000,32962250.00000000,1021132000,1.00000000,1.81990995,0,715.17000000,1301.54499894,0.00172283,0.00172283
SPY,2026-04-28,"STATE STREE SPDR S&P 500 ETF",108132,01,78462F103,17,USD,711.81500000,712.88000000,709.25000000,711.69000000,43016680.00000000,1015782000,1.00000000,1.81990995,0,711.69000000,1295.21171232,-0.00486598,-0.00486598
SPY,2026-04-29,"STATE STREE SPDR S&P 500 ETF",108132,01,78462F103,17,USD,711.00000000,712.20000000,708.37000000,711.58000000,40640240.00000000,1017932000,1.00000000,1.81990995,0,711.58000000,1295.01152222,-0.00015456,-0.00015456
SPY,2026-04-30,"STATE STREE SPDR S&P 500 ETF",108132,01,78462F103,17,USD,714.63000000,719.79000000,710.44500000,718.66000000,66625380.00000000,1024082000,1.00000000,1.81990995,0,718.66000000,1307.89648467,0.00994969,0.00994969
SPY,2026-05-01,"STATE STREE SPDR S&P 500 ETF",108132,01,78462F103,17,USD,721.25000000,724.87000000,720.47000000,720.65000000,42667070.00000000,1022982000,1.00000000,1.81990995,0,720.65000000,1311.51810547,0.00276904,0.00276904
SPY,2026-05-04,"STATE STREE SPDR S&P 500 ETF",108132,01,78462F103,17,USD,720.07000000,722.12000000,714.99000000,718.01000000,51835310.00000000,1028082000,1.00000000,1.81990995,0,718.01000000,1306.71354320,-0.00366336,-0.00366336
SPY,2026-05-05,"STATE STREE SPDR S&P 500 ETF",108132,01,78462F103,17,USD,721.77000000,725.04000000,721.48980000,723.77000000,36581250.00000000,1028082000,1.00000000,1.81990995,0,723.77000000,1317.19622451,0.00802217,0.00802217
SPY,2026-05-06,"STATE STREE SPDR S&P 500 ETF",108132,01,78462F103,17,USD,728.16000000,734.59000000,727.82000000,733.83000000,53094490.00000000,1026932000,1.00000000,1.81990995,0,733.83000000,1335.50451861,0.01389944,0.01389944
SPY,2026-05-07,"STATE STREE SPDR S&P 500 ETF",108132,01,78462F103,17,USD,735.05000000,736.13000000,729.75000000,731.58000000,50947530.00000000,1026932000,1.00000000,1.81990995,0,731.58000000,1331.40972122,-0.00306611,-0.00306611
SPY,2026-05-08,"STATE STREE SPDR S&P 500 ETF",108132,01,78462F103,17,USD,734.93000000,738.08000000,734.57000000,737.62000000,47113000.00000000,1027532000,1.00000000,1.81990995,0,737.62000000,1342.40197732,0.00825610,0.00825610
SPY,2026-05-11,"STATE STREE SPDR S&P 500 ETF",108132,01,78462F103,17,USD,736.45000000,740.79000000,736.45000000,739.30000000,43867240.00000000,1034232000,1.00000000,1.81990995,0,739.30000000,1345.45942603,0.00227760,0.00227760
SPY,2026-05-12,"STATE STREE SPDR S&P 500 ETF",108132,01,78462F103,17,USD,736.89000000,738.84000000,731.83000000,738.18000000,53954600.00000000,1037732000,1.00000000,1.81990995,0,738.18000000,1343.42112689,-0.00151495,-0.00151495
SPY,2026-05-13,"STATE STREE SPDR S&P 500 ETF",108132,01,78462F103,17,USD,738.47000000,743.91000000,735.47000000,742.31000000,44086970.00000000,1040432000,1.00000000,1.81990995,0,742.31000000,1350.93735498,0.00559484,0.00559484
SPY,2026-05-14,"STATE STREE SPDR S&P 500 ETF",108132,01,78462F103,17,USD,743.65000000,749.53000000,743.56000000,748.17000000,44977770.00000000,1035232000,1.00000000,1.81990995,0,748.17000000,1361.60202729,0.00789428,0.00789428
SPY,2026-05-15,"STATE STREE SPDR S&P 500 ETF",108132,01,78462F103,17,USD,741.79000000,743.46000000,737.96000000,739.17000000,60169730.00000000,1038032000,1.00000000,1.81990995,0,739.17000000,1345.22283774,-0.01202935,-0.01202935
SPY,2026-05-18,"STATE STREE SPDR S&P 500 ETF",108132,01,78462F103,17,USD,739.83000000,741.41500000,733.39000000,738.65000000,47628820.00000000,1031282000,1.00000000,1.81990995,0,738.65000000,1344.27648457,-0.00070349,-0.00070349
SPY,2026-05-19,"STATE STREE SPDR S&P 500 ETF",108132,01,78462F103,17,USD,734.78000000,737.65000000,731.53000000,733.73000000,53927170.00000000,1038832000,1.00000000,1.81990995,0,733.73000000,1335.32252761,-0.00666080,-0.00666080
SPY,2026-05-20,"STATE STREE SPDR S&P 500 ETF",108132,01,78462F103,17,USD,735.71000000,741.87000000,733.89000000,741.25000000,45326610.00000000,1030632000,1.00000000,1.81990995,0,741.25000000,1349.00825044,0.01024900,0.01024900
SPY,2026-05-21,"STATE STREE SPDR S&P 500 ETF",108132,01,78462F103,17,USD,738.64000000,744.87000000,737.03000000,742.72000000,43208430.00000000,1033632000,1.00000000,1.81990995,0,742.72000000,1351.68351806,0.00198314,0.00198314
SPY,2026-05-22,"STATE STREE SPDR S&P 500 ETF",108132,01,78462F103,17,USD,746.24000000,748.94000000,744.48000000,745.64000000,41637870.00000000,1030982000,1.00000000,1.81990995,0,745.64000000,1356.99765512,0.00393150,0.00393150
SPY,2026-05-26,"STATE STREE SPDR S&P 500 ETF",108132,01,78462F103,17,USD,750.01000000,752.13000000,748.37000000,750.59000000,40893010.00000000,1031882000,1.00000000,1.81990995,0,750.59000000,1366.00620937,0.00663859,0.00663859
SPY,2026-05-27,"STATE STREE SPDR S&P 500 ETF",108132,01,78462F103,17,USD,750.88000000,751.38000000,748.22000000,750.46000000,41505880.00000000,1033282000,1.00000000,1.81990995,0,750.46000000,1365.76962108,-0.00017320,-0.00017320
SPY,2026-05-28,"STATE STREE SPDR S&P 500 ETF",108132,01,78462F103,17,USD,750.25000000,755.15000000,749.23000000,754.60000000,41395080.00000000,1034982000,1.00000000,1.81990995,0,754.60000000,1373.30404827,0.00551662,0.00551662
SPY,2026-05-29,"STATE STREE SPDR S&P 500 ETF",108132,01,78462F103,17,USD,755.90000000,758.08000000,754.69000000,756.48000000,54608730.00000000,1036382000,1.00000000,1.81990995,0,756.48000000,1376.72547898,0.00249139,0.00249139
SPY,2026-06-01,"STATE STREE SPDR S&P 500 ETF",108132,01,78462F103,17,USD,755.36000000,760.28000000,754.69000000,758.54000000,43464250.00000000,1037482000,1.00000000,1.81990995,0,758.54000000,1380.47449347,0.00272314,0.00272314
SPY,2026-06-02,"STATE STREE SPDR S&P 500 ETF",108132,01,78462F103,17,USD,757.03000000,760.40000000,756.75000000,759.57000000,31379260.00000000,1037482000,1.00000000,1.81990995,0,759.57000000,1382.34900072,0.00135787,0.00135787
SPY,2026-06-03,"STATE STREE SPDR S&P 500 ETF",108132,01,78462F103,17,USD,758.15000000,758.80000000,753.57000000,754.24000000,51038870.00000000,1037032000,1.00000000,1.81990995,0,754.24000000,1372.64888069,-0.00701713,-0.00701713
SPY,2026-06-04,"STATE STREE SPDR S&P 500 ETF",108132,01,78462F103,17,USD,752.10000000,758.31000000,751.47000000,757.09000000,49792560.00000000,1043532000,1.00000000,1.81990995,0,757.09000000,1377.83562405,0.00377864,0.00377864
SPY,2026-06-05,"STATE STREE SPDR S&P 500 ETF",108132,01,78462F103,17,USD,752.31000000,752.82000000,735.52500000,737.55000000,92008040.00000000,1043432000,1.00000000,1.81990995,0,737.55000000,1342.27458362,-0.02580935,-0.02580935
SPY,2026-06-08,"STATE STREE SPDR S&P 500 ETF",108132,01,78462F103,17,USD,743.36000000,745.34000000,738.19000000,739.22000000,49134330.00000000,1054332000,1.00000000,1.81990995,0,739.22000000,1345.31383324,0.00226425,0.00226425
SPY,2026-06-09,"STATE STREE SPDR S&P 500 ETF",108132,01,78462F103,17,USD,743.63000000,746.90000000,722.59000000,737.05000000,87296310.00000000,1047982000,1.00000000,1.81990995,0,737.05000000,1341.36462865,-0.00293553,-0.00293553
SPY,2026-06-10,"STATE STREE SPDR S&P 500 ETF",108132,01,78462F103,17,USD,733.39000000,738.38000000,725.33000000,725.43000000,59530890.00000000,1053582000,1.00000000,1.81990995,0,725.43000000,1320.21727503,-0.01576555,-0.01576555
SPY,2026-06-11,"STATE STREE SPDR S&P 500 ETF",108132,01,78462F103,17,USD,728.76000000,740.00000000,724.40500000,737.76000000,86047900.00000000,1055782000,1.00000000,1.81990995,0,737.76000000,1342.65676471,0.01699682,0.01699682
SPY,2026-06-12,"STATE STREE SPDR S&P 500 ETF",108132,01,78462F103,17,USD,740.71000000,744.44000000,735.03000000,741.75000000,56916740.00000000,1055482000,1.00000000,1.81990995,0,741.75000000,1349.91820541,0.00540826,0.00540826
SPY,2026-06-15,"STATE STREE SPDR S&P 500 ETF",108132,01,78462F103,17,USD,751.85000000,756.68000000,751.76000000,754.83000000,59746720.00000000,1053482000,1.00000000,1.81990995,0,754.83000000,1373.72262756,0.01763397,0.01763397
SPY,2026-06-16,"STATE STREE SPDR S&P 500 ETF",108132,01,78462F103,17,USD,754.55000000,755.44000000,749.88000000,750.33000000,66949200.00000000,1049382000,1.00000000,1.81990995,0,750.33000000,1365.53303278,-0.00596161,-0.00596161
SPY,2026-06-17,"STATE STREE SPDR S&P 500 ETF",108132,01,78462F103,17,USD,751.29000000,752.15000000,739.22000000,740.96000000,85533220.00000000,1032782000,1.00000000,1.81990995,0,740.96000000,1348.48047655,-0.01248784,-0.01248784
SPY,2026-06-18,"STATE STREE SPDR S&P 500 ETF",108132,01,78462F103,17,USD,747.76000000,748.23000000,743.86000000,746.74000000,80570820.00000000,1015782000,1.00000000,1.82454905,0,746.74000000,1362.46375760,0.00780069,0.01036966
SPY,2026-06-22,"STATE STREE SPDR S&P 500 ETF",108132,01,78462F103,17,USD,747.70000000,750.18000000,743.13000000,744.39000000,46045370.00000000,1039232000,1.00000000,1.82454905,0,744.39000000,1358.17606733,-0.00314701,-0.00314701
SPY,2026-06-23,"STATE STREE SPDR S&P 500 ETF",108132,01,78462F103,17,USD,733.81000000,739.63000000,732.30000000,733.58000000,66387830.00000000,1048182000,1.00000000,1.82454905,0,733.58000000,1338.45269210,-0.01452196,-0.01452196
SPY,2026-06-24,"STATE STREE SPDR S&P 500 ETF",108132,01,78462F103,17,USD,735.17000000,739.94500000,730.84000000,733.24000000,56595860.00000000,1052382000,1.00000000,1.82454905,0,733.24000000,1337.83234542,-0.00046348,-0.00046348
SPY,2026-06-25,"STATE STREE SPDR S&P 500 ETF",108132,01,78462F103,17,USD,738.91000000,739.37000000,729.60000000,734.30000000,53689480.00000000,1053432000,1.00000000,1.82454905,0,734.30000000,1339.76636741,0.00144564,0.00144564
SPY,2026-06-26,"STATE STREE SPDR S&P 500 ETF",108132,01,78462F103,17,USD,728.94500000,736.53000000,716.58000000,728.99000000,70486490.00000000,1059032000,1.00000000,1.82454905,0,728.99000000,1330.07801196,-0.00723138,-0.00723138
SPY,2026-06-29,"STATE STREE SPDR S&P 500 ETF",108132,01,78462F103,17,USD,736.52500000,741.56000000,732.09000000,741.00000000,57222910.00000000,1056332000,1.00000000,1.82454905,0,741.00000000,1351.99084605,0.01647485,0.01647485
SPY,2026-06-30,"STATE STREE SPDR S&P 500 ETF",108132,01,78462F103,17,USD,741.29000000,748.02000000,740.89000000,746.77000000,54728690.00000000,1045582000,1.00000000,1.82454905,0,746.77000000,1362.51849407,0.00778677,0.00778677
SPY,2026-07-01,"STATE STREE SPDR S&P 500 ETF",108132,01,78462F103,17,USD,745.00000000,749.43500000,742.37500000,745.76000000,46161370.00000000,1042732000,1.00000000,1.82454905,0,745.76000000,1360.67569953,-0.00135249,-0.00135249
SPY,2026-07-02,"STATE STREE SPDR S&P 500 ETF",108132,01,78462F103,17,USD,747.40000000,751.31000000,740.03000000,744.78000000,56656540.00000000,1049032000,1.00000000,1.82454905,0,744.78000000,1358.88764146,-0.00131410,-0.00131410
SPY,2026-07-06,"STATE STREE SPDR S&P 500 ETF",108132,01,78462F103,17,USD,748.74000000,752.41000000,747.41000000,751.28000000,50421610.00000000,1044532000,1.00000000,1.82454905,0,751.28000000,1370.74721028,0.00872741,0.00872741
SPY,2026-07-07,"STATE STREE SPDR S&P 500 ETF",108132,01,78462F103,17,USD,750.22000000,750.96000000,745.21000000,747.71000000,42823870.00000000,1043282000,1.00000000,1.82454905,0,747.71000000,1364.23357018,-0.00475189,-0.00475189
SPY,2026-07-08,"STATE STREE SPDR S&P 500 ETF",108132,01,78462F103,17,USD,743.16000000,746.15000000,739.51000000,745.40000000,42938790.00000000,1045182000,1.00000000,1.82454905,0,745.40000000,1360.01886187,-0.00308943,-0.00308943
SPY,2026-07-09,"STATE STREE SPDR S&P 500 ETF",108132,01,78462F103,17,USD,747.35000000,751.97000000,745.59000000,751.71000000,40772410.00000000,1041932000,1.00000000,1.82454905,0,751.71000000,1371.53176638,0.00846525,0.00846525
SPY,2026-07-10,"STATE STREE SPDR S&P 500 ETF",108132,01,78462F103,17,USD,752.05000000,755.42000000,748.10000000,754.95000000,41577170.00000000,1045432000,1.00000000,1.82454905,0,754.95000000,1377.44330530,0.00431017,0.00431017
SPY,2026-07-13,"STATE STREE SPDR S&P 500 ETF",108132,01,78462F103,17,USD,752.47000000,753.91050000,748.00000000,749.17000000,43778520.00000000,1038282000,1.00000000,1.82454905,0,749.17000000,1366.89741179,-0.00765614,-0.00765614
SPY,2026-07-14,"STATE STREE SPDR S&P 500 ETF",108132,01,78462F103,17,USD,750.91000000,753.34000000,748.66000000,751.83000000,35043620.00000000,1050182000,1.00000000,1.82454905,0,751.83000000,1371.75071226,0.00355060,0.00355060
SPY,2026-07-15,"STATE STREE SPDR S&P 500 ETF",108132,01,78462F103,17,USD,754.24000000,755.58000000,750.20000000,754.81000000,43756930.00000000,1048732000,1.00000000,1.82454905,0,754.81000000,1377.18786843,0.00396366,0.00396366
SPY,2026-07-16,"STATE STREE SPDR S&P 500 ETF",108132,01,78462F103,17,USD,752.76000000,754.57000000,747.88000000,750.72000000,46252800.00000000,1052332000,1.00000000,1.82454905,0,750.72000000,1369.72546282,-0.00541858,-0.00541858
SPY,2026-07-17,"STATE STREE SPDR S&P 500 ETF",108132,01,78462F103,17,USD,742.08000000,747.29000000,740.80000000,743.29000000,62452320.00000000,1055582000,1.00000000,1.82454905,0,743.29000000,1356.16906337,-0.00989717,-0.00989717
SPY,2026-07-20,"STATE STREE SPDR S&P 500 ETF",108132,01,78462F103,17,USD,747.06000000,748.73000000,741.51030000,742.09000000,50306460.00000000,1055932000,1.00000000,1.82454905,0,742.09000000,1353.97960451,-0.00161444,-0.00161444
SPY,2026-07-21,"STATE STREE SPDR S&P 500 ETF",108132,01,78462F103,17,USD,746.29000000,749.04000000,744.18000000,748.28000000,34209590.00000000,1058032000,1.00000000,1.82454905,0,748.28000000,1365.27356313,0.00834131,0.00834131
SPY,2026-07-22,"STATE STREE SPDR S&P 500 ETF",108132,01,78462F103,17,USD,746.62000000,750.02000000,746.37000000,747.41000000,32543230.00000000,1053882000,1.00000000,1.82454905,0,747.41000000,1363.68620546,-0.00116267,-0.00116267
SPY,2026-07-23,"STATE STREE SPDR S&P 500 ETF",108132,01,78462F103,17,USD,739.37000000,742.56000000,735.21000000,738.18000000,55258470.00000000,1057332000,1.00000000,1.82454905,0,738.18000000,1346.84561773,-0.01234931,-0.01234931
SPY,2026-07-24,"STATE STREE SPDR S&P 500 ETF",108132,01,78462F103,17,USD,738.51000000,743.72000000,737.29000000,738.93000000,44698860.00000000,1060332000,1.00000000,1.82454905,0,738.93000000,1348.21402952,0.00101601,0.00101601
SPY,2026-07-27,"STATE STREE SPDR S&P 500 ETF",108132,01,78462F103,17,USD,744.91000000,745.53000000,735.87000000,739.09000000,41333450.00000000,1062582000,1.00000000,1.82454905,0,739.09000000,1348.50595736,0.00021653,0.00021653
SPY,2026-07-28,"STATE STREE SPDR S&P 500 ETF",108132,01,78462F103,17,USD,739.19000000,742.79010000,735.98000000,740.86000000,46829250.00000000,1065632000,1.00000000,1.82454905,0,740.86000000,1351.73540918,0.00239484,0.00239484
SPY,2026-07-29,"STATE STREE SPDR S&P 500 ETF",108132,01,78462F103,17,USD,739.97000000,742.68000000,729.10000000,729.46000000,70231280.00000000,1065932000,1.00000000,1.82454905,0,729.46000000,1330.93555001,-0.01538752,-0.01538752
SPY,2026-07-30,"STATE STREE SPDR S&P 500 ETF",108132,01,78462F103,17,USD,736.05000000,742.45000000,734.59000000,741.69000000,66527390.00000000,1064332000,1.00000000,1.82454905,0,741.69000000,1353.24978489,0.01676583,0.01676583
SPY,2026-07-31,"STATE STREE SPDR S&P 500 ETF",108132,01,78462F103,17,USD,744.68000000,748.89500000,737.68000000,747.03000000,62186900.00000000,1065232000,1.00000000,1.82454905,0,747.03000000,1362.99287682,0.00719977,0.00719977
SPY,2026-08-03,"STATE STREE SPDR S&P 500 ETF",108132,01,78462F103,17,USD,749.44000000,758.58000000,748.80000000,757.67000000,59801580.00000000,1060932000,1.00000000,1.82454905,0,757.67000000,1382.40607871,0.01424307,0.01424307
SPY,2026-08-04,"STATE STREE SPDR S&P 500 ETF",108132,01,78462F103,17,USD,760.63000000,773.41000000,760.52000000,771.33000000,68975350.00000000,1052932000,1.00000000,1.82454905,0,771.33000000,1407.32941874,0.01802896,0.01802896
SPY,2026-08-05,"STATE STREE SPDR S&P 500 ETF",108132,01,78462F103,17,USD,775.85000000,776.85000000,769.51000000,769.79000000,44574880.00000000,1058282000,1.00000000,1.82454905,0,769.79000000,1404.51961320,-0.00199655,-0.00199655
SPY,2026-08-06,"STATE STREE SPDR S&P 500 ETF",108132,01,78462F103,17,USD,770.21000000,771.82000000,767.46000000,768.56000000,38104810.00000000,1047632000,1.00000000,1.82454905,0,768.56000000,1402.27541787,-0.00159784,-0.00159784
SPY,2026-08-07,"STATE STREE SPDR S&P 500 ETF",108132,01,78462F103,17,USD,771.02000000,773.91500000,769.61000000,773.26000000,42896730.00000000,1045182000,1.00000000,1.82454905,0,773.26000000,1410.85079840,0.00611533,0.00611533
SPY,2026-08-10,"STATE STREE SPDR S&P 500 ETF",108132,01,78462F103,17,USD,772.60000000,775.05000000,771.62000000,773.03000000,39178840.00000000,1052882000,1.00000000,1.82454905,0,773.03000000,1410.43115212,-0.00029744,-0.00029744
SPY,2026-08-11,"STATE STREE SPDR S&P 500 ETF",108132,01,78462F103,17,USD,774.53000000,774.61000000,769.20000000,770.56000000,36550010.00000000,1057482000,1.00000000,1.82454905,0,770.56000000,1405.92451597,-0.00319522,-0.00319522
SPY,2026-08-12,"STATE STREE SPDR S&P 500 ETF",108132,01,78462F103,17,USD,774.71000000,774.90000000,771.28000000,772.49000000,32962880.00000000,1051982000,1.00000000,1.82454905,0,772.49000000,1409.44589563,0.00250467,0.00250467
SPY,2026-08-13,"STATE STREE SPDR S&P 500 ETF",108132,01,78462F103,17,USD,774.87000000,779.37000000,774.11100000,777.88000000,35534040.00000000,1055932000,1.00000000,1.82454905,0,777.88000000,1419.28021501,0.00697744,0.00697744
SPY,2026-08-14,"STATE STREE SPDR S&P 500 ETF",108132,01,78462F103,17,USD,778.54000000,778.80000000,775.43010000,776.34000000,31317610.00000000,1061332000,1.00000000,1.82454905,0,776.34000000,1416.47040948,-0.00197974,-0.00197974
SPY,2026-08-17,"STATE STREE SPDR S&P 500 ETF",108132,01,78462F103,17,USD,776.18000000,776.77500000,772.51000000,772.67000000,34213540.00000000,1059332000,1.00000000,1.82454905,0,772.67000000,1409.77431446,-0.00472731,-0.00472731
SPY,2026-08-18,"STATE STREE SPDR S&P 500 ETF",108132,01,78462F103,17,USD,768.70000000,769.50000000,766.92000000,767.45000000,43799450.00000000,1061782000,1.00000000,1.82454905,0,767.45000000,1400.25016842,-0.00675579,-0.00675579
SPY,2026-08-19,"STATE STREE SPDR S&P 500 ETF",108132,01,78462F103,17,USD,770.36000000,772.47000000,768.10000000,769.06000000,40198320.00000000,1066732000,1.00000000,1.82454905,0,769.06000000,1403.18769239,0.00209786,0.00209786
SPY,2026-08-20,"STATE STREE SPDR S&P 500 ETF",108132,01,78462F103,17,USD,765.96000000,768.15000000,762.04000000,762.60000000,45405920.00000000,1072982000,1.00000000,1.82454905,0,762.60000000,1391.40110553,-0.00839986,-0.00839986
SPY,2026-08-21,"STATE STREE SPDR S&P 500 ETF",108132,01,78462F103,17,USD,766.05000000,767.85000000,764.17000000,765.72000000,38908330.00000000,1071332000,1.00000000,1.82454905,0,765.72000000,1397.09369857,0.00409127,0.00409127
SPY,2026-08-24,"STATE STREE SPDR S&P 500 ETF",108132,01,78462F103,17,USD,764.78000000,765.22000000,762.08000000,763.47000000,32007120.00000000,1059232000,1.00000000,1.82454905,0,763.47000000,1392.98846320,-0.00293841,-0.00293841
SPY,2026-08-25,"STATE STREE SPDR S&P 500 ETF",108132,01,78462F103,17,USD,766.16000000,766.78000000,763.05010000,765.91000000,27363570.00000000,1054232000,1.00000000,1.82454905,0,765.91000000,1397.44036289,0.00319593,0.00319593
SPY,2026-08-26,"STATE STREE SPDR S&P 500 ETF",108132,01,78462F103,17,USD,764.73000000,767.35000000,763.93000000,766.08000000,28033190.00000000,1055782000,1.00000000,1.82454905,0,766.08000000,1397.75053622,0.00022196,0.00022196
SPY,2026-08-27,"STATE STREE SPDR S&P 500 ETF",108132,01,78462F103,17,USD,768.50000000,772.35500000,767.16000000,771.10000000,34468820.00000000,1058182000,1.00000000,1.82454905,0,771.10000000,1406.90977245,0.00655284,0.00655284
SPY,2026-08-28,"STATE STREE SPDR S&P 500 ETF",108132,01,78462F103,17,USD,771.76000000,775.30000000,768.30760000,769.35000000,36694660.00000000,1058182000,1.00000000,1.82454905,0,769.35000000,1403.71681162,-0.00226949,-0.00226949
SPY,2026-08-31,"STATE STREE SPDR S&P 500 ETF",108132,01,78462F103,17,USD,767.33000000,767.99500000,764.71500000,767.05000000,38752040.00000000,1058532000,1.00000000,1.82454905,0,767.05000000,1399.52034880,-0.00298954,-0.00298954
SPY,2026-09-01,"STATE STREE SPDR S&P 500 ETF",108132,01,78462F103,17,USD,762.01000000,764.67000000,759.48000000,761.78000000,41000470.00000000,1058782000,1.00000000,1.82454905,0,761.78000000,1389.90497531,-0.00687048,-0.00687048
SPY,2026-09-02,"STATE STREE SPDR S&P 500 ETF",108132,01,78462F103,17,USD,762.45000000,766.43000000,761.73000000,765.16000000,29381730.00000000,1056232000,1.00000000,1.82454905,0,765.16000000,1396.07195110,0.00443698,0.00443698
SPY,2026-09-03,"STATE STREE SPDR S&P 500 ETF",108132,01,78462F103,17,USD,767.90000000,774.03000000,767.45000000,773.17000000,42640230.00000000,1057182000,1.00000000,1.82454905,0,773.17000000,1410.68658899,0.01046840,0.01046840
SPY,2026-09-04,"STATE STREE SPDR S&P 500 ETF",108132,01,78462F103,17,USD,772.01000000,772.87000000,769.00000000,770.19000000,33961520.00000000,1054132000,1.00000000,1.82454905,0,770.19000000,1405.24943282,-0.00385426,-0.00385426
SPY,2026-09-08,"STATE STREE SPDR S&P 500 ETF",108132,01,78462F103,17,USD,769.07000000,769.70000000,765.14000000,765.96000000,43537620.00000000,1052582000,1.00000000,1.82454905,0,765.96000000,1397.53159034,-0.00549215,-0.00549215
SPY,2026-09-09,"STATE STREE SPDR S&P 500 ETF",108132,01,78462F103,17,USD,764.08000000,764.47000000,760.94000000,762.40000000,32683690.00000000,1054232000,1.00000000,1.82454905,0,762.40000000,1391.03619572,-0.00464776,-0.00464776
SPY,2026-09-10,"STATE STREE SPDR S&P 500 ETF",108132,01,78462F103,17,USD,758.03000000,760.11000000,756.64000000,757.83000000,42563090.00000000,1054832000,1.00000000,1.82454905,0,757.83000000,1382.69800656,-0.00599423,-0.00599423
SPY,2026-09-11,"STATE STREE SPDR S&P 500 ETF",108132,01,78462F103,17,USD,764.72000000,766.38000000,763.60000000,764.29000000,45436370.00000000,1060082000,1.00000000,1.82454905,0,764.29000000,1394.48459342,0.00852434,0.00852434
SPY,2026-09-14,"STATE STREE SPDR S&P 500 ETF",108132,01,78462F103,17,USD,759.00000000,763.52000000,757.93000000,760.88000000,43613620.00000000,1055532000,1.00000000,1.82454905,0,760.88000000,1388.26288116,-0.00446166,-0.00446166
SPY,2026-09-15,"STATE STREE SPDR S&P 500 ETF",108132,01,78462F103,17,USD,760.11700000,760.35000000,756.15000000,757.39000000,45218960.00000000,1052432000,1.00000000,1.82454905,0,757.39000000,1381.89520498,-0.00458679,-0.00458679
SPY,2026-09-16,"STATE STREE SPDR S&P 500 ETF",108132,01,78462F103,17,USD,759.50000000,761.67000000,749.60000000,754.05000000,58883340.00000000,1038482000,1.00000000,1.82454905,0,754.05000000,1375.80121115,-0.00440988,-0.00440988
SPY,2026-09-17,"STATE STREE SPDR S&P 500 ETF",108132,01,78462F103,17,USD,763.15000000,763.57000000,759.96000000,762.60000000,49509970.00000000,1031882000,1.00000000,1.82454905,0,762.60000000,1391.40110553,0.01133877,0.01133877
SPY,2026-09-18,"STATE STREE SPDR S&P 500 ETF",108132,01,78462F103,17,USD,761.31000000,762.00000000,757.97100000,761.69000000,65279070.00000000,1030232000,1.00000000,1.82907347,0,761.69000000,1393.18697136,-0.00119329,0.00128350
XLB,2026-03-20,"STATE STREET MATERIALS SELCT",116900,01,81369Y100,17,USD,47.85000000,47.96000000,46.73000000,46.98000000,19733450.00000000,130847000,1.00000000,1.78253595,0,46.98000000,83.74353893,,
XLB,2026-03-23,"STATE STREET MATERIALS SELCT",116900,01,81369Y100,17,USD,47.40000000,48.15000000,47.35500000,47.55000000,19207920.00000000,132447000,1.00000000,1.79034462,0,47.55000000,85.13088668,0.01213282,0.01656662
XLB,2026-03-24,"STATE STREET MATERIALS SELCT",116900,01,81369Y100,17,USD,47.27500000,48.79000000,47.24000000,48.45000000,15814510.00000000,131097000,1.00000000,1.79034462,0,48.45000000,86.74219684,0.01892744,0.01892744
XLB,2026-03-25,"STATE STREET MATERIALS SELCT",116900,01,81369Y100,17,USD,49.00000000,49.44500000,48.66500000,49.41000000,15044440.00000000,131297000,1.00000000,1.79034462,0,49.41000000,88.46092767,0.01981424,0.01981424
XLB,2026-03-26,"STATE STREET MATERIALS SELCT",116900,01,81369Y100,17,USD,48.97000000,49.73000000,48.96500000,49.09000000,12903520.00000000,131297000,1.00000000,1.79034462,0,49.09000000,87.88801740,-0.00647642,-0.00647642
XLB,2026-03-27,"STATE STREET MATERIALS SELCT",116900,01,81369Y100,17,USD,49.04000000,49.29000000,48.78000000,48.91000000,10745900.00000000,130597000,1.00000000,1.79034462,0,48.91000000,87.56575536,-0.00366673,-0.00366673
XLB,2026-03-30,"STATE STREET MATERIALS SELCT",116900,01,81369Y100,17,USD,49.51000000,49.74000000,48.90010000,49.09000000,16601520.00000000,126447000,1.00000000,1.79034462,0,49.09000000,87.88801740,0.00368023,0.00368023
XLB,2026-03-31,"STATE STREET MATERIALS SELCT",116900,01,81369Y100,17,USD,49.51500000,50.23000000,49.28500000,49.97000000,20474110.00000000,130897000,1.00000000,1.79034462,0,49.97000000,89.46352066,0.01792626,0.01792626
XLB,2026-04-01,"STATE STREET MATERIALS SELCT",116900,01,81369Y100,17,USD,50.34000000,50.66000000,50.16500000,50.46000000,19963410.00000000,131897000,1.00000000,1.79034462,0,50.46000000,90.34078953,0.00980588,0.00980588
XLB,2026-04-02,"STATE STREET MATERIALS SELCT",116900,01,81369Y100,17,USD,50.08000000,50.92000000,49.91000000,50.41000000,13798750.00000000,132597000,1.00000000,1.79034462,0,50.41000000,90.25127229,-0.00099088,-0.00099088
XLB,2026-04-06,"STATE STREET MATERIALS SELCT",116900,01,81369Y100,17,USD,50.21000000,50.43000000,49.85000000,50.22000000,8884718.00000000,132497000,1.00000000,1.79034462,0,50.22000000,89.91110682,-0.00376909,-0.00376909
XLB,2026-04-07,"STATE STREET MATERIALS SELCT",116900,01,81369Y100,17,USD,50.12000000,50.32000000,49.68000000,50.08000000,9904660.00000000,133047000,1.00000000,1.79034462,0,50.08000000,89.66045857,-0.00278773,-0.00278773
XLB,2026-04-08,"STATE STREET MATERIALS SELCT",116900,01,81369Y100,17,USD,51.08000000,51.78000000,50.77250000,51.75000000,14348850.00000000,134947000,1.00000000,1.79034462,0,51.75000000,92.65033408,0.03334665,0.03334665
XLB,2026-04-09,"STATE STREET MATERIALS SELCT",116900,01,81369Y100,17,USD,51.56000000,52.07000000,51.47000000,51.67000000,7657493.00000000,138247000,1.00000000,1.79034462,0,51.67000000,92.50710652,-0.00154589,-0.00154589
XLB,2026-04-10,"STATE STREET MATERIALS SELCT",116900,01,81369Y100,17,USD,51.93000000,52.22000000,51.88000000,51.96000000,6137302.00000000,140447000,1.00000000,1.79034462,0,51.96000000,93.02630646,0.00561254,0.00561254
XLB,2026-04-13,"STATE STREET MATERIALS SELCT",116900,01,81369Y100,17,USD,51.69000000,52.25500000,51.55500000,52.19000000,9889116.00000000,140497000,1.00000000,1.79034462,0,52.19000000,93.43808572,0.00442648,0.00442648
XLB,2026-04-14,"STATE STREET MATERIALS SELCT",116900,01,81369Y100,17,USD,52.26000000,52.26000000,51.65000000,52.01000000,8271271.00000000,140647000,1.00000000,1.79034462,0,52.01000000,93.11582369,-0.00344894,-0.00344894
XLB,2026-04-15,"STATE STREET MATERIALS SELCT",116900,01,81369Y100,17,USD,51.90000000,51.90000000,51.23500000,51.38000000,20300480.00000000,142347000,1.00000000,1.79034462,0,51.38000000,91.98790658,-0.01211306,-0.01211306
XLB,2026-04-16,"STATE STREET MATERIALS SELCT",116900,01,81369Y100,17,USD,51.52000000,51.97000000,51.49000000,51.75000000,12382600.00000000,146847000,1.00000000,1.79034462,0,51.75000000,92.65033408,0.00720125,0.00720125
XLB,2026-04-17,"STATE STREET MATERIALS SELCT",116900,01,81369Y100,17,USD,51.60000000,52.37000000,51.46500000,51.88000000,11795410.00000000,146847000,1.00000000,1.79034462,0,51.88000000,92.88307889,0.00251208,0.00251208
XLB,2026-04-20,"STATE STREET MATERIALS SELCT",116900,01,81369Y100,17,USD,51.84000000,52.40000000,51.67000000,52.23000000,8557972.00000000,146847000,1.00000000,1.79034462,0,52.23000000,93.50969950,0.00674634,0.00674634
XLB,2026-04-21,"STATE STREET MATERIALS SELCT",116900,01,81369Y100,17,USD,52.25000000,52.57000000,51.63500000,51.77000000,9557730.00000000,148197000,1.00000000,1.79034462,0,51.77000000,92.68614098,-0.00880720,-0.00880720
XLB,2026-04-22,"STATE STREET MATERIALS SELCT",116900,01,81369Y100,17,USD,52.24000000,52.42000000,51.69500000,51.83000000,8932894.00000000,146847000,1.00000000,1.79034462,0,51.83000000,92.79356165,0.00115897,0.00115897
XLB,2026-04-23,"STATE STREET MATERIALS SELCT",116900,01,81369Y100,17,USD,51.71000000,51.90000000,51.28000000,51.81000000,13728230.00000000,143547000,1.00000000,1.79034462,0,51.81000000,92.75775476,-0.00038588,-0.00038588
XLB,2026-04-24,"STATE STREET MATERIALS SELCT",116900,01,81369Y100,17,USD,51.75000000,52.00000000,51.32500000,51.92000000,7419193.00000000,142947000,1.00000000,1.79034462,0,51.92000000,92.95469267,0.00212314,0.00212314
XLB,2026-04-27,"STATE STREET MATERIALS SELCT",116900,01,81369Y100,17,USD,51.99500000,52.17500000,51.61000000,51.78000000,8022982.00000000,142947000,1.00000000,1.79034462,0,51.78000000,92.70404442,-0.00269646,-0.00269646
XLB,2026-04-28,"STATE STREET MATERIALS SELCT",116900,01,81369Y100,17,USD,51.87500000,51.98000000,51.01000000,51.40000000,9072848.00000000,144147000,1.00000000,1.79034462,0,51.40000000,92.02371347,-0.00733874,-0.00733874
XLB,2026-04-29,"STATE STREET MATERIALS SELCT",116900,01,81369Y100,17,USD,51.49000000,51.51000000,50.89000000,50.96000000,7043755.00000000,142797000,1.00000000,1.79034462,0,50.96000000,91.23596184,-0.00856031,-0.00856031
XLB,2026-04-30,"STATE STREET MATERIALS SELCT",116900,01,81369Y100,17,USD,50.92000000,51.71000000,50.80000000,51.47000000,15282530.00000000,142347000,1.00000000,1.79034462,0,51.47000000,92.14903759,0.01000785,0.01000785
XLB,2026-05-01,"STATE STREET MATERIALS SELCT",116900,01,81369Y100,17,USD,51.64000000,51.77000000,51.34000000,51.35000000,9345899.00000000,142097000,1.00000000,1.79034462,0,51.35000000,91.93419624,-0.00233146,-0.00233146
XLB,2026-05-04,"STATE STREET MATERIALS SELCT",116900,01,81369Y100,17,USD,51.15500000,51.26000000,50.50000000,50.65000000,10041100.00000000,143897000,1.00000000,1.79034462,0,50.65000000,90.68095500,-0.01363194,-0.01363194
XLB,2026-05-05,"STATE STREET MATERIALS SELCT",116900,01,81369Y100,17,USD,51.04000000,51.79000000,50.89410000,51.53000000,10753120.00000000,143897000,1.00000000,1.79034462,0,51.53000000,92.25645827,0.01737414,0.01737414
XLB,2026-05-06,"STATE STREET MATERIALS SELCT",116900,01,81369Y100,17,USD,52.32000000,52.66500000,52.14000000,52.41000000,10497270.00000000,144047000,1.00000000,1.79034462,0,52.41000000,93.83196153,0.01707743,0.01707743
XLB,2026-05-07,"STATE STREET MATERIALS SELCT",116900,01,81369Y100,17,USD,52.60000000,52.77000000,51.37500000,51.40000000,13026200.00000000,144047000,1.00000000,1.79034462,0,51.40000000,92.02371347,-0.01927113,-0.01927113
XLB,2026-05-08,"STATE STREET MATERIALS SELCT",116900,01,81369Y100,17,USD,51.81000000,51.90500000,51.50000000,51.59000000,7599443.00000000,145897000,1.00000000,1.79034462,0,51.59000000,92.36387895,0.00369650,0.00369650
XLB,2026-05-11,"STATE STREET MATERIALS SELCT",116900,01,81369Y100,17,USD,51.86000000,52.40500000,51.83000000,52.26000000,8586324.00000000,143597000,1.00000000,1.79034462,0,52.26000000,93.56340984,0.01298701,0.01298701
XLB,2026-05-12,"STATE STREET MATERIALS SELCT",116900,01,81369Y100,17,USD,52.00000000,52.29000000,51.46000000,52.14000000,11592350.00000000,143047000,1.00000000,1.79034462,0,52.14000000,93.34856849,-0.00229621,-0.00229621
XLB,2026-05-13,"STATE STREET MATERIALS SELCT",116900,01,81369Y100,17,USD,52.13000000,52.51500000,52.02000000,52.06000000,8453028.00000000,142797000,1.00000000,1.79034462,0,52.06000000,93.20534092,-0.00153433,-0.00153433
XLB,2026-05-14,"STATE STREET MATERIALS SELCT",116900,01,81369Y100,17,USD,52.12000000,52.25000000,51.59500000,51.67000000,10703330.00000000,143797000,1.00000000,1.79034462,0,51.67000000,92.50710652,-0.00749136,-0.00749136
XLB,2026-05-15,"STATE STREET MATERIALS SELCT",116900,01,81369Y100,17,USD,51.01000000,51.19000000,50.24500000,50.30000000,11192720.00000000,143797000,1.00000000,1.79034462,0,50.30000000,90.05433439,-0.02651442,-0.02651442
XLB,2026-05-18,"STATE STREET MATERIALS SELCT",116900,01,81369Y100,17,USD,50.33000000,50.71500000,50.07000000,50.22000000,10543580.00000000,143797000,1.00000000,1.79034462,0,50.22000000,89.91110682,-0.00159046,-0.00159046
XLB,2026-05-19,"STATE STREET MATERIALS SELCT",116900,01,81369Y100,17,USD,49.78000000,49.86000000,48.89000000,49.04000000,11881160.00000000,144497000,1.00000000,1.79034462,0,49.04000000,87.79850016,-0.02349661,-0.02349661
XLB,2026-05-20,"STATE STREET MATERIALS SELCT",116900,01,81369Y100,17,USD,48.99000000,49.78000000,48.89500000,49.72000000,20466720.00000000,144097000,1.00000000,1.79034462,0,49.72000000,89.01593451,0.01386623,0.01386623
XLB,2026-05-21,"STATE STREET MATERIALS SELCT",116900,01,81369Y100,17,USD,49.54000000,50.25000000,49.13500000,50.02000000,10234620.00000000,143397000,1.00000000,1.79034462,0,50.02000000,89.55303789,0.00603379,0.00603379
XLB,2026-05-22,"STATE STREET MATERIALS SELCT",116900,01,81369Y100,17,USD,50.33000000,50.50000000,49.98500000,50.29000000,6949031.00000000,143997000,1.00000000,1.79034462,0,50.29000000,90.03643094,0.00539784,0.00539784
XLB,2026-05-26,"STATE STREET MATERIALS SELCT",116900,01,81369Y100,17,USD,50.68000000,51.16500000,50.65000000,50.99000000,8200625.00000000,143747000,1.00000000,1.79034462,0,50.99000000,91.28967217,0.01391927,0.01391927
XLB,2026-05-27,"STATE STREET MATERIALS SELCT",116900,01,81369Y100,17,USD,51.01000000,51.37000000,50.98000000,51.18000000,9010279.00000000,143747000,1.00000000,1.79034462,0,51.18000000,91.62983765,0.00372622,0.00372622
XLB,2026-05-28,"STATE STREET MATERIALS SELCT",116900,01,81369Y100,17,USD,51.07000000,51.47000000,50.61000000,51.36000000,10565830.00000000,142697000,1.00000000,1.79034462,0,51.36000000,91.95209968,0.00351700,0.00351700
XLB,2026-05-29,"STATE STREET MATERIALS SELCT",116900,01,81369Y100,17,USD,51.28000000,51.57500000,51.11000000,51.15000000,11727980.00000000,142947000,1.00000000,1.79034462,0,51.15000000,91.57612731,-0.00408879,-0.00408879
XLB,2026-06-01,"STATE STREET MATERIALS SELCT",116900,01,81369Y100,17,USD,50.65000000,51.05000000,50.12500000,50.92000000,24538000.00000000,140947000,1.00000000,1.79034462,0,50.92000000,91.16434805,-0.00449658,-0.00449658
XLB,2026-06-02,"STATE STREET MATERIALS SELCT",116900,01,81369Y100,17,USD,50.82000000,51.66500000,50.72250000,51.52000000,19924560.00000000,145597000,1.00000000,1.79034462,0,51.52000000,92.23855482,0.01178319,0.01178319
XLB,2026-06-03,"STATE STREET MATERIALS SELCT",116900,01,81369Y100,17,USD,51.35000000,52.02500000,51.24000000,51.63000000,12438380.00000000,150247000,1.00000000,1.79034462,0,51.63000000,92.43549273,0.00213509,0.00213509
XLB,2026-06-04,"STATE STREET MATERIALS SELCT",116900,01,81369Y100,17,USD,51.83000000,52.19990000,51.43500000,51.62000000,9689101.00000000,152747000,1.00000000,1.79034462,0,51.62000000,92.41758928,-0.00019369,-0.00019369
XLB,2026-06-05,"STATE STREET MATERIALS SELCT",116900,01,81369Y100,17,USD,51.41000000,51.65000000,50.49500000,50.63000000,12395160.00000000,154697000,1.00000000,1.79034462,0,50.63000000,90.64514811,-0.01917861,-0.01917861
XLB,2026-06-08,"STATE STREET MATERIALS SELCT",116900,01,81369Y100,17,USD,50.61000000,50.81000000,49.90500000,49.96000000,10987510.00000000,154447000,1.00000000,1.79034462,0,49.96000000,89.44561722,-0.01323326,-0.01323326
XLB,2026-06-09,"STATE STREET MATERIALS SELCT",116900,01,81369Y100,17,USD,50.59000000,50.82000000,49.84000000,50.77000000,13504590.00000000,154597000,1.00000000,1.79034462,0,50.77000000,90.89579636,0.01621297,0.01621297
XLB,2026-06-10,"STATE STREET MATERIALS SELCT",116900,01,81369Y100,17,USD,50.75000000,50.86000000,49.57000000,49.60000000,9675526.00000000,155147000,1.00000000,1.79034462,0,49.60000000,88.80109315,-0.02304511,-0.02304511
XLB,2026-06-11,"STATE STREET MATERIALS SELCT",116900,01,81369Y100,17,USD,50.07000000,51.33000000,50.00000000,51.22000000,12442690.00000000,154447000,1.00000000,1.79034462,0,51.22000000,91.70145144,0.03266129,0.03266129
XLB,2026-06-12,"STATE STREET MATERIALS SELCT",116900,01,81369Y100,17,USD,51.71000000,52.35500000,51.52000000,52.18000000,15194080.00000000,153597000,1.00000000,1.79034462,0,52.18000000,93.42018227,0.01874268,0.01874268
XLB,2026-06-15,"STATE STREET MATERIALS SELCT",116900,01,81369Y100,17,USD,52.87000000,53.19500000,52.47000000,52.50000000,14941110.00000000,156397000,1.00000000,1.79034462,0,52.50000000,93.99309255,0.00613262,0.00613262
XLB,2026-06-16,"STATE STREET MATERIALS SELCT",116900,01,81369Y100,17,USD,52.69000000,53.08500000,52.64000000,52.72000000,8428477.00000000,159597000,1.00000000,1.79034462,0,52.72000000,94.38696837,0.00419048,0.00419048
XLB,2026-06-17,"STATE STREET MATERIALS SELCT",116900,01,81369Y100,17,USD,52.52000000,53.31000000,51.86000000,52.02000000,16163950.00000000,160397000,1.00000000,1.79034462,0,52.02000000,93.13372713,-0.01327769,-0.01327769
XLB,2026-06-18,"STATE STREET MATERIALS SELCT",116900,01,81369Y100,17,USD,52.22000000,52.43000000,51.76000000,51.81000000,11905370.00000000,161297000,1.00000000,1.79034462,0,51.81000000,92.75775476,-0.00403691,-0.00403691
XLB,2026-06-22,"STATE STREET MATERIALS SELCT",116900,01,81369Y100,17,USD,51.18000000,51.82000000,51.15010000,51.62000000,9088377.00000000,160347000,1.00000000,1.79704541,0,51.62000000,92.76348406,-0.00366725,0.00006177
XLB,2026-06-23,"STATE STREET MATERIALS SELCT",116900,01,81369Y100,17,USD,51.07000000,51.47500000,50.79000000,50.87000000,10273320.00000000,161247000,1.00000000,1.79704541,0,50.87000000,91.41570001,-0.01452925,-0.01452925
XLB,2026-06-24,"STATE STREET MATERIALS SELCT",116900,01,81369Y100,17,USD,50.87000000,51.53000000,50.79000000,51.16000000,12425590.00000000,160247000,1.00000000,1.79704541,0,51.16000000,91.93684318,0.00570081,0.00570081
XLB,2026-06-25,"STATE STREET MATERIALS SELCT",116900,01,81369Y100,17,USD,51.41000000,52.19000000,51.27000000,51.84000000,9640755.00000000,160647000,1.00000000,1.79704541,0,51.84000000,93.15883405,0.01329163,0.01329163
XLB,2026-06-26,"STATE STREET MATERIALS SELCT",116900,01,81369Y100,17,USD,51.57000000,51.89000000,51.37500000,51.60000000,9233708.00000000,160447000,1.00000000,1.79704541,0,51.60000000,92.72754316,-0.00462963,-0.00462963
XLB,2026-06-29,"STATE STREET MATERIALS SELCT",116900,01,81369Y100,17,USD,51.28000000,51.39730000,50.25000000,50.66000000,12707860.00000000,161647000,1.00000000,1.79704541,0,50.66000000,91.03832047,-0.01821705,-0.01821705
XLB,2026-06-30,"STATE STREET MATERIALS SELCT",116900,01,81369Y100,17,USD,51.07000000,51.19000000,50.67000000,50.83000000,8328596.00000000,160547000,1.00000000,1.79704541,0,50.83000000,91.34381819,0.00335570,0.00335570
XLB,2026-07-01,"STATE STREET MATERIALS SELCT",116900,01,81369Y100,17,USD,50.72000000,51.47000000,50.47500000,51.02000000,14128820.00000000,160697000,1.00000000,1.79704541,0,51.02000000,91.68525682,0.00373795,0.00373795
XLB,2026-07-02,"STATE STREET MATERIALS SELCT",116900,01,81369Y100,17,USD,51.40000000,52.02500000,51.29500000,52.01000000,12347570.00000000,159847000,1.00000000,1.79704541,0,52.01000000,93.46433177,0.01940416,0.01940416
XLB,2026-07-06,"STATE STREET MATERIALS SELCT",116900,01,81369Y100,17,USD,51.92000000,52.04000000,51.35000000,51.98000000,19901670.00000000,157747000,1.00000000,1.79704541,0,51.98000000,93.41042041,-0.00057681,-0.00057681
XLB,2026-07-07,"STATE STREET MATERIALS SELCT",116900,01,81369Y100,17,USD,51.96000000,52.12000000,51.29500000,51.51000000,12286900.00000000,163297000,1.00000000,1.79704541,0,51.51000000,92.56580907,-0.00904194,-0.00904194
XLB,2026-07-08,"STATE STREET MATERIALS SELCT",116900,01,81369Y100,17,USD,51.00000000,51.04000000,49.88500000,50.16000000,13282190.00000000,162197000,1.00000000,1.79704541,0,50.16000000,90.13979777,-0.02620850,-0.02620850
XLB,2026-07-09,"STATE STREET MATERIALS SELCT",116900,01,81369Y100,17,USD,50.37000000,50.54500000,50.12000000,50.26000000,10529380.00000000,164997000,1.00000000,1.79704541,0,50.26000000,90.31950231,0.00199362,0.00199362
XLB,2026-07-10,"STATE STREET MATERIALS SELCT",116900,01,81369Y100,17,USD,50.29000000,51.11000000,50.29000000,50.89000000,7492006.00000000,167947000,1.00000000,1.79704541,0,50.89000000,91.45164091,0.01253482,0.01253482
XLB,2026-07-13,"STATE STREET MATERIALS SELCT",116900,01,81369Y100,17,USD,50.97000000,51.34500000,50.35500000,50.58000000,9030828.00000000,167397000,1.00000000,1.79704541,0,50.58000000,90.89455684,-0.00609157,-0.00609157
XLB,2026-07-14,"STATE STREET MATERIALS SELCT",116900,01,81369Y100,17,USD,51.15000000,51.45000000,50.59000000,50.64000000,8754049.00000000,166047000,1.00000000,1.79704541,0,50.64000000,91.00237956,0.00118624,0.00118624
XLB,2026-07-15,"STATE STREET MATERIALS SELCT",116900,01,81369Y100,17,USD,50.66000000,50.84000000,50.11000000,50.50000000,12319630.00000000,165247000,1.00000000,1.79704541,0,50.50000000,90.75079320,-0.00276461,-0.00276461
XLB,2026-07-16,"STATE STREET MATERIALS SELCT",116900,01,81369Y100,17,USD,50.31000000,50.93000000,50.28000000,50.89000000,7146249.00000000,165947000,1.00000000,1.79704541,0,50.89000000,91.45164091,0.00772277,0.00772277
XLB,2026-07-17,"STATE STREET MATERIALS SELCT",116900,01,81369Y100,17,USD,50.80000000,51.44500000,50.38500000,50.53000000,8670448.00000000,165947000,1.00000000,1.79704541,0,50.53000000,90.80470457,-0.00707408,-0.00707408
XLB,2026-07-20,"STATE STREET MATERIALS SELCT",116900,01,81369Y100,17,USD,50.64000000,50.73000000,49.88000000,50.03000000,10680240.00000000,165947000,1.00000000,1.79704541,0,50.03000000,89.90618186,-0.00989511,-0.00989511
XLB,2026-07-21,"STATE STREET MATERIALS SELCT",116900,01,81369Y100,17,USD,50.50000000,50.54000000,49.84500000,50.10000000,8695020.00000000,166147000,1.00000000,1.79704541,0,50.10000000,90.03197504,0.00139916,0.00139916
XLB,2026-07-22,"STATE STREET MATERIALS SELCT",116900,01,81369Y100,17,USD,50.33000000,50.97000000,50.30000000,50.82000000,10221190.00000000,166147000,1.00000000,1.79704541,0,50.82000000,91.32584774,0.01437126,0.01437126
XLB,2026-07-23,"STATE STREET MATERIALS SELCT",116900,01,81369Y100,17,USD,50.42000000,50.97000000,50.12000000,50.29000000,10924350.00000000,168597000,1.00000000,1.79704541,0,50.29000000,90.37341367,-0.01042896,-0.01042896
XLB,2026-07-24,"STATE STREET MATERIALS SELCT",116900,01,81369Y100,17,USD,50.32000000,51.27000000,50.21000000,51.26000000,12192170.00000000,168997000,1.00000000,1.79704541,0,51.26000000,92.11654772,0.01928813,0.01928813
XLB,2026-07-27,"STATE STREET MATERIALS SELCT",116900,01,81369Y100,17,USD,51.47000000,51.63000000,51.08500000,51.39000000,8703754.00000000,167747000,1.00000000,1.79704541,0,51.39000000,92.35016362,0.00253609,0.00253609
XLB,2026-07-28,"STATE STREET MATERIALS SELCT",116900,01,81369Y100,17,USD,52.00000000,52.77500000,51.88000000,52.34000000,11774500.00000000,167947000,1.00000000,1.79704541,0,52.34000000,94.05735676,0.01848609,0.01848609
XLB,2026-07-29,"STATE STREET MATERIALS SELCT",116900,01,81369Y100,17,USD,52.34000000,52.34000000,51.32500000,51.74000000,13743990.00000000,164097000,1.00000000,1.79704541,0,51.74000000,92.97912951,-0.01146351,-0.01146351
XLB,2026-07-30,"STATE STREET MATERIALS SELCT",116900,01,81369Y100,17,USD,52.21000000,52.30500000,51.27500000,51.64000000,10865880.00000000,163897000,1.00000000,1.79704541,0,51.64000000,92.79942497,-0.00193274,-0.00193274
XLB,2026-07-31,"STATE STREET MATERIALS SELCT",116900,01,81369Y100,17,USD,50.91000000,51.05000000,50.20500000,50.43000000,18328930.00000000,163797000,1.00000000,1.79704541,0,50.43000000,90.62500003,-0.02343145,-0.02343145
XLB,2026-08-03,"STATE STREET MATERIALS SELCT",116900,01,81369Y100,17,USD,50.74000000,51.04000000,50.35000000,51.01000000,11963870.00000000,161647000,1.00000000,1.79704541,0,51.01000000,91.66728636,0.01150109,0.01150109
XLB,2026-08-04,"STATE STREET MATERIALS SELCT",116900,01,81369Y100,17,USD,51.31000000,52.07000000,51.02500000,52.00000000,16874240.00000000,161547000,1.00000000,1.79704541,0,52.00000000,93.44636132,0.01940796,0.01940796
XLB,2026-08-05,"STATE STREET MATERIALS SELCT",116900,01,81369Y100,17,USD,52.59000000,52.96000000,52.45000000,52.64000000,12070240.00000000,162447000,1.00000000,1.79704541,0,52.64000000,94.59647038,0.01230769,0.01230769
XLB,2026-08-06,"STATE STREET MATERIALS SELCT",116900,01,81369Y100,17,USD,52.63000000,52.86000000,52.01000000,52.17000000,8983736.00000000,163747000,1.00000000,1.79704541,0,52.17000000,93.75185904,-0.00892857,-0.00892857
XLB,2026-08-07,"STATE STREET MATERIALS SELCT",116900,01,81369Y100,17,USD,52.34000000,52.94000000,52.17000000,52.86000000,12941800.00000000,163897000,1.00000000,1.79704541,0,52.86000000,94.99182037,0.01322599,0.01322599
XLB,2026-08-10,"STATE STREET MATERIALS SELCT",116900,01,81369Y100,17,USD,52.81000000,53.20000000,52.61000000,53.18000000,11928640.00000000,166347000,1.00000000,1.79704541,0,53.18000000,95.56687490,0.00605373,0.00605373
XLB,2026-08-11,"STATE STREET MATERIALS SELCT",116900,01,81369Y100,17,USD,53.07000000,53.59500000,53.00000000,53.24000000,11449710.00000000,165747000,1.00000000,1.79704541,0,53.24000000,95.67469763,0.00112824,0.00112824
XLB,2026-08-12,"STATE STREET MATERIALS SELCT",116900,01,81369Y100,17,USD,53.45000000,53.48000000,52.53500000,52.58000000,9843037.00000000,166297000,1.00000000,1.79704541,0,52.58000000,94.48864766,-0.01239669,-0.01239669
XLB,2026-08-13,"STATE STREET MATERIALS SELCT",116900,01,81369Y100,17,USD,52.60000000,52.78000000,52.21500000,52.31000000,10407140.00000000,165747000,1.00000000,1.79704541,0,52.31000000,94.00344540,-0.00513503,-0.00513503
XLB,2026-08-14,"STATE STREET MATERIALS SELCT",116900,01,81369Y100,17,USD,52.46000000,52.64500000,52.27000000,52.54000000,7479005.00000000,167497000,1.00000000,1.79704541,0,52.54000000,94.41676584,0.00439686,0.00439686
XLB,2026-08-17,"STATE STREET MATERIALS SELCT",116900,01,81369Y100,17,USD,52.35000000,52.44000000,52.06500000,52.24000000,7653632.00000000,166647000,1.00000000,1.79704541,0,52.24000000,93.87765222,-0.00570994,-0.00570994
XLB,2026-08-18,"STATE STREET MATERIALS SELCT",116900,01,81369Y100,17,USD,52.22000000,52.31000000,51.75000000,51.78000000,7774291.00000000,166197000,1.00000000,1.79704541,0,51.78000000,93.05101133,-0.00880551,-0.00880551
XLB,2026-08-19,"STATE STREET MATERIALS SELCT",116900,01,81369Y100,17,USD,52.52000000,53.14500000,52.27500000,52.52000000,10876920.00000000,165447000,1.00000000,1.79704541,0,52.52000000,94.38082493,0.01429123,0.01429123
XLB,2026-08-20,"STATE STREET MATERIALS SELCT",116900,01,81369Y100,17,USD,52.10000000,53.04000000,52.04000000,52.42000000,9366659.00000000,165747000,1.00000000,1.79704541,0,52.42000000,94.20112039,-0.00190404,-0.00190404
XLB,2026-08-21,"STATE STREET MATERIALS SELCT",116900,01,81369Y100,17,USD,53.07000000,53.71500000,52.95000000,53.54000000,14442460.00000000,165697000,1.00000000,1.79704541,0,53.54000000,96.21381125,0.02136589,0.02136589
XLB,2026-08-24,"STATE STREET MATERIALS SELCT",116900,01,81369Y100,17,USD,54.00500000,54.19000000,53.28000000,53.58000000,12836540.00000000,165697000,1.00000000,1.79704541,0,53.58000000,96.28569307,0.00074710,0.00074710
XLB,2026-08-25,"STATE STREET MATERIALS SELCT",116900,01,81369Y100,17,USD,53.48000000,53.64500000,53.00500000,53.58000000,8182700.00000000,165397000,1.00000000,1.79704541,0,53.58000000,96.28569307,0.00000000,0.00000000
XLB,2026-08-26,"STATE STREET MATERIALS SELCT",116900,01,81369Y100,17,USD,53.59000000,54.09000000,53.51500000,53.67000000,7071596.00000000,165297000,1.00000000,1.79704541,0,53.67000000,96.44742715,0.00167973,0.00167973
XLB,2026-08-27,"STATE STREET MATERIALS SELCT",116900,01,81369Y100,17,USD,53.22000000,53.48500000,53.09500000,53.23000000,7784549.00000000,165547000,1.00000000,1.79704541,0,53.23000000,95.65672717,-0.00819825,-0.00819825
XLB,2026-08-28,"STATE STREET MATERIALS SELCT",116900,01,81369Y100,17,USD,53.66000000,53.80000000,52.84000000,53.18000000,13594440.00000000,165547000,1.00000000,1.79704541,0,53.18000000,95.56687490,-0.00093932,-0.00093932
XLB,2026-08-31,"STATE STREET MATERIALS SELCT",116900,01,81369Y100,17,USD,53.16000000,53.26000000,52.56500000,52.69000000,12112600.00000000,164397000,1.00000000,1.79704541,0,52.69000000,94.68632265,-0.00921399,-0.00921399
XLB,2026-09-01,"STATE STREET MATERIALS SELCT",116900,01,81369Y100,17,USD,52.44000000,52.46000000,52.02000000,52.07000000,15500360.00000000,166097000,1.00000000,1.79704541,0,52.07000000,93.57215450,-0.01176694,-0.01176694
XLB,2026-09-02,"STATE STREET MATERIALS SELCT",116900,01,81369Y100,17,USD,52.36000000,53.19000000,52.27000000,52.95000000,12846620.00000000,164497000,1.00000000,1.79704541,0,52.95000000,95.15355446,0.01690033,0.01690033
XLB,2026-09-03,"STATE STREET MATERIALS SELCT",116900,01,81369Y100,17,USD,53.45000000,53.51500000,52.33500000,52.62000000,14287440.00000000,164847000,1.00000000,1.79704541,0,52.62000000,94.56052947,-0.00623229,-0.00623229
XLB,2026-09-04,"STATE STREET MATERIALS SELCT",116900,01,81369Y100,17,USD,52.16000000,52.67000000,51.97500000,52.44000000,10873760.00000000,166297000,1.00000000,1.79704541,0,52.44000000,94.23706130,-0.00342075,-0.00342075
XLB,2026-09-08,"STATE STREET MATERIALS SELCT",116900,01,81369Y100,17,USD,52.36000000,52.58000000,51.93500000,51.94000000,11935510.00000000,164597000,1.00000000,1.79704541,0,51.94000000,93.33853860,-0.00953471,-0.00953471
XLB,2026-09-09,"STATE STREET MATERIALS SELCT",116900,01,81369Y100,17,USD,52.02000000,52.15000000,51.38000000,51.39000000,13103870.00000000,164547000,1.00000000,1.79704541,0,51.39000000,92.35016362,-0.01058914,-0.01058914
XLB,2026-09-10,"STATE STREET MATERIALS SELCT",116900,01,81369Y100,17,USD,50.76000000,51.05000000,50.58000000,50.76000000,9651636.00000000,165397000,1.00000000,1.79704541,0,50.76000000,91.21802501,-0.01225919,-0.01225919
XLB,2026-09-11,"STATE STREET MATERIALS SELCT",116900,01,81369Y100,17,USD,51.19000000,51.21000000,50.87000000,50.95000000,8969534.00000000,163047000,1.00000000,1.79704541,0,50.95000000,91.55946364,0.00374310,0.00374310
XLB,2026-09-14,"STATE STREET MATERIALS SELCT",116900,01,81369Y100,17,USD,50.68000000,50.81000000,50.34000000,50.49000000,11410290.00000000,163247000,1.00000000,1.79704541,0,50.49000000,90.73282275,-0.00902846,-0.00902846
XLB,2026-09-15,"STATE STREET MATERIALS SELCT",116900,01,81369Y100,17,USD,50.55000000,50.74500000,50.26000000,50.73000000,9844071.00000000,162747000,1.00000000,1.79704541,0,50.73000000,91.16411365,0.00475342,0.00475342
XLB,2026-09-16,"STATE STREET MATERIALS SELCT",116900,01,81369Y100,17,USD,50.93000000,51.11000000,49.90950000,50.36000000,9586675.00000000,163447000,1.00000000,1.79704541,0,50.36000000,90.49920685,-0.00729351,-0.00729351
XLB,2026-09-17,"STATE STREET MATERIALS SELCT",116900,01,81369Y100,17,USD,50.90000000,51.01000000,50.52000000,50.71000000,9063709.00000000,162747000,1.00000000,1.79704541,0,50.71000000,91.12817274,0.00694996,0.00694996
XLB,2026-09-18,"STATE STREET MATERIALS SELCT",116900,01,81369Y100,17,USD,50.42500000,50.62000000,49.88030000,49.99000000,10497900.00000000,161997000,1.00000000,1.79704541,0,49.99000000,89.83430005,-0.01419838,-0.01419838
XLU,2026-03-20,"STATE STREET UTILITIES SELCT",126334,01,81369Y886,17,USD,46.46000000,46.66000000,44.43000000,44.65000000,47086220.00000000,536198000,1.00000000,2.49721824,0,44.65000000,111.50079442,,
XLU,2026-03-23,"STATE STREET UTILITIES SELCT",126334,01,81369Y886,17,USD,44.93000000,45.18530000,44.57000000,44.78000000,31571930.00000000,534898000,1.00000000,2.51450024,0,44.78000000,112.59932075,0.00291153,0.00985218
XLU,2026-03-24,"STATE STREET UTILITIES SELCT",126334,01,81369Y886,17,USD,44.56000000,45.53510000,44.48500000,45.09000000,24183560.00000000,531348000,1.00000000,2.51450024,0,45.09000000,113.37881582,0.00692273,0.00692273
XLU,2026-03-25,"STATE STREET UTILITIES SELCT",126334,01,81369Y886,17,USD,45.52000000,45.64500000,45.21000000,45.25000000,22196380.00000000,529948000,1.00000000,2.51450024,0,45.25000000,113.78113586,0.00354846,0.00354846
XLU,2026-03-26,"STATE STREET UTILITIES SELCT",126334,01,81369Y886,17,USD,45.24000000,45.48000000,45.01500000,45.33000000,19984750.00000000,529948000,1.00000000,2.51450024,0,45.33000000,113.98229588,0.00176796,0.00176796
XLU,2026-03-27,"STATE STREET UTILITIES SELCT",126334,01,81369Y886,17,USD,45.37000000,46.07500000,45.30000000,45.59000000,26167770.00000000,530448000,1.00000000,2.51450024,0,45.59000000,114.63606594,0.00573572,0.00573572
XLU,2026-03-30,"STATE STREET UTILITIES SELCT",126334,01,81369Y886,17,USD,46.17000000,46.33500000,45.75500000,45.92000000,28258270.00000000,528948000,1.00000000,2.51450024,0,45.92000000,115.46585102,0.00723843,0.00723843
XLU,2026-03-31,"STATE STREET UTILITIES SELCT",126334,01,81369Y886,17,USD,45.85000000,45.94980000,45.26000000,45.89000000,42837450.00000000,532198000,1.00000000,2.51450024,0,45.89000000,115.39041601,-0.00065331,-0.00065331
XLU,2026-04-01,"STATE STREET UTILITIES SELCT",126334,01,81369Y886,17,USD,45.78000000,46.28000000,45.69500000,46.11000000,31183900.00000000,528498000,1.00000000,2.51450024,0,46.11000000,115.94360607,0.00479407,0.00479407
XLU,2026-04-02,"STATE STREET UTILITIES SELCT",126334,01,81369Y886,17,USD,46.04000000,46.59000000,45.90990000,46.34000000,17319760.00000000,529998000,1.00000000,2.51450024,0,46.34000000,116.52194112,0.00498807,0.00498807
XLU,2026-04-06,"STATE STREET UTILITIES SELCT",126334,01,81369Y886,17,USD,46.14500000,46.49654400,46.09000000,46.17000000,12847680.00000000,531498000,1.00000000,2.51450024,0,46.17000000,116.09447608,-0.00366854,-0.00366854
XLU,2026-04-07,"STATE STREET UTILITIES SELCT",126334,01,81369Y886,17,USD,46.06000000,46.43000000,46.04000000,46.27000000,13484210.00000000,535248000,1.00000000,2.51450024,0,46.27000000,116.34592610,0.00216591,0.00216591
XLU,2026-04-08,"STATE STREET UTILITIES SELCT",126334,01,81369Y886,17,USD,46.29000000,46.78000000,45.98000000,46.78000000,18871600.00000000,536848000,1.00000000,2.51450024,0,46.78000000,117.62832123,0.01102226,0.01102226
XLU,2026-04-09,"STATE STREET UTILITIES SELCT",126334,01,81369Y886,17,USD,46.66000000,47.70500000,46.62000000,47.15000000,23269550.00000000,537898000,1.00000000,2.51450024,0,47.15000000,118.55868632,0.00790936,0.00790936
XLU,2026-04-10,"STATE STREET UTILITIES SELCT",126334,01,81369Y886,17,USD,47.06000000,47.45500000,46.86500000,46.96000000,15045370.00000000,542098000,1.00000000,2.51450024,0,46.96000000,118.08093127,-0.00402969,-0.00402969
XLU,2026-04-13,"STATE STREET UTILITIES SELCT",126334,01,81369Y886,17,USD,46.84000000,46.87850000,46.12000000,46.39000000,17791700.00000000,542298000,1.00000000,2.51450024,0,46.39000000,116.64766613,-0.01213799,-0.01213799
XLU,2026-04-14,"STATE STREET UTILITIES SELCT",126334,01,81369Y886,17,USD,46.40000000,46.56000000,45.90000000,46.47000000,25116770.00000000,541798000,1.00000000,2.51450024,0,46.47000000,116.84882615,0.00172451,0.00172451
XLU,2026-04-15,"STATE STREET UTILITIES SELCT",126334,01,81369Y886,17,USD,46.31000000,46.31500000,45.88000000,46.02000000,24839790.00000000,540748000,1.00000000,2.51450024,0,46.02000000,115.71730104,-0.00968367,-0.00968367
XLU,2026-04-16,"STATE STREET UTILITIES SELCT",126334,01,81369Y886,17,USD,46.00000000,46.37000000,45.83500000,46.35000000,26944160.00000000,538898000,1.00000000,2.51450024,0,46.35000000,116.54708612,0.00717080,0.00717080
XLU,2026-04-17,"STATE STREET UTILITIES SELCT",126334,01,81369Y886,17,USD,46.23000000,46.28000000,45.64000000,46.16000000,17600320.00000000,538898000,1.00000000,2.51450024,0,46.16000000,116.06933108,-0.00409924,-0.00409924
XLU,2026-04-20,"STATE STREET UTILITIES SELCT",126334,01,81369Y886,17,USD,46.12000000,46.33500000,45.65000000,45.75000000,14372200.00000000,538898000,1.00000000,2.51450024,0,45.75000000,115.03838598,-0.00888215,-0.00888215
XLU,2026-04-21,"STATE STREET UTILITIES SELCT",126334,01,81369Y886,17,USD,45.91000000,45.95000000,44.91000000,44.95000000,19593660.00000000,530648000,1.00000000,2.51450024,0,44.95000000,113.02678579,-0.01748634,-0.01748634
XLU,2026-04-22,"STATE STREET UTILITIES SELCT",126334,01,81369Y886,17,USD,45.34000000,45.62000000,44.71000000,44.87000000,21722430.00000000,527548000,1.00000000,2.51450024,0,44.87000000,112.82562577,-0.00177976,-0.00177976
XLU,2026-04-23,"STATE STREET UTILITIES SELCT",126334,01,81369Y886,17,USD,45.37000000,46.14000000,45.20000000,46.09000000,23860270.00000000,524498000,1.00000000,2.51450024,0,46.09000000,115.89331606,0.02718966,0.02718966
XLU,2026-04-24,"STATE STREET UTILITIES SELCT",126334,01,81369Y886,17,USD,46.03000000,46.30000000,45.74000000,46.18000000,24153930.00000000,522648000,1.00000000,2.51450024,0,46.18000000,116.11962108,0.00195270,0.00195270
XLU,2026-04-27,"STATE STREET UTILITIES SELCT",126334,01,81369Y886,17,USD,46.37000000,46.49500000,46.17000000,46.19000000,14539800.00000000,522648000,1.00000000,2.51450024,0,46.19000000,116.14476609,0.00021654,0.00021654
XLU,2026-04-28,"STATE STREET UTILITIES SELCT",126334,01,81369Y886,17,USD,46.44000000,46.52000000,46.04000000,46.25000000,13011980.00000000,514398000,1.00000000,2.51450024,0,46.25000000,116.29563610,0.00129898,0.00129898
XLU,2026-04-29,"STATE STREET UTILITIES SELCT",126334,01,81369Y886,17,USD,46.07000000,46.27000000,45.56000000,45.68000000,12640780.00000000,513448000,1.00000000,2.51450024,0,45.68000000,114.86237096,-0.01232432,-0.01232432
XLU,2026-04-30,"STATE STREET UTILITIES SELCT",126334,01,81369Y886,17,USD,45.85000000,46.89000000,45.85000000,46.85000000,22373460.00000000,513948000,1.00000000,2.51450024,0,46.85000000,117.80433624,0.02561296,0.02561296
XLU,2026-05-01,"STATE STREET UTILITIES SELCT",126334,01,81369Y886,17,USD,46.84000000,47.29600000,46.51500000,46.55000000,15499560.00000000,513498000,1.00000000,2.51450024,0,46.55000000,117.04998617,-0.00640342,-0.00640342
XLU,2026-05-04,"STATE STREET UTILITIES SELCT",126334,01,81369Y886,17,USD,46.26000000,46.85000000,46.09000000,46.37000000,18047180.00000000,515498000,1.00000000,2.51450024,0,46.37000000,116.59737613,-0.00386681,-0.00386681
XLU,2026-05-05,"STATE STREET UTILITIES SELCT",126334,01,81369Y886,17,USD,46.53000000,46.82000000,46.36000000,46.37000000,17490140.00000000,515498000,1.00000000,2.51450024,0,46.37000000,116.59737613,0.00000000,0.00000000
XLU,2026-05-06,"STATE STREET UTILITIES SELCT",126334,01,81369Y886,17,USD,46.28000000,46.38000000,45.64010000,45.71000000,26309370.00000000,510498000,1.00000000,2.51450024,0,45.71000000,114.93780597,-0.01423334,-0.01423334
XLU,2026-05-07,"STATE STREET UTILITIES SELCT",126334,01,81369Y886,17,USD,45.62000000,45.68000000,45.00000000,45.12000000,23486730.00000000,510498000,1.00000000,2.51450024,0,45.12000000,113.45425083,-0.01290746,-0.01290746
XLU,2026-05-08,"STATE STREET UTILITIES SELCT",126334,01,81369Y886,17,USD,45.36000000,45.51000000,44.69000000,44.72000000,18150140.00000000,509698000,1.00000000,2.51450024,0,44.72000000,112.44845073,-0.00886525,-0.00886525
XLU,2026-05-11,"STATE STREET UTILITIES SELCT",126334,01,81369Y886,17,USD,45.09500000,45.30500000,44.83000000,45.14000000,22665690.00000000,508348000,1.00000000,2.51450024,0,45.14000000,113.50454083,0.00939177,0.00939177
XLU,2026-05-12,"STATE STREET UTILITIES SELCT",126334,01,81369Y886,17,USD,45.06000000,45.37990000,44.80000000,45.19000000,28230510.00000000,507948000,1.00000000,2.51450024,0,45.19000000,113.63026585,0.00110767,0.00110767
XLU,2026-05-13,"STATE STREET UTILITIES SELCT",126334,01,81369Y886,17,USD,44.80000000,44.81530000,44.36000000,44.67000000,27257670.00000000,504748000,1.00000000,2.51450024,0,44.67000000,112.32272572,-0.01150697,-0.01150697
XLU,2026-05-14,"STATE STREET UTILITIES SELCT",126334,01,81369Y886,17,USD,44.63000000,44.92000000,44.54500000,44.90000000,18456240.00000000,503348000,1.00000000,2.51450024,0,44.90000000,112.90106078,0.00514887,0.00514887
XLU,2026-05-15,"STATE STREET UTILITIES SELCT",126334,01,81369Y886,17,USD,44.71000000,44.76500000,43.82500000,43.87000000,21853190.00000000,504848000,1.00000000,2.51450024,0,43.87000000,110.31112553,-0.02293987,-0.02293987
XLU,2026-05-18,"STATE STREET UTILITIES SELCT",126334,01,81369Y886,17,USD,44.07000000,44.21000000,43.52500000,43.94000000,31525170.00000000,510548000,1.00000000,2.51450024,0,43.94000000,110.48714055,0.00159562,0.00159562
XLU,2026-05-19,"STATE STREET UTILITIES SELCT",126334,01,81369Y886,17,USD,43.82000000,44.41000000,43.62000000,44.34000000,22300490.00000000,506948000,1.00000000,2.51450024,0,44.34000000,111.49294064,0.00910332,0.00910332
XLU,2026-05-20,"STATE STREET UTILITIES SELCT",126334,01,81369Y886,17,USD,44.66000000,44.85500000,44.41000000,44.51000000,17582160.00000000,504798000,1.00000000,2.51450024,0,44.51000000,111.92040568,0.00383401,0.00383401
XLU,2026-05-21,"STATE STREET UTILITIES SELCT",126334,01,81369Y886,17,USD,44.55000000,45.01000000,44.43500000,45.00000000,18774970.00000000,505098000,1.00000000,2.51450024,0,45.00000000,113.15251080,0.01100876,0.01100876
XLU,2026-05-22,"STATE STREET UTILITIES SELCT",126334,01,81369Y886,17,USD,45.06000000,45.44000000,44.92000000,45.35000000,15170600.00000000,500598000,1.00000000,2.51450024,0,45.35000000,114.03258588,0.00777778,0.00777778
XLU,2026-05-26,"STATE STREET UTILITIES SELCT",126334,01,81369Y886,17,USD,45.58500000,45.63500000,45.33000000,45.33000000,13737890.00000000,500298000,1.00000000,2.51450024,0,45.33000000,113.98229588,-0.00044101,-0.00044101
XLU,2026-05-27,"STATE STREET UTILITIES SELCT",126334,01,81369Y886,17,USD,45.25000000,45.36500000,44.94500000,45.14000000,16867700.00000000,500298000,1.00000000,2.51450024,0,45.14000000,113.50454083,-0.00419148,-0.00419148
XLU,2026-05-28,"STATE STREET UTILITIES SELCT",126334,01,81369Y886,17,USD,45.03000000,45.27000000,44.58000000,44.63000000,19380760.00000000,502148000,1.00000000,2.51450024,0,44.63000000,112.22214571,-0.01129818,-0.01129818
XLU,2026-05-29,"STATE STREET UTILITIES SELCT",126334,01,81369Y886,17,USD,44.67000000,44.71500000,44.25000000,44.42000000,23045860.00000000,503148000,1.00000000,2.51450024,0,44.42000000,111.69410066,-0.00470536,-0.00470536
XLU,2026-06-01,"STATE STREET UTILITIES SELCT",126334,01,81369Y886,17,USD,43.90000000,43.96000000,43.07000000,43.10000000,31193510.00000000,503848000,1.00000000,2.51450024,0,43.10000000,108.37496034,-0.02971634,-0.02971634
XLU,2026-06-02,"STATE STREET UTILITIES SELCT",126334,01,81369Y886,17,USD,43.21000000,43.96000000,43.17500000,43.90000000,27358830.00000000,503748000,1.00000000,2.51450024,0,43.90000000,110.38656054,0.01856148,0.01856148
XLU,2026-06-03,"STATE STREET UTILITIES SELCT",126334,01,81369Y886,17,USD,43.96000000,44.48000000,43.67500000,43.71000000,21923970.00000000,505398000,1.00000000,2.51450024,0,43.71000000,109.90880549,-0.00432802,-0.00432802
XLU,2026-06-04,"STATE STREET UTILITIES SELCT",126334,01,81369Y886,17,USD,43.87000000,44.11000000,43.34000000,43.94000000,18212720.00000000,512398000,1.00000000,2.51450024,0,43.94000000,110.48714055,0.00526195,0.00526195
XLU,2026-06-05,"STATE STREET UTILITIES SELCT",126334,01,81369Y886,17,USD,44.04000000,44.62000000,43.96500000,44.35000000,21346780.00000000,508498000,1.00000000,2.51450024,0,44.35000000,111.51808564,0.00933091,0.00933091
XLU,2026-06-08,"STATE STREET UTILITIES SELCT",126334,01,81369Y886,17,USD,44.32000000,44.37500000,43.47000000,43.52000000,20833110.00000000,506098000,1.00000000,2.51450024,0,43.52000000,109.43105044,-0.01871477,-0.01871477
XLU,2026-06-09,"STATE STREET UTILITIES SELCT",126334,01,81369Y886,17,USD,43.64000000,44.08000000,43.46500000,43.98000000,20418690.00000000,506048000,1.00000000,2.51450024,0,43.98000000,110.58772056,0.01056985,0.01056985
XLU,2026-06-10,"STATE STREET UTILITIES SELCT",126334,01,81369Y886,17,USD,44.22000000,44.28000000,43.79000000,44.00000000,17772180.00000000,506698000,1.00000000,2.51450024,0,44.00000000,110.63801056,0.00045475,0.00045475
XLU,2026-06-11,"STATE STREET UTILITIES SELCT",126334,01,81369Y886,17,USD,44.22000000,44.52000000,44.01000000,44.05000000,19142250.00000000,506548000,1.00000000,2.51450024,0,44.05000000,110.76373557,0.00113636,0.00113636
XLU,2026-06-12,"STATE STREET UTILITIES SELCT",126334,01,81369Y886,17,USD,44.19000000,44.61000000,44.18750000,44.53000000,17941330.00000000,510498000,1.00000000,2.51450024,0,44.53000000,111.97069569,0.01089671,0.01089671
XLU,2026-06-15,"STATE STREET UTILITIES SELCT",126334,01,81369Y886,17,USD,44.48000000,44.99990000,44.19000000,44.74000000,18435540.00000000,511648000,1.00000000,2.51450024,0,44.74000000,112.49874074,0.00471592,0.00471592
XLU,2026-06-16,"STATE STREET UTILITIES SELCT",126334,01,81369Y886,17,USD,44.84000000,45.50000000,44.76000000,45.06000000,16339330.00000000,508898000,1.00000000,2.51450024,0,45.06000000,113.30338081,0.00715244,0.00715244
XLU,2026-06-17,"STATE STREET UTILITIES SELCT",126334,01,81369Y886,17,USD,44.82000000,45.17000000,44.24000000,44.46000000,22158930.00000000,508598000,1.00000000,2.51450024,0,44.46000000,111.79468067,-0.01331558,-0.01331558
XLU,2026-06-18,"STATE STREET UTILITIES SELCT",126334,01,81369Y886,17,USD,44.60000000,45.34000000,44.53000000,44.76000000,36823500.00000000,505598000,1.00000000,2.51450024,0,44.76000000,112.54903074,0.00674764,0.00674764
XLU,2026-06-22,"STATE STREET UTILITIES SELCT",126334,01,81369Y886,17,USD,44.48000000,44.96500000,44.43000000,44.72000000,21851690.00000000,506448000,1.00000000,2.53049138,0,44.72000000,113.16357451,-0.00089366,0.00546023
XLU,2026-06-23,"STATE STREET UTILITIES SELCT",126334,01,81369Y886,17,USD,44.75000000,45.20000000,44.46000000,45.07000000,22051880.00000000,509548000,1.00000000,2.53049138,0,45.07000000,114.04924650,0.00782648,0.00782648
XLU,2026-06-24,"STATE STREET UTILITIES SELCT",126334,01,81369Y886,17,USD,45.29000000,45.60000000,45.08500000,45.54000000,18846720.00000000,508448000,1.00000000,2.53049138,0,45.54000000,115.23857745,0.01042822,0.01042822
XLU,2026-06-25,"STATE STREET UTILITIES SELCT",126334,01,81369Y886,17,USD,45.66000000,46.18500000,45.49500000,45.85000000,19231710.00000000,511398000,1.00000000,2.53049138,0,45.85000000,116.02302977,0.00680720,0.00680720
XLU,2026-06-26,"STATE STREET UTILITIES SELCT",126334,01,81369Y886,17,USD,46.00000000,46.23000000,45.88500000,46.20000000,18966640.00000000,512698000,1.00000000,2.53049138,0,46.20000000,116.90870176,0.00763359,0.00763359
XLU,2026-06-29,"STATE STREET UTILITIES SELCT",126334,01,81369Y886,17,USD,46.20000000,46.31000000,45.77000000,46.02000000,17692750.00000000,514998000,1.00000000,2.53049138,0,46.02000000,116.45321331,-0.00389610,-0.00389610
XLU,2026-06-30,"STATE STREET UTILITIES SELCT",126334,01,81369Y886,17,USD,45.86000000,45.94500000,45.32000000,45.34000000,18901170.00000000,509698000,1.00000000,2.53049138,0,45.34000000,114.73247917,-0.01477618,-0.01477618
XLU,2026-07-01,"STATE STREET UTILITIES SELCT",126334,01,81369Y886,17,USD,45.24000000,45.36000000,44.64000000,44.77000000,29393080.00000000,511748000,1.00000000,2.53049138,0,44.77000000,113.29009908,-0.01257168,-0.01257168
XLU,2026-07-02,"STATE STREET UTILITIES SELCT",126334,01,81369Y886,17,USD,45.03000000,45.80000000,45.00000000,45.76000000,24231630.00000000,517648000,1.00000000,2.53049138,0,45.76000000,115.79528555,0.02211302,0.02211302
XLU,2026-07-06,"STATE STREET UTILITIES SELCT",126334,01,81369Y886,17,USD,45.71000000,45.82500000,45.11010000,45.30000000,19172020.00000000,518348000,1.00000000,2.53049138,0,45.30000000,114.63125951,-0.01005245,-0.01005245
XLU,2026-07-07,"STATE STREET UTILITIES SELCT",126334,01,81369Y886,17,USD,45.63000000,46.32000000,45.53000000,45.70000000,18847120.00000000,519698000,1.00000000,2.53049138,0,45.70000000,115.64345607,0.00883002,0.00883002
XLU,2026-07-08,"STATE STREET UTILITIES SELCT",126334,01,81369Y886,17,USD,45.74000000,45.82000000,45.31000000,45.36000000,14861270.00000000,521298000,1.00000000,2.53049138,0,45.36000000,114.78308900,-0.00743982,-0.00743982
XLU,2026-07-09,"STATE STREET UTILITIES SELCT",126334,01,81369Y886,17,USD,45.55500000,45.66000000,45.04000000,45.13000000,19662060.00000000,521048000,1.00000000,2.53049138,0,45.13000000,114.20107598,-0.00507055,-0.00507055
XLU,2026-07-10,"STATE STREET UTILITIES SELCT",126334,01,81369Y886,17,USD,45.12000000,45.48000000,45.09000000,45.41000000,13943130.00000000,520348000,1.00000000,2.53049138,0,45.41000000,114.90961357,0.00620430,0.00620430
XLU,2026-07-13,"STATE STREET UTILITIES SELCT",126334,01,81369Y886,17,USD,45.45000000,45.87750000,45.43000000,45.72000000,15724210.00000000,519798000,1.00000000,2.53049138,0,45.72000000,115.69406589,0.00682669,0.00682669
XLU,2026-07-14,"STATE STREET UTILITIES SELCT",126334,01,81369Y886,17,USD,45.93000000,46.28000000,45.56000000,45.69000000,17386840.00000000,517998000,1.00000000,2.53049138,0,45.69000000,115.61815115,-0.00065617,-0.00065617
XLU,2026-07-15,"STATE STREET UTILITIES SELCT",126334,01,81369Y886,17,USD,45.73000000,45.94500000,45.16500000,45.22000000,15906990.00000000,517998000,1.00000000,2.53049138,0,45.22000000,114.42882020,-0.01028671,-0.01028671
XLU,2026-07-16,"STATE STREET UTILITIES SELCT",126334,01,81369Y886,17,USD,45.24000000,45.62000000,45.12000000,45.47000000,15612610.00000000,519648000,1.00000000,2.53049138,0,45.47000000,115.06144305,0.00552853,0.00552853
XLU,2026-07-17,"STATE STREET UTILITIES SELCT",126334,01,81369Y886,17,USD,45.90000000,46.15000000,45.05500000,45.17000000,20920810.00000000,519098000,1.00000000,2.53049138,0,45.17000000,114.30229563,-0.00659776,-0.00659776
XLU,2026-07-20,"STATE STREET UTILITIES SELCT",126334,01,81369Y886,17,USD,45.32500000,45.66000000,44.81000000,44.94000000,17827990.00000000,518198000,1.00000000,2.53049138,0,44.94000000,113.72028262,-0.00509188,-0.00509188
XLU,2026-07-21,"STATE STREET UTILITIES SELCT",126334,01,81369Y886,17,USD,44.87000000,45.04000000,44.64000000,44.92000000,15879200.00000000,516098000,1.00000000,2.53049138,0,44.92000000,113.66967279,-0.00044504,-0.00044504
XLU,2026-07-22,"STATE STREET UTILITIES SELCT",126334,01,81369Y886,17,USD,45.27000000,45.98500000,45.21000000,45.93000000,18361310.00000000,514598000,1.00000000,2.53049138,0,45.93000000,116.22546908,0.02248442,0.02248442
XLU,2026-07-23,"STATE STREET UTILITIES SELCT",126334,01,81369Y886,17,USD,45.65000000,46.32790000,45.60000000,46.19000000,13695330.00000000,514648000,1.00000000,2.53049138,0,46.19000000,116.88339684,0.00566079,0.00566079
XLU,2026-07-24,"STATE STREET UTILITIES SELCT",126334,01,81369Y886,17,USD,46.40000000,46.62500000,46.10000000,46.29000000,16104900.00000000,514498000,1.00000000,2.53049138,0,46.29000000,117.13644598,0.00216497,0.00216497
XLU,2026-07-27,"STATE STREET UTILITIES SELCT",126334,01,81369Y886,17,USD,46.12500000,46.28000000,45.56000000,45.68000000,16609030.00000000,515598000,1.00000000,2.53049138,0,45.68000000,115.59284624,-0.01317779,-0.01317779
XLU,2026-07-28,"STATE STREET UTILITIES SELCT",126334,01,81369Y886,17,USD,45.86000000,46.42510000,45.50000000,45.52000000,16411860.00000000,515498000,1.00000000,2.53049138,0,45.52000000,115.18796762,-0.00350263,-0.00350263
XLU,2026-07-29,"STATE STREET UTILITIES SELCT",126334,01,81369Y886,17,USD,45.76000000,45.79970000,44.73000000,44.91000000,23605900.00000000,517998000,1.00000000,2.53049138,0,44.91000000,113.64436788,-0.01340070,-0.01340070
XLU,2026-07-30,"STATE STREET UTILITIES SELCT",126334,01,81369Y886,17,USD,45.19500000,45.23500000,44.36000000,44.66000000,23425340.00000000,516798000,1.00000000,2.53049138,0,44.66000000,113.01174503,-0.00556669,-0.00556669
XLU,2026-07-31,"STATE STREET UTILITIES SELCT",126334,01,81369Y886,17,USD,44.61000000,44.74000000,44.30500000,44.35000000,20763050.00000000,520298000,1.00000000,2.53049138,0,44.35000000,112.22729270,-0.00694133,-0.00694133
XLU,2026-08-03,"STATE STREET UTILITIES SELCT",126334,01,81369Y886,17,USD,44.24000000,44.66000000,43.94000000,44.36000000,25861310.00000000,520448000,1.00000000,2.53049138,0,44.36000000,112.25259762,0.00022548,0.00022548
XLU,2026-08-04,"STATE STREET UTILITIES SELCT",126334,01,81369Y886,17,USD,44.25000000,44.29000000,43.58500000,44.11000000,26763070.00000000,520998000,1.00000000,2.53049138,0,44.11000000,111.61997477,-0.00563571,-0.00563571
XLU,2026-08-05,"STATE STREET UTILITIES SELCT",126334,01,81369Y886,17,USD,44.10000000,44.13000000,43.28500000,43.66000000,26039590.00000000,520898000,1.00000000,2.53049138,0,43.66000000,110.48125365,-0.01020177,-0.01020177
XLU,2026-08-06,"STATE STREET UTILITIES SELCT",126334,01,81369Y886,17,USD,44.15000000,44.27000000,43.15500000,43.38000000,27002910.00000000,519498000,1.00000000,2.53049138,0,43.38000000,109.77271606,-0.00641319,-0.00641319
XLU,2026-08-07,"STATE STREET UTILITIES SELCT",126334,01,81369Y886,17,USD,43.20000000,43.86530000,42.94500000,43.61000000,18690940.00000000,520398000,1.00000000,2.53049138,0,43.61000000,110.35472908,0.00530198,0.00530198
XLU,2026-08-10,"STATE STREET UTILITIES SELCT",126334,01,81369Y886,17,USD,43.43000000,43.52000000,43.05500000,43.13000000,25434590.00000000,520398000,1.00000000,2.53049138,0,43.13000000,109.14009322,-0.01100665,-0.01100665
XLU,2026-08-11,"STATE STREET UTILITIES SELCT",126334,01,81369Y886,17,USD,43.13000000,43.71000000,43.08000000,43.63000000,19663360.00000000,518598000,1.00000000,2.53049138,0,43.63000000,110.40533891,0.01159286,0.01159286
XLU,2026-08-12,"STATE STREET UTILITIES SELCT",126334,01,81369Y886,17,USD,43.76000000,43.96000000,43.64000000,43.84000000,15973740.00000000,518448000,1.00000000,2.53049138,0,43.84000000,110.93674210,0.00481320,0.00481320
XLU,2026-08-13,"STATE STREET UTILITIES SELCT",126334,01,81369Y886,17,USD,43.89000000,44.19500000,43.88000000,44.04000000,17854020.00000000,517948000,1.00000000,2.53049138,0,44.04000000,111.44284038,0.00456204,0.00456204
XLU,2026-08-14,"STATE STREET UTILITIES SELCT",126334,01,81369Y886,17,USD,44.01000000,44.41000000,43.97500000,44.31000000,17141360.00000000,517748000,1.00000000,2.53049138,0,44.31000000,112.12607305,0.00613079,0.00613079
XLU,2026-08-17,"STATE STREET UTILITIES SELCT",126334,01,81369Y886,17,USD,44.20000000,44.25000000,43.82000000,44.18000000,16374740.00000000,516248000,1.00000000,2.53049138,0,44.18000000,111.79710917,-0.00293387,-0.00293387
XLU,2026-08-18,"STATE STREET UTILITIES SELCT",126334,01,81369Y886,17,USD,44.53000000,44.65010000,43.95000000,44.02000000,19421900.00000000,516998000,1.00000000,2.53049138,0,44.02000000,111.39223055,-0.00362155,-0.00362155
XLU,2026-08-19,"STATE STREET UTILITIES SELCT",126334,01,81369Y886,17,USD,44.26000000,44.38000000,43.80000000,44.02000000,15809890.00000000,514698000,1.00000000,2.53049138,0,44.02000000,111.39223055,0.00000000,0.00000000
XLU,2026-08-20,"STATE STREET UTILITIES SELCT",126334,01,81369Y886,17,USD,43.83000000,44.26000000,43.75000000,43.77000000,17073010.00000000,513648000,1.00000000,2.53049138,0,43.77000000,110.75960770,-0.00567924,-0.00567924
XLU,2026-08-21,"STATE STREET UTILITIES SELCT",126334,01,81369Y886,17,USD,43.90000000,43.96000000,42.75000000,42.77000000,22047210.00000000,514248000,1.00000000,2.53049138,0,42.77000000,108.22911632,-0.02284670,-0.02284670
XLU,2026-08-24,"STATE STREET UTILITIES SELCT",126334,01,81369Y886,17,USD,42.87000000,43.26000000,42.70000000,43.22000000,20030860.00000000,514248000,1.00000000,2.53049138,0,43.22000000,109.36783744,0.01052139,0.01052139
XLU,2026-08-25,"STATE STREET UTILITIES SELCT",126334,01,81369Y886,17,USD,43.24000000,43.48000000,43.07000000,43.31000000,13429800.00000000,515198000,1.00000000,2.53049138,0,43.31000000,109.59558167,0.00208237,0.00208237
XLU,2026-08-26,"STATE STREET UTILITIES SELCT",126334,01,81369Y886,17,USD,43.31000000,43.70500000,43.27500000,43.51000000,12237560.00000000,515748000,1.00000000,2.53049138,0,43.51000000,110.10167994,0.00461787,0.00461787
XLU,2026-08-27,"STATE STREET UTILITIES SELCT",126334,01,81369Y886,17,USD,43.22000000,43.33000000,42.92000000,43.18000000,16028650.00000000,515748000,1.00000000,2.53049138,0,43.18000000,109.26661779,-0.00758446,-0.00758446
XLU,2026-08-28,"STATE STREET UTILITIES SELCT",126334,01,81369Y886,17,USD,43.34000000,43.38000000,42.56010000,42.73000000,20360210.00000000,515748000,1.00000000,2.53049138,0,42.73000000,108.12789667,-0.01042149,-0.01042149
XLU,2026-08-31,"STATE STREET UTILITIES SELCT",126334,01,81369Y886,17,USD,42.00000000,42.39500000,41.86000000,42.23000000,31621770.00000000,515298000,1.00000000,2.53049138,0,42.23000000,106.86265098,-0.01170138,-0.01170138
XLU,2026-09-01,"STATE STREET UTILITIES SELCT",126334,01,81369Y886,17,USD,42.30000000,42.61000000,42.09000000,42.56000000,30614380.00000000,517298000,1.00000000,2.53049138,0,42.56000000,107.69771313,0.00781435,0.00781435
XLU,2026-09-02,"STATE STREET UTILITIES SELCT",126334,01,81369Y886,17,USD,42.40000000,42.71000000,42.02000000,42.67000000,29758950.00000000,518898000,1.00000000,2.53049138,0,42.67000000,107.97606718,0.00258459,0.00258459
XLU,2026-09-03,"STATE STREET UTILITIES SELCT",126334,01,81369Y886,17,USD,42.82000000,43.13000000,42.77000000,43.03000000,22875530.00000000,520148000,1.00000000,2.53049138,0,43.03000000,108.88704408,0.00843684,0.00843684
XLU,2026-09-04,"STATE STREET UTILITIES SELCT",126334,01,81369Y886,17,USD,42.77000000,43.23000000,42.75000000,43.08000000,18855720.00000000,519198000,1.00000000,2.53049138,0,43.08000000,109.01356865,0.00116198,0.00116198
XLU,2026-09-08,"STATE STREET UTILITIES SELCT",126334,01,81369Y886,17,USD,43.05000000,43.70570000,43.03500000,43.45000000,19710790.00000000,518548000,1.00000000,2.53049138,0,43.45000000,109.94985046,0.00858867,0.00858867
XLU,2026-09-09,"STATE STREET UTILITIES SELCT",126334,01,81369Y886,17,USD,43.40000000,43.53000000,42.82500000,42.94000000,16901060.00000000,519148000,1.00000000,2.53049138,0,42.94000000,108.65929986,-0.01173763,-0.01173763
XLU,2026-09-10,"STATE STREET UTILITIES SELCT",126334,01,81369Y886,17,USD,42.99000000,43.25000000,42.51000000,42.52000000,20610230.00000000,519148000,1.00000000,2.53049138,0,42.52000000,107.59649348,-0.00978109,-0.00978109
XLU,2026-09-11,"STATE STREET UTILITIES SELCT",126334,01,81369Y886,17,USD,42.89000000,42.96000000,42.31000000,42.39000000,15172890.00000000,519098000,1.00000000,2.53049138,0,42.39000000,107.26752960,-0.00305738,-0.00305738
XLU,2026-09-14,"STATE STREET UTILITIES SELCT",126334,01,81369Y886,17,USD,42.38000000,42.44000000,41.75000000,41.82000000,23580770.00000000,519598000,1.00000000,2.53049138,0,41.82000000,105.82514951,-0.01344657,-0.01344657
XLU,2026-09-15,"STATE STREET UTILITIES SELCT",126334,01,81369Y886,17,USD,41.92000000,41.95000000,41.29000000,41.32000000,24209660.00000000,520898000,1.00000000,2.53049138,0,41.32000000,104.55990382,-0.01195600,-0.01195600
XLU,2026-09-16,"STATE STREET UTILITIES SELCT",126334,01,81369Y886,17,USD,41.63000000,41.66000000,41.15000000,41.32000000,23553420.00000000,520848000,1.00000000,2.53049138,0,41.32000000,104.55990382,0.00000000,0.00000000
XLU,2026-09-17,"STATE STREET UTILITIES SELCT",126334,01,81369Y886,17,USD,41.50000000,41.75500000,41.32000000,41.69000000,20994900.00000000,517198000,1.00000000,2.53049138,0,41.69000000,105.49618563,0.00895450,0.00895450
XLU,2026-09-18,"STATE STREET UTILITIES SELCT",126334,01,81369Y886,17,USD,41.37500000,41.50000000,41.08000000,41.10000000,22468570.00000000,514648000,1.00000000,2.53049138,0,41.10000000,104.00319572,-0.01415207,-0.01415207
XLK,2026-03-20,"STATE STREET TECHNO SPDR ETF",126354,01,81369Y803,17,USD,137.98000000,137.98000000,134.32240000,135.29000000,27226580.00000000,633462000,1.00000000,1.342233,0,135.29000000,181.59070257,,
XLK,2026-03-23,"STATE STREET TECHNO SPDR ETF",126354,01,81369Y803,17,USD,137.50000000,139.20000000,136.22000000,136.95000000,21717640.00000000,632812000,1.00000000,1.34387465,0,136.95000000,184.04363332,0.01226994,0.01350802
XLK,2026-03-24,"STATE STREET TECHNO SPDR ETF",126354,01,81369Y803,17,USD,136.05000000,136.92000000,134.87000000,136.15000000,16807520.00000000,631362000,1.00000000,1.34387465,0,136.15000000,182.96853360,-0.00584155,-0.00584155
XLK,2026-03-25,"STATE STREET TECHNO SPDR ETF",126354,01,81369Y803,17,USD,137.29000000,137.99500000,136.28000000,136.76000000,13847690.00000000,631112000,1.00000000,1.34387465,0,136.76000000,183.78829713,0.00448035,0.00448035
XLK,2026-03-26,"STATE STREET TECHNO SPDR ETF",126354,01,81369Y803,17,USD,135.18000000,135.52000000,132.42000000,132.50000000,15430920.00000000,631112000,1.00000000,1.34387465,0,132.50000000,178.06339113,-0.03114946,-0.03114946
XLK,2026-03-27,"STATE STREET TECHNO SPDR ETF",126354,01,81369Y803,17,USD,131.53000000,132.04500000,129.57500000,129.92000000,15883040.00000000,632462000,1.00000000,1.34387465,0,129.92000000,174.59619453,-0.01947170,-0.01947170
XLK,2026-03-30,"STATE STREET TECHNO SPDR ETF",126354,01,81369Y803,17,USD,131.27000000,131.55000000,126.68000000,127.50000000,18786220.00000000,632412000,1.00000000,1.34387465,0,127.50000000,171.34401788,-0.01862685,-0.01862685
XLK,2026-03-31,"STATE STREET TECHNO SPDR ETF",126354,01,81369Y803,17,USD,129.15000000,133.21500000,128.98000000,132.90000000,19354090.00000000,633262000,1.00000000,1.34387465,0,132.90000000,178.60094099,0.04235294,0.04235294
XLK,2026-04-01,"STATE STREET TECHNO SPDR ETF",126354,01,81369Y803,17,USD,134.11500000,136.04500000,133.76000000,134.91000000,17043640.00000000,633562000,1.00000000,1.34387465,0,134.91000000,181.30212903,0.01512415,0.01512415
XLK,2026-04-02,"STATE STREET TECHNO SPDR ETF",126354,01,81369Y803,17,USD,131.90500000,136.04000000,131.35460000,135.99000000,12245760.00000000,634312000,1.00000000,1.34387465,0,135.99000000,182.75351365,0.00800534,0.00800534
XLK,2026-04-06,"STATE STREET TECHNO SPDR ETF",126354,01,81369Y803,17,USD,136.48000000,137.25000000,135.71000000,136.78000000,10121570.00000000,635612000,1.00000000,1.34387465,0,136.78000000,183.81517463,0.00580925,0.00580925
XLK,2026-04-07,"STATE STREET TECHNO SPDR ETF",126354,01,81369Y803,17,USD,136.17000000,137.49000000,134.11000000,137.43000000,8369057.00000000,636362000,1.00000000,1.34387465,0,137.43000000,184.68869315,0.00475216,0.00475216
XLK,2026-04-08,"STATE STREET TECHNO SPDR ETF",126354,01,81369Y803,17,USD,143.13000000,143.56000000,140.73500000,141.69000000,13322040.00000000,637312000,1.00000000,1.34387465,0,141.69000000,190.41359916,0.03099760,0.03099760
XLK,2026-04-09,"STATE STREET TECHNO SPDR ETF",126354,01,81369Y803,17,USD,141.76000000,142.18500000,140.35000000,142.07000000,8220834.00000000,638912000,1.00000000,1.34387465,0,142.07000000,190.92427153,0.00268191,0.00268191
XLK,2026-04-10,"STATE STREET TECHNO SPDR ETF",126354,01,81369Y803,17,USD,142.50000000,143.56000000,141.92010000,142.62000000,9308909.00000000,640012000,1.00000000,1.34387465,0,142.62000000,191.66340258,0.00387133,0.00387133
XLK,2026-04-13,"STATE STREET TECHNO SPDR ETF",126354,01,81369Y803,17,USD,142.33000000,145.67000000,142.13070000,145.61000000,10384360.00000000,638812000,1.00000000,1.34387465,0,145.61000000,195.68158779,0.02096480,0.02096480
XLK,2026-04-14,"STATE STREET TECHNO SPDR ETF",126354,01,81369Y803,17,USD,146.90000000,147.94000000,146.08000000,147.94000000,10164560.00000000,638912000,1.00000000,1.34387465,0,147.94000000,198.81281572,0.01600165,0.01600165
XLK,2026-04-15,"STATE STREET TECHNO SPDR ETF",126354,01,81369Y803,17,USD,148.27000000,150.37000000,147.96000000,150.30000000,10594680.00000000,639012000,1.00000000,1.34387465,0,150.30000000,201.98435990,0.01595241,0.01595241
XLK,2026-04-16,"STATE STREET TECHNO SPDR ETF",126354,01,81369Y803,17,USD,150.99000000,152.17980000,149.74500000,152.02000000,11770470.00000000,638812000,1.00000000,1.34387465,0,152.02000000,204.29582429,0.01144378,0.01144378
XLK,2026-04-17,"STATE STREET TECHNO SPDR ETF",126354,01,81369Y803,17,USD,154.06000000,154.80500000,153.51000000,154.35000000,10627490.00000000,638812000,1.00000000,1.34387465,0,154.35000000,207.42705223,0.01532693,0.01532693
XLK,2026-04-20,"STATE STREET TECHNO SPDR ETF",126354,01,81369Y803,17,USD,154.30000000,154.75000000,153.03500000,154.56000000,8123822.00000000,643762000,1.00000000,1.34387465,0,154.56000000,207.70926590,0.00136054,0.00136054
XLK,2026-04-21,"STATE STREET TECHNO SPDR ETF",126354,01,81369Y803,17,USD,155.00000000,156.07000000,154.15000000,154.69000000,12641650.00000000,644562000,1.00000000,1.34387465,0,154.69000000,207.88396961,0.00084110,0.00084110
XLK,2026-04-22,"STATE STREET TECHNO SPDR ETF",126354,01,81369Y803,17,USD,156.22000000,158.16000000,155.52000000,158.09000000,13825690.00000000,648912000,1.00000000,1.34387465,0,158.09000000,212.45314342,0.02197944,0.02197944
XLK,2026-04-23,"STATE STREET TECHNO SPDR ETF",126354,01,81369Y803,17,USD,156.77000000,157.79500000,153.95000000,155.84000000,12138330.00000000,653262000,1.00000000,1.34387465,0,155.84000000,209.42942546,-0.01423240,-0.01423240
XLK,2026-04-24,"STATE STREET TECHNO SPDR ETF",126354,01,81369Y803,17,USD,158.43000000,160.40000000,157.60000000,160.22000000,11051530.00000000,650962000,1.00000000,1.34387465,0,160.22000000,215.31559642,0.02810575,0.02810575
XLK,2026-04-27,"STATE STREET TECHNO SPDR ETF",126354,01,81369Y803,17,USD,160.02000000,160.62000000,158.81000000,160.57000000,8955389.00000000,647812000,1.00000000,1.34387465,0,160.57000000,215.78595255,0.00218450,0.00218450
XLK,2026-04-28,"STATE STREET TECHNO SPDR ETF",126354,01,81369Y803,17,USD,157.11000000,158.64000000,156.16000000,157.85000000,9229484.00000000,647812000,1.00000000,1.34387465,0,157.85000000,212.13061350,-0.01693965,-0.01693965
XLK,2026-04-29,"STATE STREET TECHNO SPDR ETF",126354,01,81369Y803,17,USD,158.83000000,159.15000000,157.75000000,159.11000000,7460311.00000000,648612000,1.00000000,1.34387465,0,159.11000000,213.82389556,0.00798226,0.00798226
XLK,2026-04-30,"STATE STREET TECHNO SPDR ETF",126354,01,81369Y803,17,USD,159.65000000,159.80000000,156.88000000,159.50000000,9271096.00000000,648262000,1.00000000,1.34387465,0,159.50000000,214.34800668,0.00245113,0.00245113
XLK,2026-05-01,"STATE STREET TECHNO SPDR ETF",126354,01,81369Y803,17,USD,160.39000000,162.28500000,160.14000000,161.87000000,10157870.00000000,648062000,1.00000000,1.34387465,0,161.87000000,217.53298960,0.01485893,0.01485893
XLK,2026-05-04,"STATE STREET TECHNO SPDR ETF",126354,01,81369Y803,17,USD,162.70500000,163.24000000,160.88000000,162.05000000,10736180.00000000,648812000,1.00000000,1.34387465,0,162.05000000,217.77488703,0.00111200,0.00111200
XLK,2026-05-05,"STATE STREET TECHNO SPDR ETF",126354,01,81369Y803,17,USD,163.87000000,166.02000000,163.52000000,165.63000000,9781161.00000000,648812000,1.00000000,1.34387465,0,165.63000000,222.58595828,0.02209195,0.02209195
XLK,2026-05-06,"STATE STREET TECHNO SPDR ETF",126354,01,81369Y803,17,USD,167.88000000,170.08000000,166.84000000,170.03000000,11290500.00000000,650262000,1.00000000,1.34387465,0,170.03000000,228.49900674,0.02656524,0.02656524
XLK,2026-05-07,"STATE STREET TECHNO SPDR ETF",126354,01,81369Y803,17,USD,170.26000000,171.95000000,168.70000000,169.69000000,10999210.00000000,650262000,1.00000000,1.34387465,0,169.69000000,228.04208936,-0.00199965,-0.00199965
XLK,2026-05-08,"STATE STREET TECHNO SPDR ETF",126354,01,81369Y803,17,USD,171.59000000,175.60000000,171.30000000,175.52000000,11207820.00000000,652212000,1.00000000,1.34387465,0,175.52000000,235.87687857,0.03435677,0.03435677
XLK,2026-05-11,"STATE STREET TECHNO SPDR ETF",126354,01,81369Y803,17,USD,176.15000000,178.30000000,175.87000000,177.88000000,10442950.00000000,653212000,1.00000000,1.34387465,0,177.88000000,239.04842274,0.01344576,0.01344576
XLK,2026-05-12,"STATE STREET TECHNO SPDR ETF",126354,01,81369Y803,17,USD,176.15000000,176.99000000,171.19500000,175.20000000,15941180.00000000,653462000,1.00000000,1.34387465,0,175.20000000,235.44683868,-0.01506634,-0.01506634
XLK,2026-05-13,"STATE STREET TECHNO SPDR ETF",126354,01,81369Y803,17,USD,177.27000000,177.74000000,174.26000000,176.85000000,9798548.00000000,653562000,1.00000000,1.34387465,0,176.85000000,237.66423185,0.00941781,0.00941781
XLK,2026-05-14,"STATE STREET TECHNO SPDR ETF",126354,01,81369Y803,17,USD,177.36000000,180.21500000,176.86500000,179.50000000,11409370.00000000,653012000,1.00000000,1.34387465,0,179.50000000,241.22549968,0.01498445,0.01498445
XLK,2026-05-15,"STATE STREET TECHNO SPDR ETF",126354,01,81369Y803,17,USD,176.21000000,178.70000000,174.63000000,176.26000000,14514110.00000000,652262000,1.00000000,1.34387465,0,176.26000000,236.87134581,-0.01805014,-0.01805014
XLK,2026-05-18,"STATE STREET TECHNO SPDR ETF",126354,01,81369Y803,17,USD,177.62000000,177.85000000,171.91000000,174.36000000,19107000.00000000,653212000,1.00000000,1.34387465,0,174.36000000,234.31798397,-0.01077953,-0.01077953
XLK,2026-05-19,"STATE STREET TECHNO SPDR ETF",126354,01,81369Y803,17,USD,172.68000000,175.18000000,170.83100000,173.24000000,15744820.00000000,653062000,1.00000000,1.34387465,0,173.24000000,232.81284437,-0.00642349,-0.00642349
XLK,2026-05-20,"STATE STREET TECHNO SPDR ETF",126354,01,81369Y803,17,USD,174.66000000,177.25000000,173.95000000,177.14000000,12621420.00000000,652212000,1.00000000,1.34387465,0,177.14000000,238.05395550,0.02251212,0.02251212
XLK,2026-05-21,"STATE STREET TECHNO SPDR ETF",126354,01,81369Y803,17,USD,175.83000000,178.98000000,175.83000000,178.60000000,10864260.00000000,651112000,1.00000000,1.34387465,0,178.60000000,240.01601249,0.00824207,0.00824207
XLK,2026-05-22,"STATE STREET TECHNO SPDR ETF",126354,01,81369Y803,17,USD,180.03000000,181.73000000,179.56000000,180.39000000,10739790.00000000,650862000,1.00000000,1.34387465,0,180.39000000,242.42154811,0.01002240,0.01002240
XLK,2026-05-26,"STATE STREET TECHNO SPDR ETF",126354,01,81369Y803,17,USD,183.20000000,186.00000000,182.58500000,185.14000000,12484110.00000000,650912000,1.00000000,1.34387465,0,185.14000000,248.80495270,0.02633184,0.02633184
XLK,2026-05-27,"STATE STREET TECHNO SPDR ETF",126354,01,81369Y803,17,USD,186.18000000,186.26500000,182.54000000,184.43000000,12295770.00000000,650712000,1.00000000,1.34387465,0,184.43000000,247.85080170,-0.00383494,-0.00383494
XLK,2026-05-28,"STATE STREET TECHNO SPDR ETF",126354,01,81369Y803,17,USD,184.83000000,187.58000000,183.79000000,186.85000000,11149500.00000000,651062000,1.00000000,1.34387465,0,186.85000000,251.10297835,0.01312151,0.01312151
XLK,2026-05-29,"STATE STREET TECHNO SPDR ETF",126354,01,81369Y803,17,USD,189.33000000,191.63000000,189.19500000,191.02000000,15029120.00000000,651862000,1.00000000,1.34387465,0,191.02000000,256.70693564,0.02231737,0.02231737
XLK,2026-06-01,"STATE STREET TECHNO SPDR ETF",126354,01,81369Y803,17,USD,192.32000000,196.49990000,191.15000000,195.76000000,18958190.00000000,653862000,1.00000000,1.34387465,0,195.76000000,263.07690148,0.02481416,0.02481416
XLK,2026-06-02,"STATE STREET TECHNO SPDR ETF",126354,01,81369Y803,17,USD,196.45000000,198.38000000,195.75000000,198.21000000,10141610.00000000,651462000,1.00000000,1.34387465,0,198.21000000,266.36939438,0.01251532,0.01251532
XLK,2026-06-03,"STATE STREET TECHNO SPDR ETF",126354,01,81369Y803,17,USD,198.37000000,198.73000000,194.52500000,196.23000000,11509120.00000000,651112000,1.00000000,1.34387465,0,196.23000000,263.70852257,-0.00998941,-0.00998941
XLK,2026-06-04,"STATE STREET TECHNO SPDR ETF",126354,01,81369Y803,17,USD,191.52000000,194.74000000,189.69000000,193.17000000,13128110.00000000,652112000,1.00000000,1.34387465,0,193.17000000,259.59626614,-0.01559395,-0.01559395
XLK,2026-06-05,"STATE STREET TECHNO SPDR ETF",126354,01,81369Y803,17,USD,188.88500000,189.22000000,179.80000000,180.30000000,26714330.00000000,653462000,1.00000000,1.34387465,0,180.30000000,242.30059940,-0.06662525,-0.06662525
XLK,2026-06-08,"STATE STREET TECHNO SPDR ETF",126354,01,81369Y803,17,USD,185.22000000,186.71000000,183.17010000,184.18000000,14649720.00000000,653062000,1.00000000,1.34387465,0,184.18000000,247.51483304,0.02151969,0.02151969
XLK,2026-06-09,"STATE STREET TECHNO SPDR ETF",126354,01,81369Y803,17,USD,185.91000000,187.08000000,172.88000000,180.77000000,29849770.00000000,654162000,1.00000000,1.34387465,0,180.77000000,242.93222048,-0.01851450,-0.01851450
XLK,2026-06-10,"STATE STREET TECHNO SPDR ETF",126354,01,81369Y803,17,USD,178.16000000,182.41000000,176.15000000,176.63000000,20011990.00000000,655812000,1.00000000,1.34387465,0,176.63000000,237.36857943,-0.02290203,-0.02290203
XLK,2026-06-11,"STATE STREET TECHNO SPDR ETF",126354,01,81369Y803,17,USD,177.79000000,183.66000000,176.49500000,183.21000000,18217760.00000000,654312000,1.00000000,1.34387465,0,183.21000000,246.21127463,0.03725301,0.03725301
XLK,2026-06-12,"STATE STREET TECHNO SPDR ETF",126354,01,81369Y803,17,USD,183.24000000,185.84000000,181.64430000,184.80000000,15009440.00000000,653662000,1.00000000,1.34387465,0,184.80000000,248.34803532,0.00867857,0.00867857
XLK,2026-06-15,"STATE STREET TECHNO SPDR ETF",126354,01,81369Y803,17,USD,190.37100000,192.08000000,189.75000000,191.79000000,13089860.00000000,653612000,1.00000000,1.34387465,0,191.79000000,257.74171912,0.03782468,0.03782468
XLK,2026-06-16,"STATE STREET TECHNO SPDR ETF",126354,01,81369Y803,17,USD,191.22700000,192.25000000,186.43000000,186.44000000,10059190.00000000,653512000,1.00000000,1.34387465,0,186.44000000,250.55198975,-0.02789509,-0.02789509
XLK,2026-06-17,"STATE STREET TECHNO SPDR ETF",126354,01,81369Y803,17,USD,189.00500000,189.99000000,185.30000000,185.80000000,14377420.00000000,701562000,1.00000000,1.34387465,0,185.80000000,249.69190997,-0.00343274,-0.00343274
XLK,2026-06-18,"STATE STREET TECHNO SPDR ETF",126354,01,81369Y803,17,USD,190.42000000,191.99500000,189.38000000,191.44000000,12034120.00000000,698312000,1.00000000,1.34387465,0,191.44000000,257.27136300,0.03035522,0.03035522
XLK,2026-06-22,"STATE STREET TECHNO SPDR ETF",126354,01,81369Y803,17,USD,192.95000000,194.30000000,190.86000000,192.15000000,11235810.00000000,649962000,1.00000000,1.34546856,0,192.15000000,258.53178380,0.00370873,0.00489919
XLK,2026-06-23,"STATE STREET TECHNO SPDR ETF",126354,01,81369Y803,17,USD,184.68000000,187.25000000,183.70000000,184.19000000,14618370.00000000,650912000,1.00000000,1.34546856,0,184.19000000,247.82185407,-0.04142597,-0.04142597
XLK,2026-06-24,"STATE STREET TECHNO SPDR ETF",126354,01,81369Y803,17,USD,184.06500000,185.66000000,180.79000000,183.05000000,12105570.00000000,651362000,1.00000000,1.34546856,0,183.05000000,246.28801991,-0.00618926,-0.00618926
XLK,2026-06-25,"STATE STREET TECHNO SPDR ETF",126354,01,81369Y803,17,USD,188.14500000,188.41000000,180.37500000,184.57000000,13213090.00000000,653462000,1.00000000,1.34546856,0,184.57000000,248.33313212,0.00830374,0.00830374
XLK,2026-06-26,"STATE STREET TECHNO SPDR ETF",126354,01,81369Y803,17,USD,181.00000000,183.11000000,179.76000000,181.11000000,13418700.00000000,650112000,1.00000000,1.34546856,0,181.11000000,243.67781090,-0.01874628,-0.01874628
XLK,2026-06-29,"STATE STREET TECHNO SPDR ETF",126354,01,81369Y803,17,USD,183.12000000,185.66000000,178.67000000,185.41000000,11829200.00000000,650512000,1.00000000,1.34546856,0,185.41000000,249.46332571,0.02374248,0.02374248
XLK,2026-06-30,"STATE STREET TECHNO SPDR ETF",126354,01,81369Y803,17,USD,185.76000000,190.94000000,185.60000000,190.52000000,10673200.00000000,650362000,1.00000000,1.34546856,0,190.52000000,256.33867005,0.02756054,0.02756054
XLK,2026-07-01,"STATE STREET TECHNO SPDR ETF",126354,01,81369Y803,17,USD,186.83000000,187.98000000,185.38000000,185.62000000,9908018.00000000,649312000,1.00000000,1.34546856,0,185.62000000,249.74587411,-0.02571908,-0.02571908
XLK,2026-07-02,"STATE STREET TECHNO SPDR ETF",126354,01,81369Y803,17,USD,185.49000000,187.38000000,178.72000000,180.59000000,14072280.00000000,650312000,1.00000000,1.34546856,0,180.59000000,242.97816725,-0.02709837,-0.02709837
XLK,2026-07-06,"STATE STREET TECHNO SPDR ETF",126354,01,81369Y803,17,USD,182.66000000,185.71000000,182.04000000,183.57000000,8803173.00000000,650762000,1.00000000,1.34546856,0,183.57000000,246.98766356,0.01650147,0.01650147
XLK,2026-07-07,"STATE STREET TECHNO SPDR ETF",126354,01,81369Y803,17,USD,179.84000000,180.72000000,176.36000000,179.18000000,11938480.00000000,650312000,1.00000000,1.34546856,0,179.18000000,241.08105658,-0.02391458,-0.02391458
XLK,2026-07-08,"STATE STREET TECHNO SPDR ETF",126354,01,81369Y803,17,USD,177.48000000,181.63000000,177.15000000,181.40000000,10384030.00000000,650312000,1.00000000,1.34546856,0,181.40000000,244.06799678,0.01238978,0.01238978
XLK,2026-07-09,"STATE STREET TECHNO SPDR ETF",126354,01,81369Y803,17,USD,184.76000000,186.40000000,183.56000000,185.35000000,7738797.00000000,650662000,1.00000000,1.34546856,0,185.35000000,249.38259760,0.02177508,0.02177508
XLK,2026-07-10,"STATE STREET TECHNO SPDR ETF",126354,01,81369Y803,17,USD,184.00500000,186.23000000,183.09000000,185.78000000,6153951.00000000,651612000,1.00000000,1.34546856,0,185.78000000,249.96114908,0.00231994,0.00231994
XLK,2026-07-13,"STATE STREET TECHNO SPDR ETF",126354,01,81369Y803,17,USD,183.10000000,183.90000000,180.54000000,181.28000000,8581146.00000000,651712000,1.00000000,1.34546856,0,181.28000000,243.90654056,-0.02422220,-0.02422220
XLK,2026-07-14,"STATE STREET TECHNO SPDR ETF",126354,01,81369Y803,17,USD,183.71000000,184.43000000,181.33000000,183.62000000,6377364.00000000,652062000,1.00000000,1.34546856,0,183.62000000,247.05493699,0.01290821,0.01290821
XLK,2026-07-15,"STATE STREET TECHNO SPDR ETF",126354,01,81369Y803,17,USD,185.11000000,185.29000000,178.22000000,181.58000000,9250397.00000000,651762000,1.00000000,1.34546856,0,181.58000000,244.31018112,-0.01110990,-0.01110990
XLK,2026-07-16,"STATE STREET TECHNO SPDR ETF",126354,01,81369Y803,17,USD,179.00000000,179.47960000,176.41000000,177.52000000,8651914.00000000,651462000,1.00000000,1.34546856,0,177.52000000,238.84757877,-0.02235929,-0.02235929
XLK,2026-07-17,"STATE STREET TECHNO SPDR ETF",126354,01,81369Y803,17,USD,172.85000000,177.92000000,171.34000000,175.59000000,12032050.00000000,652812000,1.00000000,1.34546856,0,175.59000000,236.25082445,-0.01087201,-0.01087201
XLK,2026-07-20,"STATE STREET TECHNO SPDR ETF",126354,01,81369Y803,17,USD,177.19000000,178.70000000,175.52000000,175.71000000,7628608.00000000,652612000,1.00000000,1.34546856,0,175.71000000,236.41228068,0.00068341,0.00068341
XLK,2026-07-21,"STATE STREET TECHNO SPDR ETF",126354,01,81369Y803,17,USD,179.56000000,181.01500000,178.17000000,180.78000000,7496098.00000000,653362000,1.00000000,1.34546856,0,180.78000000,243.23380628,0.02885436,0.02885436
XLK,2026-07-22,"STATE STREET TECHNO SPDR ETF",126354,01,81369Y803,17,USD,178.15500000,181.43000000,178.15000000,180.27000000,5355312.00000000,653062000,1.00000000,1.34546856,0,180.27000000,242.54761731,-0.00282111,-0.00282111
XLK,2026-07-23,"STATE STREET TECHNO SPDR ETF",126354,01,81369Y803,17,USD,178.80000000,180.39000000,177.20000000,178.45000000,7163896.00000000,653662000,1.00000000,1.34546856,0,178.45000000,240.09886453,-0.01009597,-0.01009597
XLK,2026-07-24,"STATE STREET TECHNO SPDR ETF",126354,01,81369Y803,17,USD,177.82000000,179.01000000,175.05000000,175.88000000,7737274.00000000,654362000,1.00000000,1.34546856,0,175.88000000,236.64101033,-0.01440179,-0.01440179
XLK,2026-07-27,"STATE STREET TECHNO SPDR ETF",126354,01,81369Y803,17,USD,177.83000000,178.30000000,171.73000000,174.30000000,8364853.00000000,654812000,1.00000000,1.34546856,0,174.30000000,234.51517001,-0.00898340,-0.00898340
XLK,2026-07-28,"STATE STREET TECHNO SPDR ETF",126354,01,81369Y803,17,USD,171.21000000,172.17000000,167.54000000,171.09000000,10009990.00000000,655112000,1.00000000,1.34546856,0,171.09000000,230.19621593,-0.01841652,-0.01841652
XLK,2026-07-29,"STATE STREET TECHNO SPDR ETF",126354,01,81369Y803,17,USD,171.12000000,172.51000000,166.46200000,166.57000000,14365800.00000000,656912000,1.00000000,1.34546856,0,166.57000000,224.11469804,-0.02641884,-0.02641884
XLK,2026-07-30,"STATE STREET TECHNO SPDR ETF",126354,01,81369Y803,17,USD,172.81000000,176.09000000,172.16000000,175.73000000,15094020.00000000,657862000,1.00000000,1.34546856,0,175.73000000,236.43919005,0.05499190,0.05499190
XLK,2026-07-31,"STATE STREET TECHNO SPDR ETF",126354,01,81369Y803,17,USD,177.46000000,178.62000000,172.70000000,175.35000000,9129272.00000000,658462000,1.00000000,1.34546856,0,175.35000000,235.92791200,-0.00216241,-0.00216241
XLK,2026-08-03,"STATE STREET TECHNO SPDR ETF",126354,01,81369Y803,17,USD,174.01000000,178.92000000,173.04000000,178.04000000,9337237.00000000,658212000,1.00000000,1.34546856,0,178.04000000,239.54722242,0.01534075,0.01534075
XLK,2026-08-04,"STATE STREET TECHNO SPDR ETF",126354,01,81369Y803,17,USD,182.52000000,187.70500000,181.87000000,186.90000000,13484470.00000000,657062000,1.00000000,1.34546856,0,186.90000000,251.46807386,0.04976410,0.04976410
XLK,2026-08-05,"STATE STREET TECHNO SPDR ETF",126354,01,81369Y803,17,USD,187.34000000,188.62000000,185.71000000,185.91000000,7560109.00000000,657612000,1.00000000,1.34546856,0,185.91000000,250.13605999,-0.00529695,-0.00529695
XLK,2026-08-06,"STATE STREET TECHNO SPDR ETF",126354,01,81369Y803,17,USD,183.19000000,186.91000000,182.06000000,185.33000000,6629118.00000000,654762000,1.00000000,1.34546856,0,185.33000000,249.35568822,-0.00311979,-0.00311979
XLK,2026-08-07,"STATE STREET TECHNO SPDR ETF",126354,01,81369Y803,17,USD,187.99000000,188.73000000,185.74000000,187.97000000,6329608.00000000,655712000,1.00000000,1.34546856,0,187.97000000,252.90772522,0.01424486,0.01424486
XLK,2026-08-10,"STATE STREET TECHNO SPDR ETF",126354,01,81369Y803,17,USD,188.08000000,188.84000000,186.26500000,186.32000000,6481261.00000000,654012000,1.00000000,1.34546856,0,186.32000000,250.68770210,-0.00877800,-0.00877800
XLK,2026-08-11,"STATE STREET TECHNO SPDR ETF",126354,01,81369Y803,17,USD,187.69000000,187.71000000,185.07000000,186.09000000,5739238.00000000,655312000,1.00000000,1.34546856,0,186.09000000,250.37824433,-0.00123444,-0.00123444
XLK,2026-08-12,"STATE STREET TECHNO SPDR ETF",126354,01,81369Y803,17,USD,189.47000000,189.59000000,188.33000000,188.86000000,5882552.00000000,653112000,1.00000000,1.34546856,0,188.86000000,254.10519224,0.01488527,0.01488527
XLK,2026-08-13,"STATE STREET TECHNO SPDR ETF",126354,01,81369Y803,17,USD,189.13000000,191.74000000,188.86000000,190.77000000,4868401.00000000,652412000,1.00000000,1.34546856,0,190.77000000,256.67503719,0.01011331,0.01011331
XLK,2026-08-14,"STATE STREET TECHNO SPDR ETF",126354,01,81369Y803,17,USD,191.14000000,191.35000000,189.25000000,190.01000000,3633019.00000000,652662000,1.00000000,1.34546856,0,190.01000000,255.65248109,-0.00398385,-0.00398385
XLK,2026-08-17,"STATE STREET TECHNO SPDR ETF",126354,01,81369Y803,17,USD,190.79000000,191.75000000,190.10500000,190.32000000,6097006.00000000,652462000,1.00000000,1.34546856,0,190.32000000,256.06957634,0.00163149,0.00163149
XLK,2026-08-18,"STATE STREET TECHNO SPDR ETF",126354,01,81369Y803,17,USD,186.29000000,187.50000000,184.33000000,185.62000000,8432173.00000000,652712000,1.00000000,1.34546856,0,185.62000000,249.74587411,-0.02469525,-0.02469525
XLK,2026-08-19,"STATE STREET TECHNO SPDR ETF",126354,01,81369Y803,17,USD,186.39000000,186.91000000,182.41000000,183.64000000,7300509.00000000,652112000,1.00000000,1.34546856,0,183.64000000,247.08184636,-0.01066695,-0.01066695
XLK,2026-08-20,"STATE STREET TECHNO SPDR ETF",126354,01,81369Y803,17,USD,183.47000000,184.71000000,182.66000000,183.10000000,4995542.00000000,652262000,1.00000000,1.34546856,0,183.10000000,246.35529334,-0.00294054,-0.00294054
XLK,2026-08-21,"STATE STREET TECHNO SPDR ETF",126354,01,81369Y803,17,USD,184.42000000,184.56000000,181.90000000,183.31000000,5778815.00000000,652712000,1.00000000,1.34546856,0,183.31000000,246.63784173,0.00114691,0.00114691
XLK,2026-08-24,"STATE STREET TECHNO SPDR ETF",126354,01,81369Y803,17,USD,181.68000000,181.87920000,178.81500000,180.05000000,6536587.00000000,652012000,1.00000000,1.34546856,0,180.05000000,242.25161423,-0.01778408,-0.01778408
XLK,2026-08-25,"STATE STREET TECHNO SPDR ETF",126354,01,81369Y803,17,USD,182.11000000,183.02000000,180.59000000,181.74000000,5363228.00000000,652512000,1.00000000,1.34546856,0,181.74000000,244.52545609,0.00938628,0.00938628
XLK,2026-08-26,"STATE STREET TECHNO SPDR ETF",126354,01,81369Y803,17,USD,180.71000000,183.34500000,180.71000000,182.84000000,4651293.00000000,652662000,1.00000000,1.34546856,0,182.84000000,246.00547151,0.00605260,0.00605260
XLK,2026-08-27,"STATE STREET TECHNO SPDR ETF",126354,01,81369Y803,17,USD,186.47000000,188.73500000,185.67000000,188.61000000,8132080.00000000,652062000,1.00000000,1.34546856,0,188.61000000,253.76882510,0.03155765,0.03155765
XLK,2026-08-28,"STATE STREET TECHNO SPDR ETF",126354,01,81369Y803,17,USD,188.07000000,188.67000000,185.51000000,185.69000000,6297851.00000000,652062000,1.00000000,1.34546856,0,185.69000000,249.84005691,-0.01548168,-0.01548168
XLK,2026-08-31,"STATE STREET TECHNO SPDR ETF",126354,01,81369Y803,17,USD,185.77500000,186.65000000,185.28000000,186.50000000,4874632.00000000,651662000,1.00000000,1.34546856,0,186.50000000,250.92988644,0.00436211,0.00436211
XLK,2026-09-01,"STATE STREET TECHNO SPDR ETF",126354,01,81369Y803,17,USD,183.70000000,184.92000000,182.63000000,183.64000000,7638835.00000000,651362000,1.00000000,1.34546856,0,183.64000000,247.08184636,-0.01533512,-0.01533512
XLK,2026-09-02,"STATE STREET TECHNO SPDR ETF",126354,01,81369Y803,17,USD,183.46000000,183.78000000,182.27000000,183.60000000,5674083.00000000,651262000,1.00000000,1.34546856,0,183.60000000,247.02802762,-0.00021782,-0.00021782
XLK,2026-09-03,"STATE STREET TECHNO SPDR ETF",126354,01,81369Y803,17,USD,183.52000000,186.32000000,182.49000000,185.97000000,6089979.00000000,650962000,1.00000000,1.34546856,0,185.97000000,250.21678810,0.01290850,0.01290850
XLK,2026-09-04,"STATE STREET TECHNO SPDR ETF",126354,01,81369Y803,17,USD,187.19000000,188.20000000,186.42000000,187.28000000,5103653.00000000,651312000,1.00000000,1.34546856,0,187.28000000,251.97935192,0.00704415,0.00704415
XLK,2026-09-08,"STATE STREET TECHNO SPDR ETF",126354,01,81369Y803,17,USD,188.64000000,189.08000000,187.02000000,187.87000000,8389155.00000000,651812000,1.00000000,1.34546856,0,187.87000000,252.77317837,0.00315036,0.00315036
XLK,2026-09-09,"STATE STREET TECHNO SPDR ETF",126354,01,81369Y803,17,USD,187.53000000,188.83000000,187.15000000,187.87000000,5984876.00000000,650812000,1.00000000,1.34546856,0,187.87000000,252.77317837,0.00000000,0.00000000
XLK,2026-09-10,"STATE STREET TECHNO SPDR ETF",126354,01,81369Y803,17,USD,185.24000000,186.52000000,184.56500000,185.22000000,5568392.00000000,649912000,1.00000000,1.34546856,0,185.22000000,249.20768668,-0.01410550,-0.01410550
XLK,2026-09-11,"STATE STREET TECHNO SPDR ETF",126354,01,81369Y803,17,USD,187.35000000,188.64000000,186.88000000,187.67000000,6533371.00000000,649012000,1.00000000,1.34546856,0,187.67000000,252.50408466,0.01322751,0.01322751
XLK,2026-09-14,"STATE STREET TECHNO SPDR ETF",126354,01,81369Y803,17,USD,183.00000000,185.60000000,182.08000000,184.28000000,8482917.00000000,648412000,1.00000000,1.34546856,0,184.28000000,247.94294624,-0.01806362,-0.01806362
XLK,2026-09-15,"STATE STREET TECHNO SPDR ETF",126354,01,81369Y803,17,USD,184.50000000,185.07000000,183.46000000,183.74000000,6147049.00000000,648812000,1.00000000,1.34546856,0,183.74000000,247.21639321,-0.00293032,-0.00293032
XLK,2026-09-16,"STATE STREET TECHNO SPDR ETF",126354,01,81369Y803,17,USD,184.93000000,186.13000000,182.42000000,183.93000000,8061061.00000000,648962000,1.00000000,1.34546856,0,183.93000000,247.47203224,0.00103407,0.00103407
XLK,2026-09-17,"STATE STREET TECHNO SPDR ETF",126354,01,81369Y803,17,USD,187.30000000,188.53000000,186.73000000,188.06000000,7389494.00000000,648412000,1.00000000,1.34546856,0,188.06000000,253.02881739,0.02245419,0.02245419
XLK,2026-09-18,"STATE STREET TECHNO SPDR ETF",126354,01,81369Y803,17,USD,189.23000000,189.81000000,187.52000000,189.60000000,6994767.00000000,649412000,1.00000000,1.34546856,0,189.60000000,255.10083898,0.00818888,0.00818888
XLI,2026-03-20,"STATE STREET INDUSTR SE SPDR",126355,01,81369Y704,17,USD,164.02000000,164.65000000,160.30500000,161.67000000,19198820.00000000,172426000,1.00000000,1.61491172,0,161.67000000,261.08277777,,
XLI,2026-03-23,"STATE STREET INDUSTR SE SPDR",126355,01,81369Y704,17,USD,164.10000000,166.18000000,163.02000000,163.05000000,18506800.00000000,171126000,1.00000000,1.61940039,0,163.05000000,264.04323359,0.00853591,0.01133915
XLI,2026-03-24,"STATE STREET INDUSTR SE SPDR",126355,01,81369Y704,17,USD,161.37000000,164.56000000,161.14000000,164.00000000,14085630.00000000,173726000,1.00000000,1.61940039,0,164.00000000,265.58166396,0.00582643,0.00582643
XLI,2026-03-25,"STATE STREET INDUSTR SE SPDR",126355,01,81369Y704,17,USD,165.86000000,166.32000000,164.32000000,165.10000000,12205590.00000000,174326000,1.00000000,1.61940039,0,165.10000000,267.36300439,0.00670732,0.00670732
XLI,2026-03-26,"STATE STREET INDUSTR SE SPDR",126355,01,81369Y704,17,USD,163.73000000,164.61000000,161.09000000,161.27000000,15415440.00000000,174326000,1.00000000,1.61940039,0,161.27000000,261.16070090,-0.02319806,-0.02319806
XLI,2026-03-27,"STATE STREET INDUSTR SE SPDR",126355,01,81369Y704,17,USD,160.59000000,161.29000000,158.85000000,159.20000000,13922360.00000000,172676000,1.00000000,1.61940039,0,159.20000000,257.80854209,-0.01283562,-0.01283562
XLI,2026-03-30,"STATE STREET INDUSTR SE SPDR",126355,01,81369Y704,17,USD,160.55000000,160.74000000,156.08000000,156.61000000,17459010.00000000,174726000,1.00000000,1.61940039,0,156.61000000,253.61429508,-0.01626884,-0.01626884
XLI,2026-03-31,"STATE STREET INDUSTR SE SPDR",126355,01,81369Y704,17,USD,158.70000000,162.24000000,158.05000000,161.73000000,15853780.00000000,175176000,1.00000000,1.61940039,0,161.73000000,261.90562507,0.03269268,0.03269268
XLI,2026-04-01,"STATE STREET INDUSTR SE SPDR",126355,01,81369Y704,17,USD,163.48500000,165.76500000,163.27000000,164.43000000,17019830.00000000,173526000,1.00000000,1.61940039,0,164.43000000,266.27800613,0.01669449,0.01669449
XLI,2026-04-02,"STATE STREET INDUSTR SE SPDR",126355,01,81369Y704,17,USD,161.72000000,165.74000000,161.14000000,163.77000000,11096550.00000000,173726000,1.00000000,1.61940039,0,163.77000000,265.20920187,-0.00401387,-0.00401387
XLI,2026-04-06,"STATE STREET INDUSTR SE SPDR",126355,01,81369Y704,17,USD,163.54000000,164.64000000,162.77000000,164.61000000,7105401.00000000,172526000,1.00000000,1.61940039,0,164.61000000,266.56949820,0.00512914,0.00512914
XLI,2026-04-07,"STATE STREET INDUSTR SE SPDR",126355,01,81369Y704,17,USD,163.65000000,164.68000000,162.80000000,164.28000000,10001990.00000000,173176000,1.00000000,1.61940039,0,164.28000000,266.03509607,-0.00200474,-0.00200474
XLI,2026-04-08,"STATE STREET INDUSTR SE SPDR",126355,01,81369Y704,17,USD,169.60000000,171.06000000,169.11000000,170.44000000,12732600.00000000,173076000,1.00000000,1.61940039,0,170.44000000,276.01060247,0.03749696,0.03749696
XLI,2026-04-09,"STATE STREET INDUSTR SE SPDR",126355,01,81369Y704,17,USD,169.88000000,173.16000000,169.80000000,172.19000000,8179186.00000000,176026000,1.00000000,1.61940039,0,172.19000000,278.84455315,0.01026754,0.01026754
XLI,2026-04-10,"STATE STREET INDUSTR SE SPDR",126355,01,81369Y704,17,USD,172.49000000,172.70000000,171.21000000,171.52000000,5169537.00000000,177476000,1.00000000,1.61940039,0,171.52000000,277.75955489,-0.00389105,-0.00389105
XLI,2026-04-13,"STATE STREET INDUSTR SE SPDR",126355,01,81369Y704,17,USD,170.99000000,172.78000000,170.61000000,172.73000000,6811633.00000000,176676000,1.00000000,1.61940039,0,172.73000000,279.71902936,0.00705457,0.00705457
XLI,2026-04-14,"STATE STREET INDUSTR SE SPDR",126355,01,81369Y704,17,USD,173.13000000,174.04000000,172.02500000,173.35000000,5489508.00000000,177376000,1.00000000,1.61940039,0,173.35000000,280.72305761,0.00358942,0.00358942
XLI,2026-04-15,"STATE STREET INDUSTR SE SPDR",126355,01,81369Y704,17,USD,173.11000000,173.15000000,170.08000000,171.18000000,13541970.00000000,175626000,1.00000000,1.61940039,0,171.18000000,277.20895876,-0.01251803,-0.01251803
XLI,2026-04-16,"STATE STREET INDUSTR SE SPDR",126355,01,81369Y704,17,USD,171.25000000,172.06000000,169.52000000,170.33000000,8613612.00000000,176126000,1.00000000,1.61940039,0,170.33000000,275.83246843,-0.00496553,-0.00496553
XLI,2026-04-17,"STATE STREET INDUSTR SE SPDR",126355,01,81369Y704,17,USD,172.24000000,175.13000000,172.13500000,173.51000000,9528948.00000000,176126000,1.00000000,1.61940039,0,173.51000000,280.98216167,0.01866964,0.01866964
XLI,2026-04-20,"STATE STREET INDUSTR SE SPDR",126355,01,81369Y704,17,USD,173.13000000,173.97500000,172.56000000,173.90000000,5729708.00000000,176076000,1.00000000,1.61940039,0,173.90000000,281.61372782,0.00224771,0.00224771
XLI,2026-04-21,"STATE STREET INDUSTR SE SPDR",126355,01,81369Y704,17,USD,173.53000000,174.68500000,170.93000000,171.44000000,8751686.00000000,176976000,1.00000000,1.61940039,0,171.44000000,277.63000286,-0.01414606,-0.01414606
XLI,2026-04-22,"STATE STREET INDUSTR SE SPDR",126355,01,81369Y704,17,USD,173.31000000,173.92000000,170.33000000,171.04000000,10565090.00000000,177526000,1.00000000,1.61940039,0,171.04000000,276.98224271,-0.00233318,-0.00233318
XLI,2026-04-23,"STATE STREET INDUSTR SE SPDR",126355,01,81369Y704,17,USD,171.83000000,174.78500000,171.60000000,174.07000000,14418650.00000000,174076000,1.00000000,1.61940039,0,174.07000000,281.88902589,0.01771515,0.01771515
XLI,2026-04-24,"STATE STREET INDUSTR SE SPDR",126355,01,81369Y704,17,USD,173.97000000,174.18000000,171.96000000,172.47000000,7665014.00000000,175676000,1.00000000,1.61940039,0,172.47000000,279.29798526,-0.00919170,-0.00919170
XLI,2026-04-27,"STATE STREET INDUSTR SE SPDR",126355,01,81369Y704,17,USD,172.51000000,173.51000000,171.52000000,172.51000000,6689500.00000000,175676000,1.00000000,1.61940039,0,172.51000000,279.36276128,0.00023192,0.00023192
XLI,2026-04-28,"STATE STREET INDUSTR SE SPDR",126355,01,81369Y704,17,USD,171.68000000,171.86000000,169.54000000,170.98000000,8986702.00000000,173526000,1.00000000,1.61940039,0,170.98000000,276.88507868,-0.00886905,-0.00886905
XLI,2026-04-29,"STATE STREET INDUSTR SE SPDR",126355,01,81369Y704,17,USD,171.25000000,171.71000000,169.23000000,169.93000000,9035409.00000000,173076000,1.00000000,1.61940039,0,169.93000000,275.18470827,-0.00614107,-0.00614107
XLI,2026-04-30,"STATE STREET INDUSTR SE SPDR",126355,01,81369Y704,17,USD,171.49000000,174.81500000,171.14000000,174.58000000,11982830.00000000,173126000,1.00000000,1.61940039,0,174.58000000,282.71492009,0.02736421,0.02736421
XLI,2026-05-01,"STATE STREET INDUSTR SE SPDR",126355,01,81369Y704,17,USD,175.23000000,175.43000000,172.94000000,172.96000000,6790123.00000000,172376000,1.00000000,1.61940039,0,172.96000000,280.09149145,-0.00927941,-0.00927941
XLI,2026-05-04,"STATE STREET INDUSTR SE SPDR",126355,01,81369Y704,17,USD,172.50000000,173.21000000,170.66000000,170.98000000,7616291.00000000,174976000,1.00000000,1.61940039,0,170.98000000,276.88507868,-0.01144773,-0.01144773
XLI,2026-05-05,"STATE STREET INDUSTR SE SPDR",126355,01,81369Y704,17,USD,172.15000000,173.05500000,171.20000000,172.41000000,6182949.00000000,174976000,1.00000000,1.61940039,0,172.41000000,279.20082124,0.00836355,0.00836355
XLI,2026-05-06,"STATE STREET INDUSTR SE SPDR",126355,01,81369Y704,17,USD,175.28000000,177.34000000,174.25000000,176.87000000,10458650.00000000,175876000,1.00000000,1.61940039,0,176.87000000,286.42334698,0.02586857,0.02586857
XLI,2026-05-07,"STATE STREET INDUSTR SE SPDR",126355,01,81369Y704,17,USD,177.44000000,177.72000000,173.43000000,174.00000000,10612180.00000000,175876000,1.00000000,1.61940039,0,174.00000000,281.77566786,-0.01622661,-0.01622661
XLI,2026-05-08,"STATE STREET INDUSTR SE SPDR",126355,01,81369Y704,17,USD,175.15000000,175.32000000,173.09000000,173.20000000,5880484.00000000,178176000,1.00000000,1.61940039,0,173.20000000,280.48014755,-0.00459770,-0.00459770
XLI,2026-05-11,"STATE STREET INDUSTR SE SPDR",126355,01,81369Y704,17,USD,173.24000000,175.55000000,172.88000000,175.04000000,6276190.00000000,178276000,1.00000000,1.61940039,0,175.04000000,283.45984427,0.01062356,0.01062356
XLI,2026-05-12,"STATE STREET INDUSTR SE SPDR",126355,01,81369Y704,17,USD,174.43000000,174.79000000,172.14000000,174.35000000,7468572.00000000,177876000,1.00000000,1.61940039,0,174.35000000,282.34245800,-0.00394196,-0.00394196
XLI,2026-05-13,"STATE STREET INDUSTR SE SPDR",126355,01,81369Y704,17,USD,174.24000000,174.61000000,172.52000000,173.62000000,6070373.00000000,177426000,1.00000000,1.61940039,0,173.62000000,281.16029571,-0.00418698,-0.00418698
XLI,2026-05-14,"STATE STREET INDUSTR SE SPDR",126355,01,81369Y704,17,USD,174.17000000,174.72500000,172.84000000,174.51000000,7363740.00000000,175926000,1.00000000,1.61940039,0,174.51000000,282.60156206,0.00512614,0.00512614
XLI,2026-05-15,"STATE STREET INDUSTR SE SPDR",126355,01,81369Y704,17,USD,172.80000000,172.80000000,170.93000000,171.40000000,7823377.00000000,174426000,1.00000000,1.61940039,0,171.40000000,277.56522685,-0.01782133,-0.01782133
XLI,2026-05-18,"STATE STREET INDUSTR SE SPDR",126355,01,81369Y704,17,USD,171.56000000,171.57000000,169.50000000,170.75000000,8694855.00000000,171876000,1.00000000,1.61940039,0,170.75000000,276.51261659,-0.00379230,-0.00379230
XLI,2026-05-19,"STATE STREET INDUSTR SE SPDR",126355,01,81369Y704,17,USD,169.63000000,170.18000000,168.11000000,168.74000000,7502694.00000000,173426000,1.00000000,1.61940039,0,168.74000000,273.25762181,-0.01177160,-0.01177160
XLI,2026-05-20,"STATE STREET INDUSTR SE SPDR",126355,01,81369Y704,17,USD,169.23000000,171.48000000,168.37000000,170.73000000,10524260.00000000,172926000,1.00000000,1.61940039,0,170.73000000,276.48022858,0.01179329,0.01179329
XLI,2026-05-21,"STATE STREET INDUSTR SE SPDR",126355,01,81369Y704,17,USD,169.81000000,171.30000000,168.91000000,170.53000000,8510769.00000000,173376000,1.00000000,1.61940039,0,170.53000000,276.15634851,-0.00117144,-0.00117144
XLI,2026-05-22,"STATE STREET INDUSTR SE SPDR",126355,01,81369Y704,17,USD,171.75000000,172.88000000,170.41600000,171.77000000,6910368.00000000,174026000,1.00000000,1.61940039,0,171.77000000,278.16440499,0.00727145,0.00727145
XLI,2026-05-26,"STATE STREET INDUSTR SE SPDR",126355,01,81369Y704,17,USD,173.19000000,174.78000000,172.87080000,174.30000000,6797143.00000000,174326000,1.00000000,1.61940039,0,174.30000000,282.26148798,0.01472900,0.01472900
XLI,2026-05-27,"STATE STREET INDUSTR SE SPDR",126355,01,81369Y704,17,USD,174.54000000,174.86000000,173.47000000,174.30000000,7413215.00000000,175576000,1.00000000,1.61940039,0,174.30000000,282.26148798,0.00000000,0.00000000
XLI,2026-05-28,"STATE STREET INDUSTR SE SPDR",126355,01,81369Y704,17,USD,173.49000000,174.71000000,172.05500000,173.80000000,8669014.00000000,175276000,1.00000000,1.61940039,0,173.80000000,281.45178778,-0.00286862,-0.00286862
XLI,2026-05-29,"STATE STREET INDUSTR SE SPDR",126355,01,81369Y704,17,USD,173.57000000,173.87500000,172.37000000,173.13000000,7054241.00000000,174526000,1.00000000,1.61940039,0,173.13000000,280.36678952,-0.00385501,-0.00385501
XLI,2026-06-01,"STATE STREET INDUSTR SE SPDR",126355,01,81369Y704,17,USD,171.59000000,172.86000000,170.39000000,172.40000000,8234725.00000000,174576000,1.00000000,1.61940039,0,172.40000000,279.18462724,-0.00421648,-0.00421648
XLI,2026-06-02,"STATE STREET INDUSTR SE SPDR",126355,01,81369Y704,17,USD,172.94000000,174.50000000,172.37000000,174.19000000,8663682.00000000,174476000,1.00000000,1.61940039,0,174.19000000,282.08335393,0.01038283,0.01038283
XLI,2026-06-03,"STATE STREET INDUSTR SE SPDR",126355,01,81369Y704,17,USD,173.73000000,176.10300000,173.55000000,174.05000000,6899479.00000000,174776000,1.00000000,1.61940039,0,174.05000000,281.85663788,-0.00080372,-0.00080372
XLI,2026-06-04,"STATE STREET INDUSTR SE SPDR",126355,01,81369Y704,17,USD,174.93000000,176.48000000,174.28000000,176.16000000,6670040.00000000,175026000,1.00000000,1.61940039,0,176.16000000,285.27357270,0.01212295,0.01212295
XLI,2026-06-05,"STATE STREET INDUSTR SE SPDR",126355,01,81369Y704,17,USD,175.61000000,176.37000000,173.47500000,174.18000000,8891567.00000000,175976000,1.00000000,1.61940039,0,174.18000000,282.06715993,-0.01123978,-0.01123978
XLI,2026-06-08,"STATE STREET INDUSTR SE SPDR",126355,01,81369Y704,17,USD,174.92000000,175.33000000,173.27000000,173.63000000,5371811.00000000,175776000,1.00000000,1.61940039,0,173.63000000,281.17648972,-0.00315765,-0.00315765
XLI,2026-06-09,"STATE STREET INDUSTR SE SPDR",126355,01,81369Y704,17,USD,174.37000000,176.59000000,171.72500000,175.60000000,9455803.00000000,175576000,1.00000000,1.61940039,0,175.60000000,284.36670848,0.01134597,0.01134597
XLI,2026-06-10,"STATE STREET INDUSTR SE SPDR",126355,01,81369Y704,17,USD,174.57000000,174.57500000,169.45000000,169.66000000,13850310.00000000,175926000,1.00000000,1.61940039,0,169.66000000,274.74747017,-0.03382688,-0.03382688
XLI,2026-06-11,"STATE STREET INDUSTR SE SPDR",126355,01,81369Y704,17,USD,171.28000000,175.68000000,170.99000000,175.15000000,11045110.00000000,175076000,1.00000000,1.61940039,0,175.15000000,283.63797831,0.03235884,0.03235884
XLI,2026-06-12,"STATE STREET INDUSTR SE SPDR",126355,01,81369Y704,17,USD,176.02000000,176.61000000,174.63000000,176.18000000,6960579.00000000,176326000,1.00000000,1.61940039,0,176.18000000,285.30596071,0.00588067,0.00588067
XLI,2026-06-15,"STATE STREET INDUSTR SE SPDR",126355,01,81369Y704,17,USD,178.80000000,179.98000000,178.51000000,178.68000000,7521258.00000000,177426000,1.00000000,1.61940039,0,178.68000000,289.35446169,0.01419003,0.01419003
XLI,2026-06-16,"STATE STREET INDUSTR SE SPDR",126355,01,81369Y704,17,USD,179.58000000,181.10000000,179.31000000,179.85000000,8976185.00000000,179276000,1.00000000,1.61940039,0,179.85000000,291.24916014,0.00654802,0.00654802
XLI,2026-06-17,"STATE STREET INDUSTR SE SPDR",126355,01,81369Y704,17,USD,179.97000000,182.33000000,179.13000000,179.60000000,11034970.00000000,181026000,1.00000000,1.61940039,0,179.60000000,290.84431004,-0.00139005,-0.00139005
XLI,2026-06-18,"STATE STREET INDUSTR SE SPDR",126355,01,81369Y704,17,USD,182.50000000,182.92000000,180.45000000,180.91000000,8058446.00000000,181626000,1.00000000,1.61940039,0,180.91000000,292.96572455,0.00729399,0.00729399
XLI,2026-06-22,"STATE STREET INDUSTR SE SPDR",126355,01,81369Y704,17,USD,180.77500000,182.28000000,180.69000000,181.80000000,6668535.00000000,180676000,1.00000000,1.62335625,0,181.80000000,295.12616625,0.00491957,0.00737438
XLI,2026-06-23,"STATE STREET INDUSTR SE SPDR",126355,01,81369Y704,17,USD,179.16000000,180.01000000,177.23000000,178.15000000,8926991.00000000,181826000,1.00000000,1.62335625,0,178.15000000,289.20091594,-0.02007701,-0.02007701
XLI,2026-06-24,"STATE STREET INDUSTR SE SPDR",126355,01,81369Y704,17,USD,179.07000000,181.88990000,178.34000000,180.21000000,7088177.00000000,179976000,1.00000000,1.62335625,0,180.21000000,292.54502981,0.01156329,0.01156329
XLI,2026-06-25,"STATE STREET INDUSTR SE SPDR",126355,01,81369Y704,17,USD,182.24000000,186.09000000,182.05500000,184.12000000,7866721.00000000,180426000,1.00000000,1.62335625,0,184.12000000,298.89235275,0.02169691,0.02169691
XLI,2026-06-26,"STATE STREET INDUSTR SE SPDR",126355,01,81369Y704,17,USD,182.64000000,183.07000000,180.91000000,181.20000000,8855022.00000000,181676000,1.00000000,1.62335625,0,181.20000000,294.15215250,-0.01585922,-0.01585922
XLI,2026-06-29,"STATE STREET INDUSTR SE SPDR",126355,01,81369Y704,17,USD,181.51000000,183.58000000,181.35000000,182.76000000,7859061.00000000,180376000,1.00000000,1.62335625,0,182.76000000,296.68458825,0.00860927,0.00860927
XLI,2026-06-30,"STATE STREET INDUSTR SE SPDR",126355,01,81369Y704,17,USD,183.32000000,185.45000000,182.70000000,185.23000000,6529670.00000000,183276000,1.00000000,1.62335625,0,185.23000000,300.69427819,0.01351499,0.01351499
XLI,2026-07-01,"STATE STREET INDUSTR SE SPDR",126355,01,81369Y704,17,USD,184.37000000,185.65000000,182.72000000,183.36000000,8110045.00000000,182576000,1.00000000,1.62335625,0,183.36000000,297.65860200,-0.01009556,-0.01009556
XLI,2026-07-02,"STATE STREET INDUSTR SE SPDR",126355,01,81369Y704,17,USD,184.71000000,185.48000000,181.91000000,183.91000000,6530761.00000000,185076000,1.00000000,1.62335625,0,183.91000000,298.55144794,0.00299956,0.00299956
XLI,2026-07-06,"STATE STREET INDUSTR SE SPDR",126355,01,81369Y704,17,USD,184.70000000,186.44500000,184.70000000,185.56000000,6701522.00000000,185776000,1.00000000,1.62335625,0,185.56000000,301.22998575,0.00897178,0.00897178
XLI,2026-07-07,"STATE STREET INDUSTR SE SPDR",126355,01,81369Y704,17,USD,184.53500000,184.92000000,180.66000000,182.38000000,7720391.00000000,185626000,1.00000000,1.62335625,0,182.38000000,296.06771287,-0.01713731,-0.01713731
XLI,2026-07-08,"STATE STREET INDUSTR SE SPDR",126355,01,81369Y704,17,USD,180.76000000,181.89000000,179.08000000,180.42000000,7271561.00000000,185276000,1.00000000,1.62335625,0,180.42000000,292.88593463,-0.01074679,-0.01074679
XLI,2026-07-09,"STATE STREET INDUSTR SE SPDR",126355,01,81369Y704,17,USD,182.43000000,182.75000000,180.73000000,181.11000000,5325940.00000000,185726000,1.00000000,1.62335625,0,181.11000000,294.00605044,0.00382441,0.00382441
XLI,2026-07-10,"STATE STREET INDUSTR SE SPDR",126355,01,81369Y704,17,USD,181.15000000,182.58000000,180.16000000,181.92000000,5313891.00000000,185326000,1.00000000,1.62335625,0,181.92000000,295.32096900,0.00447242,0.00447242
XLI,2026-07-13,"STATE STREET INDUSTR SE SPDR",126355,01,81369Y704,17,USD,181.52000000,182.18000000,179.80000000,180.37000000,5384571.00000000,185576000,1.00000000,1.62335625,0,180.37000000,292.80476681,-0.00852023,-0.00852023
XLI,2026-07-14,"STATE STREET INDUSTR SE SPDR",126355,01,81369Y704,17,USD,181.67000000,182.51000000,179.86000000,180.45000000,6672553.00000000,185776000,1.00000000,1.62335625,0,180.45000000,292.93463531,0.00044353,0.00044353
XLI,2026-07-15,"STATE STREET INDUSTR SE SPDR",126355,01,81369Y704,17,USD,180.78000000,181.02000000,177.78000000,180.06000000,7491230.00000000,186126000,1.00000000,1.62335625,0,180.06000000,292.30152638,-0.00216126,-0.00216126
XLI,2026-07-16,"STATE STREET INDUSTR SE SPDR",126355,01,81369Y704,17,USD,178.79000000,180.56000000,178.55000000,180.15000000,6091911.00000000,185426000,1.00000000,1.62335625,0,180.15000000,292.44762844,0.00049983,0.00049983
XLI,2026-07-17,"STATE STREET INDUSTR SE SPDR",126355,01,81369Y704,17,USD,178.26000000,181.46000000,177.60000000,179.41000000,8061420.00000000,184726000,1.00000000,1.62335625,0,179.41000000,291.24634481,-0.00410769,-0.00410769
XLI,2026-07-20,"STATE STREET INDUSTR SE SPDR",126355,01,81369Y704,17,USD,180.61000000,181.26500000,177.59000000,178.12000000,6044549.00000000,183576000,1.00000000,1.62335625,0,178.12000000,289.15221525,-0.00719023,-0.00719023
XLI,2026-07-21,"STATE STREET INDUSTR SE SPDR",126355,01,81369Y704,17,USD,179.51000000,179.94000000,177.76000000,178.66000000,4835607.00000000,182376000,1.00000000,1.62335625,0,178.66000000,290.02882763,0.00303166,0.00303166
XLI,2026-07-22,"STATE STREET INDUSTR SE SPDR",126355,01,81369Y704,17,USD,178.20000000,179.84000000,178.14000000,178.85000000,4350059.00000000,182326000,1.00000000,1.62335625,0,178.85000000,290.33726531,0.00106347,0.00106347
XLI,2026-07-23,"STATE STREET INDUSTR SE SPDR",126355,01,81369Y704,17,USD,179.09000000,182.98000000,179.09000000,181.94000000,8554123.00000000,182376000,1.00000000,1.62335625,0,181.94000000,295.35343613,0.01727705,0.01727705
XLI,2026-07-24,"STATE STREET INDUSTR SE SPDR",126355,01,81369Y704,17,USD,181.92000000,183.90000000,181.74000000,182.66000000,5507200.00000000,182976000,1.00000000,1.62335625,0,182.66000000,296.52225263,0.00395735,0.00395735
XLI,2026-07-27,"STATE STREET INDUSTR SE SPDR",126355,01,81369Y704,17,USD,183.62000000,184.42000000,180.84000000,183.20000000,6178235.00000000,182376000,1.00000000,1.62335625,0,183.20000000,297.39886500,0.00295631,0.00295631
XLI,2026-07-28,"STATE STREET INDUSTR SE SPDR",126355,01,81369Y704,17,USD,182.63000000,182.95000000,181.44000000,182.49000000,5707149.00000000,180976000,1.00000000,1.62335625,0,182.49000000,296.24628206,-0.00387555,-0.00387555
XLI,2026-07-29,"STATE STREET INDUSTR SE SPDR",126355,01,81369Y704,17,USD,181.00000000,181.44000000,176.35000000,176.66000000,9504634.00000000,181676000,1.00000000,1.62335625,0,176.66000000,286.78211513,-0.03194696,-0.03194696
XLI,2026-07-30,"STATE STREET INDUSTR SE SPDR",126355,01,81369Y704,17,USD,178.93000000,179.10000000,175.96000000,178.39000000,7366866.00000000,181876000,1.00000000,1.62335625,0,178.39000000,289.59052144,0.00979282,0.00979282
XLI,2026-07-31,"STATE STREET INDUSTR SE SPDR",126355,01,81369Y704,17,USD,180.50000000,180.92440000,177.89000000,179.84000000,7205890.00000000,182926000,1.00000000,1.62335625,0,179.84000000,291.94438800,0.00812826,0.00812826
XLI,2026-08-03,"STATE STREET INDUSTR SE SPDR",126355,01,81369Y704,17,USD,180.46000000,183.34700000,180.10000000,183.16000000,8812943.00000000,184526000,1.00000000,1.62335625,0,183.16000000,297.33393075,0.01846085,0.01846085
XLI,2026-08-04,"STATE STREET INDUSTR SE SPDR",126355,01,81369Y704,17,USD,185.64000000,186.87000000,183.28000000,186.40000000,10490210.00000000,183576000,1.00000000,1.62335625,0,186.40000000,302.59360500,0.01768945,0.01768945
XLI,2026-08-05,"STATE STREET INDUSTR SE SPDR",126355,01,81369Y704,17,USD,186.58000000,188.19000000,185.99000000,186.35000000,5639528.00000000,187676000,1.00000000,1.62335625,0,186.35000000,302.51243719,-0.00026824,-0.00026824
XLI,2026-08-06,"STATE STREET INDUSTR SE SPDR",126355,01,81369Y704,17,USD,186.70000000,187.46000000,184.50000000,184.76000000,5487112.00000000,186676000,1.00000000,1.62335625,0,184.76000000,299.93130075,-0.00853233,-0.00853233
XLI,2026-08-07,"STATE STREET INDUSTR SE SPDR",126355,01,81369Y704,17,USD,185.45000000,185.87000000,183.99000000,185.18000000,6118054.00000000,188026000,1.00000000,1.62335625,0,185.18000000,300.61311038,0.00227322,0.00227322
XLI,2026-08-10,"STATE STREET INDUSTR SE SPDR",126355,01,81369Y704,17,USD,185.93000000,185.93000000,184.37000000,184.60000000,3437978.00000000,187226000,1.00000000,1.62335625,0,184.60000000,299.67156375,-0.00313209,-0.00313209
XLI,2026-08-11,"STATE STREET INDUSTR SE SPDR",126355,01,81369Y704,17,USD,185.08000000,187.26000000,185.03000000,185.70000000,4893530.00000000,186526000,1.00000000,1.62335625,0,185.70000000,301.45725563,0.00595883,0.00595883
XLI,2026-08-12,"STATE STREET INDUSTR SE SPDR",126355,01,81369Y704,17,USD,187.17000000,187.41000000,185.15000000,185.88000000,4051907.00000000,188176000,1.00000000,1.62335625,0,185.88000000,301.74945975,0.00096931,0.00096931
XLI,2026-08-13,"STATE STREET INDUSTR SE SPDR",126355,01,81369Y704,17,USD,186.48000000,186.67000000,184.74000000,185.79000000,4942523.00000000,187526000,1.00000000,1.62335625,0,185.79000000,301.60335769,-0.00048418,-0.00048418
XLI,2026-08-14,"STATE STREET INDUSTR SE SPDR",126355,01,81369Y704,17,USD,186.18000000,186.88000000,185.60010000,186.51000000,3590226.00000000,186126000,1.00000000,1.62335625,0,186.51000000,302.77217419,0.00387534,0.00387534
XLI,2026-08-17,"STATE STREET INDUSTR SE SPDR",126355,01,81369Y704,17,USD,186.39000000,187.39000000,186.18000000,186.32000000,5362908.00000000,186126000,1.00000000,1.62335625,0,186.32000000,302.46373650,-0.00101871,-0.00101871
XLI,2026-08-18,"STATE STREET INDUSTR SE SPDR",126355,01,81369Y704,17,USD,185.21000000,185.57500000,183.50500000,183.57000000,4646024.00000000,186326000,1.00000000,1.62335625,0,183.57000000,297.99950681,-0.01475955,-0.01475955
XLI,2026-08-19,"STATE STREET INDUSTR SE SPDR",126355,01,81369Y704,17,USD,184.24000000,184.62000000,181.72000000,181.95000000,8303925.00000000,186626000,1.00000000,1.62335625,0,181.95000000,295.36966969,-0.00882497,-0.00882497
XLI,2026-08-20,"STATE STREET INDUSTR SE SPDR",126355,01,81369Y704,17,USD,181.01000000,182.03000000,179.55000000,179.77000000,6497275.00000000,185476000,1.00000000,1.62335625,0,179.77000000,291.83075306,-0.01198131,-0.01198131
XLI,2026-08-21,"STATE STREET INDUSTR SE SPDR",126355,01,81369Y704,17,USD,180.95000000,181.24000000,179.79000000,180.25000000,5470879.00000000,185576000,1.00000000,1.62335625,0,180.25000000,292.60996406,0.00267008,0.00267008
XLI,2026-08-24,"STATE STREET INDUSTR SE SPDR",126355,01,81369Y704,17,USD,180.09000000,180.30000000,178.35500000,179.00000000,5242402.00000000,185326000,1.00000000,1.62335625,0,179.00000000,290.58076875,-0.00693481,-0.00693481
XLI,2026-08-25,"STATE STREET INDUSTR SE SPDR",126355,01,81369Y704,17,USD,180.76000000,180.96000000,178.16000000,178.40000000,6564240.00000000,184976000,1.00000000,1.62335625,0,178.40000000,289.60675500,-0.00335196,-0.00335196
XLI,2026-08-26,"STATE STREET INDUSTR SE SPDR",126355,01,81369Y704,17,USD,178.90000000,180.90000000,178.90000000,180.34000000,8141783.00000000,185926000,1.00000000,1.62335625,0,180.34000000,292.75606613,0.01087444,0.01087444
XLI,2026-08-27,"STATE STREET INDUSTR SE SPDR",126355,01,81369Y704,17,USD,180.47000000,180.49000000,178.18000000,178.80000000,5464696.00000000,183876000,1.00000000,1.62335625,0,178.80000000,290.25609750,-0.00853943,-0.00853943
XLI,2026-08-28,"STATE STREET INDUSTR SE SPDR",126355,01,81369Y704,17,USD,179.44000000,179.52000000,176.65000000,177.14000000,8233388.00000000,183876000,1.00000000,1.62335625,0,177.14000000,287.56132612,-0.00928412,-0.00928412
XLI,2026-08-31,"STATE STREET INDUSTR SE SPDR",126355,01,81369Y704,17,USD,176.09000000,176.25500000,174.73000000,175.13000000,7362046.00000000,183176000,1.00000000,1.62335625,0,175.13000000,284.29838006,-0.01134696,-0.01134696
XLI,2026-09-01,"STATE STREET INDUSTR SE SPDR",126355,01,81369Y704,17,USD,174.34000000,175.44000000,172.14500000,172.73000000,9137472.00000000,182426000,1.00000000,1.62335625,0,172.73000000,280.40232506,-0.01370411,-0.01370411
XLI,2026-09-02,"STATE STREET INDUSTR SE SPDR",126355,01,81369Y704,17,USD,173.34000000,173.34000000,171.61500000,172.78000000,10806770.00000000,183226000,1.00000000,1.62335625,0,172.78000000,280.48349288,0.00028947,0.00028947
XLI,2026-09-03,"STATE STREET INDUSTR SE SPDR",126355,01,81369Y704,17,USD,173.76000000,174.56000000,172.02000000,174.56000000,8340536.00000000,183926000,1.00000000,1.62335625,0,174.56000000,283.37306700,0.01030212,0.01030212
XLI,2026-09-04,"STATE STREET INDUSTR SE SPDR",126355,01,81369Y704,17,USD,174.34000000,175.77500000,174.10000000,175.27000000,5841406.00000000,181926000,1.00000000,1.62335625,0,175.27000000,284.52564994,0.00406737,0.00406737
XLI,2026-09-08,"STATE STREET INDUSTR SE SPDR",126355,01,81369Y704,17,USD,175.14000000,175.71000000,174.27000000,174.42000000,6192803.00000000,182026000,1.00000000,1.62335625,0,174.42000000,283.14579713,-0.00484966,-0.00484966
XLI,2026-09-09,"STATE STREET INDUSTR SE SPDR",126355,01,81369Y704,17,USD,173.53000000,174.16000000,171.71000000,171.79000000,6383245.00000000,181726000,1.00000000,1.62335625,0,171.79000000,278.87637019,-0.01507855,-0.01507855
XLI,2026-09-10,"STATE STREET INDUSTR SE SPDR",126355,01,81369Y704,17,USD,170.83000000,171.68000000,170.00000000,170.55000000,7784084.00000000,181226000,1.00000000,1.62335625,0,170.55000000,276.86340844,-0.00721812,-0.00721812
XLI,2026-09-11,"STATE STREET INDUSTR SE SPDR",126355,01,81369Y704,17,USD,172.45000000,172.91500000,171.87000000,172.37000000,5577022.00000000,181426000,1.00000000,1.62335625,0,172.37000000,279.81791681,0.01067136,0.01067136
XLI,2026-09-14,"STATE STREET INDUSTR SE SPDR",126355,01,81369Y704,17,USD,168.67000000,170.13500000,168.34000000,169.93000000,7347627.00000000,181226000,1.00000000,1.62335625,0,169.93000000,275.85692756,-0.01415560,-0.01415560
XLI,2026-09-15,"STATE STREET INDUSTR SE SPDR",126355,01,81369Y704,17,USD,170.47000000,171.03000000,168.42000000,168.85000000,8888909.00000000,179976000,1.00000000,1.62335625,0,168.85000000,274.10370281,-0.00635556,-0.00635556
XLI,2026-09-16,"STATE STREET INDUSTR SE SPDR",126355,01,81369Y704,17,USD,169.61000000,170.68000000,167.49000000,168.71000000,8909623.00000000,180626000,1.00000000,1.62335625,0,168.71000000,273.87643294,-0.00082914,-0.00082914
XLI,2026-09-17,"STATE STREET INDUSTR SE SPDR",126355,01,81369Y704,17,USD,171.51000000,171.51000000,168.66000000,169.01000000,5850997.00000000,180726000,1.00000000,1.62335625,0,169.01000000,274.36343981,0.00177820,0.00177820
XLI,2026-09-18,"STATE STREET INDUSTR SE SPDR",126355,01,81369Y704,17,USD,169.00000000,169.92000000,168.48000000,169.75000000,8562518.00000000,180176000,1.00000000,1.62335625,0,169.75000000,275.56472344,0.00437844,0.00437844
XLF,2026-03-20,"STATE STREET FINANCIAL SL SC",126356,01,81369Y605,17,USD,48.95500000,49.34000000,48.79000000,49.08000000,82813290.00000000,965245000,1.00000000,2.07789854,0,49.08000000,101.98326034,,
XLF,2026-03-23,"STATE STREET FINANCIAL SL SC",126356,01,81369Y605,17,USD,49.70000000,49.86000000,49.22000000,49.27000000,80563530.00000000,961945000,1.00000000,2.08850523,0,49.27000000,102.90065268,0.00387123,0.00899552
XLF,2026-03-24,"STATE STREET FINANCIAL SL SC",126356,01,81369Y605,17,USD,48.80000000,49.59000000,48.78000000,49.28000000,43263180.00000000,976895000,1.00000000,2.08850523,0,49.28000000,102.92153773,0.00020296,0.00020296
XLF,2026-03-25,"STATE STREET FINANCIAL SL SC",126356,01,81369Y605,17,USD,49.59000000,49.95010000,48.99000000,49.34000000,40333090.00000000,988745000,1.00000000,2.08850523,0,49.34000000,103.04684805,0.00121753,0.00121753
XLF,2026-03-26,"STATE STREET FINANCIAL SL SC",126356,01,81369Y605,17,USD,49.11000000,49.49000000,48.87500000,49.05000000,45033910.00000000,988745000,1.00000000,2.08850523,0,49.05000000,102.44118153,-0.00587758,-0.00587758
XLF,2026-03-27,"STATE STREET FINANCIAL SL SC",126356,01,81369Y605,17,USD,48.79000000,48.83500000,47.67000000,47.81000000,64798360.00000000,986395000,1.00000000,2.08850523,0,47.81000000,99.85143505,-0.02528033,-0.02528033
XLF,2026-03-30,"STATE STREET FINANCIAL SL SC",126356,01,81369Y605,17,USD,48.23000000,48.72000000,48.09000000,48.36000000,58091920.00000000,974795000,1.00000000,2.08850523,0,48.36000000,101.00011292,0.01150387,0.01150387
XLF,2026-03-31,"STATE STREET FINANCIAL SL SC",126356,01,81369Y605,17,USD,48.92000000,49.46000000,48.51000000,49.37000000,85320170.00000000,967745000,1.00000000,2.08850523,0,49.37000000,103.10950321,0.02088503,0.02088503
XLF,2026-04-01,"STATE STREET FINANCIAL SL SC",126356,01,81369Y605,17,USD,49.80000000,49.85000000,49.14000000,49.44000000,61529480.00000000,976445000,1.00000000,2.08850523,0,49.44000000,103.25569857,0.00141787,0.00141787
XLF,2026-04-02,"STATE STREET FINANCIAL SL SC",126356,01,81369Y605,17,USD,48.82500000,49.81000000,48.60000000,49.53000000,39502150.00000000,983295000,1.00000000,2.08850523,0,49.53000000,103.44366404,0.00182039,0.00182039
XLF,2026-04-06,"STATE STREET FINANCIAL SL SC",126356,01,81369Y605,17,USD,49.51000000,50.00500000,49.45000000,49.88000000,27289770.00000000,984145000,1.00000000,2.08850523,0,49.88000000,104.17464087,0.00706642,0.00706642
XLF,2026-04-07,"STATE STREET FINANCIAL SL SC",126356,01,81369Y605,17,USD,49.62000000,50.02000000,49.50000000,49.88000000,31352520.00000000,980945000,1.00000000,2.08850523,0,49.88000000,104.17464087,0.00000000,0.00000000
XLF,2026-04-08,"STATE STREET FINANCIAL SL SC",126356,01,81369Y605,17,USD,51.19000000,51.48000000,50.96010000,51.20000000,47850330.00000000,983295000,1.00000000,2.08850523,0,51.20000000,106.93146778,0.02646351,0.02646351
XLF,2026-04-09,"STATE STREET FINANCIAL SL SC",126356,01,81369Y605,17,USD,50.94000000,51.54000000,50.79500000,51.33000000,30300070.00000000,985645000,1.00000000,2.08850523,0,51.33000000,107.20297346,0.00253906,0.00253906
XLF,2026-04-10,"STATE STREET FINANCIAL SL SC",126356,01,81369Y605,17,USD,51.23000000,51.29000000,50.64000000,50.77000000,35380020.00000000,988495000,1.00000000,2.08850523,0,50.77000000,106.03341053,-0.01090980,-0.01090980
XLF,2026-04-13,"STATE STREET FINANCIAL SL SC",126356,01,81369Y605,17,USD,50.50000000,51.67000000,50.42000000,51.66000000,33590920.00000000,981395000,1.00000000,2.08850523,0,51.66000000,107.89218018,0.01753004,0.01753004
XLF,2026-04-14,"STATE STREET FINANCIAL SL SC",126356,01,81369Y605,17,USD,51.51000000,51.91000000,51.44000000,51.78000000,36493620.00000000,989145000,1.00000000,2.08850523,0,51.78000000,108.14280081,0.00232288,0.00232288
XLF,2026-04-15,"STATE STREET FINANCIAL SL SC",126356,01,81369Y605,17,USD,52.07000000,52.33000000,51.82000000,52.17000000,33766540.00000000,976295000,1.00000000,2.08850523,0,52.17000000,108.95731785,0.00753187,0.00753187
XLF,2026-04-16,"STATE STREET FINANCIAL SL SC",126356,01,81369Y605,17,USD,52.09000000,52.41000000,51.91500000,52.03000000,25397060.00000000,978495000,1.00000000,2.08850523,0,52.03000000,108.66492712,-0.00268353,-0.00268353
XLF,2026-04-17,"STATE STREET FINANCIAL SL SC",126356,01,81369Y605,17,USD,52.37000000,52.98000000,52.30000000,52.43000000,45167290.00000000,978495000,1.00000000,2.08850523,0,52.43000000,109.50032921,0.00768787,0.00768787
XLF,2026-04-20,"STATE STREET FINANCIAL SL SC",126356,01,81369Y605,17,USD,52.33500000,52.76000000,52.26000000,52.63000000,25671310.00000000,978495000,1.00000000,2.08850523,0,52.63000000,109.91803025,0.00381461,0.00381461
XLF,2026-04-21,"STATE STREET FINANCIAL SL SC",126356,01,81369Y605,17,USD,52.71000000,53.19000000,52.20000000,52.30000000,34093340.00000000,994895000,1.00000000,2.08850523,0,52.30000000,109.22882353,-0.00627019,-0.00627019
XLF,2026-04-22,"STATE STREET FINANCIAL SL SC",126356,01,81369Y605,17,USD,52.48000000,52.64500000,52.07000000,52.21000000,31775430.00000000,998895000,1.00000000,2.08850523,0,52.21000000,109.04085806,-0.00172084,-0.00172084
XLF,2026-04-23,"STATE STREET FINANCIAL SL SC",126356,01,81369Y605,17,USD,52.08000000,52.16600000,51.30000000,51.80000000,44625040.00000000,991595000,1.00000000,2.08850523,0,51.80000000,108.18457091,-0.00785290,-0.00785290
XLF,2026-04-24,"STATE STREET FINANCIAL SL SC",126356,01,81369Y605,17,USD,51.58000000,51.67000000,51.32000000,51.42000000,27196310.00000000,991395000,1.00000000,2.08850523,0,51.42000000,107.39093893,-0.00733591,-0.00733591
XLF,2026-04-27,"STATE STREET FINANCIAL SL SC",126356,01,81369Y605,17,USD,51.31000000,51.90000000,51.27000000,51.81000000,25718980.00000000,991395000,1.00000000,2.08850523,0,51.81000000,108.20545597,0.00758460,0.00758460
XLF,2026-04-28,"STATE STREET FINANCIAL SL SC",126356,01,81369Y605,17,USD,52.20000000,52.39500000,51.80000000,51.85000000,24118020.00000000,988395000,1.00000000,2.08850523,0,51.85000000,108.28899618,0.00077205,0.00077205
XLF,2026-04-29,"STATE STREET FINANCIAL SL SC",126356,01,81369Y605,17,USD,52.13000000,52.30000000,51.70000000,51.92000000,21962170.00000000,999395000,1.00000000,2.08850523,0,51.92000000,108.43519154,0.00135005,0.00135005
XLF,2026-04-30,"STATE STREET FINANCIAL SL SC",126356,01,81369Y605,17,USD,51.51000000,52.25000000,51.20000000,52.13000000,31342500.00000000,986195000,1.00000000,2.08850523,0,52.13000000,108.87377764,0.00404468,0.00404468
XLF,2026-05-01,"STATE STREET FINANCIAL SL SC",126356,01,81369Y605,17,USD,52.40000000,52.61000000,51.92000000,51.92000000,39554230.00000000,987245000,1.00000000,2.08850523,0,51.92000000,108.43519154,-0.00402839,-0.00402839
XLF,2026-05-04,"STATE STREET FINANCIAL SL SC",126356,01,81369Y605,17,USD,51.78000000,52.19000000,51.49000000,51.58000000,44444230.00000000,1003445000,1.00000000,2.08850523,0,51.58000000,107.72509976,-0.00654854,-0.00654854
XLF,2026-05-05,"STATE STREET FINANCIAL SL SC",126356,01,81369Y605,17,USD,51.57000000,51.77000000,51.37990000,51.59000000,27382150.00000000,1003445000,1.00000000,2.08850523,0,51.59000000,107.74598482,0.00019387,0.00019387
XLF,2026-05-06,"STATE STREET FINANCIAL SL SC",126356,01,81369Y605,17,USD,51.92000000,52.23500000,51.77500000,51.84000000,39028380.00000000,993445000,1.00000000,2.08850523,0,51.84000000,108.26811112,0.00484590,0.00484590
XLF,2026-05-07,"STATE STREET FINANCIAL SL SC",126356,01,81369Y605,17,USD,51.78000000,52.08000000,51.42000000,51.55000000,36976110.00000000,993445000,1.00000000,2.08850523,0,51.55000000,107.66244461,-0.00559414,-0.00559414
XLF,2026-05-08,"STATE STREET FINANCIAL SL SC",126356,01,81369Y605,17,USD,51.68000000,51.74000000,51.13500000,51.24000000,29608650.00000000,990395000,1.00000000,2.08850523,0,51.24000000,107.01500799,-0.00601358,-0.00601358
XLF,2026-05-11,"STATE STREET FINANCIAL SL SC",126356,01,81369Y605,17,USD,51.26000000,51.46000000,50.95500000,51.18000000,30738670.00000000,982495000,1.00000000,2.08850523,0,51.18000000,106.88969767,-0.00117096,-0.00117096
XLF,2026-05-12,"STATE STREET FINANCIAL SL SC",126356,01,81369Y605,17,USD,51.18000000,51.70000000,50.81000000,51.58000000,44178050.00000000,977095000,1.00000000,2.08850523,0,51.58000000,107.72509976,0.00781555,0.00781555
XLF,2026-05-13,"STATE STREET FINANCIAL SL SC",126356,01,81369Y605,17,USD,51.14000000,51.32500000,50.95500000,50.99000000,33386460.00000000,981595000,1.00000000,2.08850523,0,50.99000000,106.49288168,-0.01143854,-0.01143854
XLF,2026-05-14,"STATE STREET FINANCIAL SL SC",126356,01,81369Y605,17,USD,51.27000000,51.49000000,51.09500000,51.29000000,37014050.00000000,978045000,1.00000000,2.08850523,0,51.29000000,107.11943325,0.00588351,0.00588351
XLF,2026-05-15,"STATE STREET FINANCIAL SL SC",126356,01,81369Y605,17,USD,51.32000000,51.49500000,51.03500000,51.10000000,29697530.00000000,979195000,1.00000000,2.08850523,0,51.10000000,106.72261725,-0.00370443,-0.00370443
XLF,2026-05-18,"STATE STREET FINANCIAL SL SC",126356,01,81369Y605,17,USD,51.01000000,51.80000000,50.97000000,51.74000000,32884420.00000000,975795000,1.00000000,2.08850523,0,51.74000000,108.05926060,0.01252446,0.01252446
XLF,2026-05-19,"STATE STREET FINANCIAL SL SC",126356,01,81369Y605,17,USD,51.63000000,51.79000000,51.05000000,51.10000000,35887660.00000000,966395000,1.00000000,2.08850523,0,51.10000000,106.72261725,-0.01236954,-0.01236954
XLF,2026-05-20,"STATE STREET FINANCIAL SL SC",126356,01,81369Y605,17,USD,51.23000000,51.71000000,50.78000000,51.66000000,42144890.00000000,958745000,1.00000000,2.08850523,0,51.66000000,107.89218018,0.01095890,0.01095890
XLF,2026-05-21,"STATE STREET FINANCIAL SL SC",126356,01,81369Y605,17,USD,51.46000000,51.83000000,51.21000000,51.73000000,33336450.00000000,965845000,1.00000000,2.08850523,0,51.73000000,108.03837555,0.00135501,0.00135501
XLF,2026-05-22,"STATE STREET FINANCIAL SL SC",126356,01,81369Y605,17,USD,51.90000000,52.17000000,51.84000000,51.94000000,23273290.00000000,962145000,1.00000000,2.08850523,0,51.94000000,108.47696165,0.00405954,0.00405954
XLF,2026-05-26,"STATE STREET FINANCIAL SL SC",126356,01,81369Y605,17,USD,52.00000000,52.23000000,51.72000000,51.85000000,24508690.00000000,966545000,1.00000000,2.08850523,0,51.85000000,108.28899618,-0.00173277,-0.00173277
XLF,2026-05-27,"STATE STREET FINANCIAL SL SC",126356,01,81369Y605,17,USD,51.74000000,51.99000000,51.30000000,51.42000000,45178370.00000000,970095000,1.00000000,2.08850523,0,51.42000000,107.39093893,-0.00829315,-0.00829315
XLF,2026-05-28,"STATE STREET FINANCIAL SL SC",126356,01,81369Y605,17,USD,51.19000000,51.50000000,51.02000000,51.27000000,40563370.00000000,964695000,1.00000000,2.08850523,0,51.27000000,107.07766314,-0.00291715,-0.00291715
XLF,2026-05-29,"STATE STREET FINANCIAL SL SC",126356,01,81369Y605,17,USD,51.28000000,51.79000000,51.17000000,51.58000000,34030680.00000000,958295000,1.00000000,2.08850523,0,51.58000000,107.72509976,0.00604642,0.00604642
XLF,2026-06-01,"STATE STREET FINANCIAL SL SC",126356,01,81369Y605,17,USD,51.22500000,51.59750000,51.19000000,51.43000000,34503260.00000000,957695000,1.00000000,2.08850523,0,51.43000000,107.41182398,-0.00290810,-0.00290810
XLF,2026-06-02,"STATE STREET FINANCIAL SL SC",126356,01,81369Y605,17,USD,51.23000000,51.66000000,50.98000000,51.46000000,30936860.00000000,948445000,1.00000000,2.08850523,0,51.46000000,107.47447914,0.00058332,0.00058332
XLF,2026-06-03,"STATE STREET FINANCIAL SL SC",126356,01,81369Y605,17,USD,51.14000000,51.15500000,50.52000000,50.87000000,44862160.00000000,947895000,1.00000000,2.08850523,0,50.87000000,106.24226105,-0.01146522,-0.01146522
XLF,2026-06-04,"STATE STREET FINANCIAL SL SC",126356,01,81369Y605,17,USD,51.54000000,52.30000000,51.48000000,52.19000000,57347610.00000000,937545000,1.00000000,2.08850523,0,52.19000000,108.99908795,0.02594850,0.02594850
XLF,2026-06-05,"STATE STREET FINANCIAL SL SC",126356,01,81369Y605,17,USD,52.37500000,52.47500000,52.06000000,52.30000000,42044660.00000000,947195000,1.00000000,2.08850523,0,52.30000000,109.22882353,0.00210768,0.00210768
XLF,2026-06-08,"STATE STREET FINANCIAL SL SC",126356,01,81369Y605,17,USD,52.24000000,52.47000000,51.96000000,51.97000000,39063460.00000000,949545000,1.00000000,2.08850523,0,51.97000000,108.53961680,-0.00630975,-0.00630975
XLF,2026-06-09,"STATE STREET FINANCIAL SL SC",126356,01,81369Y605,17,USD,52.18000000,52.70000000,52.03500000,52.46000000,41662660.00000000,953445000,1.00000000,2.08850523,0,52.46000000,109.56298437,0.00942852,0.00942852
XLF,2026-06-10,"STATE STREET FINANCIAL SL SC",126356,01,81369Y605,17,USD,52.49500000,52.81000000,52.21000000,52.23000000,31103250.00000000,955195000,1.00000000,2.08850523,0,52.23000000,109.08262816,-0.00438429,-0.00438429
XLF,2026-06-11,"STATE STREET FINANCIAL SL SC",126356,01,81369Y605,17,USD,52.34500000,52.77000000,52.04000000,52.62000000,41267260.00000000,945645000,1.00000000,2.08850523,0,52.62000000,109.89714520,0.00746697,0.00746697
XLF,2026-06-12,"STATE STREET FINANCIAL SL SC",126356,01,81369Y605,17,USD,52.96000000,53.55000000,52.81010000,53.34000000,50992450.00000000,947395000,1.00000000,2.08850523,0,53.34000000,111.40086897,0.01368301,0.01368301
XLF,2026-06-15,"STATE STREET FINANCIAL SL SC",126356,01,81369Y605,17,USD,53.76000000,53.97000000,53.48000000,53.56000000,37468360.00000000,953295000,1.00000000,2.08850523,0,53.56000000,111.86034012,0.00412448,0.00412448
XLF,2026-06-16,"STATE STREET FINANCIAL SL SC",126356,01,81369Y605,17,USD,54.00500000,54.43000000,53.84500000,54.35000000,37456300.00000000,955895000,1.00000000,2.08850523,0,54.35000000,113.51025925,0.01474981,0.01474981
XLF,2026-06-17,"STATE STREET FINANCIAL SL SC",126356,01,81369Y605,17,USD,54.29000000,54.89000000,53.90000000,54.05000000,49556000.00000000,959995000,1.00000000,2.08850523,0,54.05000000,112.88370768,-0.00551978,-0.00551978
XLF,2026-06-18,"STATE STREET FINANCIAL SL SC",126356,01,81369Y605,17,USD,54.55000000,54.61000000,53.46000000,53.57000000,37633080.00000000,961795000,1.00000000,2.08850523,0,53.57000000,111.88122517,-0.00888067,-0.00888067
XLF,2026-06-22,"STATE STREET FINANCIAL SL SC",126356,01,81369Y605,17,USD,53.61500000,54.02000000,53.57000000,53.70000000,27929550.00000000,944395000,1.00000000,2.09578194,0,53.70000000,112.54349018,0.00242673,0.00591936
XLF,2026-06-23,"STATE STREET FINANCIAL SL SC",126356,01,81369Y605,17,USD,53.63000000,54.02500000,53.49000000,53.88000000,33331860.00000000,946395000,1.00000000,2.09578194,0,53.88000000,112.92073093,0.00335196,0.00335196
XLF,2026-06-24,"STATE STREET FINANCIAL SL SC",126356,01,81369Y605,17,USD,53.86000000,54.10000000,53.54000000,53.72000000,30759590.00000000,937945000,1.00000000,2.09578194,0,53.72000000,112.58540582,-0.00296956,-0.00296956
XLF,2026-06-25,"STATE STREET FINANCIAL SL SC",126356,01,81369Y605,17,USD,53.92000000,54.68000000,53.40000000,53.45000000,31307940.00000000,946345000,1.00000000,2.09578194,0,53.45000000,112.01954469,-0.00502606,-0.00502606
XLF,2026-06-26,"STATE STREET FINANCIAL SL SC",126356,01,81369Y605,17,USD,53.56000000,53.94000000,53.20000000,53.57000000,26425460.00000000,953295000,1.00000000,2.09578194,0,53.57000000,112.27103853,0.00224509,0.00224509
XLF,2026-06-29,"STATE STREET FINANCIAL SL SC",126356,01,81369Y605,17,USD,53.70000000,54.02500000,53.68000000,53.72000000,31610730.00000000,952595000,1.00000000,2.09578194,0,53.72000000,112.58540582,0.00280007,0.00280007
XLF,2026-06-30,"STATE STREET FINANCIAL SL SC",126356,01,81369Y605,17,USD,53.66000000,53.85000000,53.39500000,53.61000000,27688010.00000000,957545000,1.00000000,2.09578194,0,53.61000000,112.35486980,-0.00204765,-0.00204765
XLF,2026-07-01,"STATE STREET FINANCIAL SL SC",126356,01,81369Y605,17,USD,53.82500000,55.08000000,53.75000000,54.78000000,47733060.00000000,963795000,1.00000000,2.09578194,0,54.78000000,114.80693467,0.02182429,0.02182429
XLF,2026-07-02,"STATE STREET FINANCIAL SL SC",126356,01,81369Y605,17,USD,55.28000000,55.64000000,55.00500000,55.62000000,46244220.00000000,960645000,1.00000000,2.09578194,0,55.62000000,116.56739150,0.01533406,0.01533406
XLF,2026-07-06,"STATE STREET FINANCIAL SL SC",126356,01,81369Y605,17,USD,55.84500000,56.16000000,55.57500000,56.14000000,31957940.00000000,962195000,1.00000000,2.09578194,0,56.14000000,117.65719811,0.00934915,0.00934915
XLF,2026-07-07,"STATE STREET FINANCIAL SL SC",126356,01,81369Y605,17,USD,56.30500000,56.59000000,56.01000000,56.05000000,27099360.00000000,970495000,1.00000000,2.09578194,0,56.05000000,117.46857774,-0.00160314,-0.00160314
XLF,2026-07-08,"STATE STREET FINANCIAL SL SC",126356,01,81369Y605,17,USD,55.79000000,55.80000000,54.95000000,54.97000000,41462150.00000000,973945000,1.00000000,2.09578194,0,54.97000000,115.20513324,-0.01926851,-0.01926851
XLF,2026-07-09,"STATE STREET FINANCIAL SL SC",126356,01,81369Y605,17,USD,55.07000000,55.68990000,54.97030000,55.54000000,26522950.00000000,973645000,1.00000000,2.09578194,0,55.54000000,116.39972895,0.01036929,0.01036929
XLF,2026-07-10,"STATE STREET FINANCIAL SL SC",126356,01,81369Y605,17,USD,55.99000000,56.03000000,55.36000000,55.71000000,24031440.00000000,970145000,1.00000000,2.09578194,0,55.71000000,116.75601188,0.00306086,0.00306086
XLF,2026-07-13,"STATE STREET FINANCIAL SL SC",126356,01,81369Y605,17,USD,55.98000000,56.16000000,55.60500000,56.07000000,33350250.00000000,965895000,1.00000000,2.09578194,0,56.07000000,117.51049338,0.00646204,0.00646204
XLF,2026-07-14,"STATE STREET FINANCIAL SL SC",126356,01,81369Y605,17,USD,55.60000000,56.80000000,55.59000000,56.18000000,43161590.00000000,966595000,1.00000000,2.09578194,0,56.18000000,117.74102939,0.00196183,0.00196183
XLF,2026-07-15,"STATE STREET FINANCIAL SL SC",126356,01,81369Y605,17,USD,56.30000000,56.81500000,56.18000000,56.56000000,49407830.00000000,970195000,1.00000000,2.09578194,0,56.56000000,118.53742653,0.00676397,0.00676397
XLF,2026-07-16,"STATE STREET FINANCIAL SL SC",126356,01,81369Y605,17,USD,56.76000000,56.84000000,56.38500000,56.75000000,27510170.00000000,987145000,1.00000000,2.09578194,0,56.75000000,118.93562510,0.00335926,0.00335926
XLF,2026-07-17,"STATE STREET FINANCIAL SL SC",126356,01,81369Y605,17,USD,56.43000000,56.93500000,56.12000000,56.26000000,42838650.00000000,1000845000,1.00000000,2.09578194,0,56.26000000,117.90869194,-0.00863436,-0.00863436
XLF,2026-07-20,"STATE STREET FINANCIAL SL SC",126356,01,81369Y605,17,USD,56.30000000,56.38000000,55.89000000,56.04000000,38123940.00000000,992195000,1.00000000,2.09578194,0,56.04000000,117.44761992,-0.00391042,-0.00391042
XLF,2026-07-21,"STATE STREET FINANCIAL SL SC",126356,01,81369Y605,17,USD,55.99000000,56.33500000,55.72000000,56.11000000,26353580.00000000,984245000,1.00000000,2.09578194,0,56.11000000,117.59432465,0.00124911,0.00124911
XLF,2026-07-22,"STATE STREET FINANCIAL SL SC",126356,01,81369Y605,17,USD,56.14000000,56.27500000,55.91000000,56.05000000,25372400.00000000,997045000,1.00000000,2.09578194,0,56.05000000,117.46857774,-0.00106933,-0.00106933
XLF,2026-07-23,"STATE STREET FINANCIAL SL SC",126356,01,81369Y605,17,USD,55.68000000,55.86000000,55.45000000,55.83000000,24260610.00000000,996345000,1.00000000,2.09578194,0,55.83000000,117.00750571,-0.00392507,-0.00392507
XLF,2026-07-24,"STATE STREET FINANCIAL SL SC",126356,01,81369Y605,17,USD,55.83000000,56.37990000,55.69000000,56.31000000,32201320.00000000,993645000,1.00000000,2.09578194,0,56.31000000,118.01348104,0.00859753,0.00859753
XLF,2026-07-27,"STATE STREET FINANCIAL SL SC",126356,01,81369Y605,17,USD,56.76000000,57.13000000,56.58500000,56.88000000,29773110.00000000,988095000,1.00000000,2.09578194,0,56.88000000,119.20807675,0.01012254,0.01012254
XLF,2026-07-28,"STATE STREET FINANCIAL SL SC",126356,01,81369Y605,17,USD,57.13000000,57.60000000,56.95000000,57.60000000,34119480.00000000,1017745000,1.00000000,2.09578194,0,57.60000000,120.71703974,0.01265823,0.01265823
XLF,2026-07-29,"STATE STREET FINANCIAL SL SC",126356,01,81369Y605,17,USD,57.29000000,57.47010000,56.58500000,56.68000000,48926910.00000000,1026545000,1.00000000,2.09578194,0,56.68000000,118.78892036,-0.01597222,-0.01597222
XLF,2026-07-30,"STATE STREET FINANCIAL SL SC",126356,01,81369Y605,17,USD,56.82000000,57.05000000,56.18470000,57.00000000,33170580.00000000,1010795000,1.00000000,2.09578194,0,57.00000000,119.45957058,0.00564573,0.00564573
XLF,2026-07-31,"STATE STREET FINANCIAL SL SC",126356,01,81369Y605,17,USD,56.81000000,57.12000000,56.69000000,56.94000000,32521950.00000000,1016745000,1.00000000,2.09578194,0,56.94000000,119.33382366,-0.00105263,-0.00105263
XLF,2026-08-03,"STATE STREET FINANCIAL SL SC",126356,01,81369Y605,17,USD,57.29000000,57.55000000,57.00000000,57.38000000,30992810.00000000,1022595000,1.00000000,2.09578194,0,57.38000000,120.25596772,0.00772743,0.00772743
XLF,2026-08-04,"STATE STREET FINANCIAL SL SC",126356,01,81369Y605,17,USD,57.22000000,58.01500000,57.19000000,57.88000000,31398370.00000000,1022095000,1.00000000,2.09578194,0,57.88000000,121.30385869,0.00871384,0.00871384
XLF,2026-08-05,"STATE STREET FINANCIAL SL SC",126356,01,81369Y605,17,USD,58.18000000,58.40500000,57.80000000,58.00000000,34247380.00000000,1024995000,1.00000000,2.09578194,0,58.00000000,121.55535252,0.00207326,0.00207326
XLF,2026-08-06,"STATE STREET FINANCIAL SL SC",126356,01,81369Y605,17,USD,58.38000000,58.38000000,57.59000000,57.81000000,27656370.00000000,1020495000,1.00000000,2.09578194,0,57.81000000,121.15715395,-0.00327586,-0.00327586
XLF,2026-08-07,"STATE STREET FINANCIAL SL SC",126356,01,81369Y605,17,USD,57.61000000,57.79000000,57.34000000,57.60000000,20360360.00000000,1020145000,1.00000000,2.09578194,0,57.60000000,120.71703974,-0.00363259,-0.00363259
XLF,2026-08-10,"STATE STREET FINANCIAL SL SC",126356,01,81369Y605,17,USD,57.54000000,58.02000000,57.45500000,57.81000000,26063370.00000000,1015595000,1.00000000,2.09578194,0,57.81000000,121.15715395,0.00364583,0.00364583
XLF,2026-08-11,"STATE STREET FINANCIAL SL SC",126356,01,81369Y605,17,USD,57.78000000,58.09500000,57.71500000,57.80000000,19738920.00000000,1017245000,1.00000000,2.09578194,0,57.80000000,121.13619613,-0.00017298,-0.00017298
XLF,2026-08-12,"STATE STREET FINANCIAL SL SC",126356,01,81369Y605,17,USD,57.83000000,58.00000000,57.68000000,57.92000000,18432670.00000000,1009645000,1.00000000,2.09578194,0,57.92000000,121.38768996,0.00207612,0.00207612
XLF,2026-08-13,"STATE STREET FINANCIAL SL SC",126356,01,81369Y605,17,USD,58.19000000,58.30500000,57.75000000,58.26000000,23178670.00000000,1006195000,1.00000000,2.09578194,0,58.26000000,122.10025582,0.00587017,0.00587017
XLF,2026-08-14,"STATE STREET FINANCIAL SL SC",126356,01,81369Y605,17,USD,58.22000000,58.29000000,58.06000000,58.16000000,28125650.00000000,1002845000,1.00000000,2.09578194,0,58.16000000,121.89067763,-0.00171644,-0.00171644
XLF,2026-08-17,"STATE STREET FINANCIAL SL SC",126356,01,81369Y605,17,USD,57.96000000,58.26500000,57.55000000,57.58000000,45606570.00000000,998895000,1.00000000,2.09578194,0,57.58000000,120.67512411,-0.00997249,-0.00997249
XLF,2026-08-18,"STATE STREET FINANCIAL SL SC",126356,01,81369Y605,17,USD,57.73000000,57.97960000,57.56500000,57.84000000,25178550.00000000,986745000,1.00000000,2.09578194,0,57.84000000,121.22002741,0.00451546,0.00451546
XLF,2026-08-19,"STATE STREET FINANCIAL SL SC",126356,01,81369Y605,17,USD,57.88000000,58.20000000,57.42000000,57.48000000,35615620.00000000,979745000,1.00000000,2.09578194,0,57.48000000,120.46554591,-0.00622407,-0.00622407
XLF,2026-08-20,"STATE STREET FINANCIAL SL SC",126356,01,81369Y605,17,USD,57.47000000,57.65500000,56.91000000,56.95000000,30676840.00000000,975045000,1.00000000,2.09578194,0,56.95000000,119.35478148,-0.00922060,-0.00922060
XLF,2026-08-21,"STATE STREET FINANCIAL SL SC",126356,01,81369Y605,17,USD,57.32000000,57.69500000,57.24500000,57.48000000,27262560.00000000,975445000,1.00000000,2.09578194,0,57.48000000,120.46554591,0.00930641,0.00930641
XLF,2026-08-24,"STATE STREET FINANCIAL SL SC",126356,01,81369Y605,17,USD,57.70000000,58.37590000,57.64000000,58.22000000,31407670.00000000,966845000,1.00000000,2.09578194,0,58.22000000,122.01642455,0.01287404,0.01287404
XLF,2026-08-25,"STATE STREET FINANCIAL SL SC",126356,01,81369Y605,17,USD,58.19000000,58.36000000,57.87000000,58.31000000,23669460.00000000,962595000,1.00000000,2.09578194,0,58.31000000,122.20504492,0.00154586,0.00154586
XLF,2026-08-26,"STATE STREET FINANCIAL SL SC",126356,01,81369Y605,17,USD,58.25000000,58.38000000,58.02000000,58.26000000,20035370.00000000,963145000,1.00000000,2.09578194,0,58.26000000,122.10025582,-0.00085749,-0.00085749
XLF,2026-08-27,"STATE STREET FINANCIAL SL SC",126356,01,81369Y605,17,USD,57.91000000,58.23000000,57.73000000,57.88000000,26081050.00000000,954545000,1.00000000,2.09578194,0,57.88000000,121.30385869,-0.00652249,-0.00652249
XLF,2026-08-28,"STATE STREET FINANCIAL SL SC",126356,01,81369Y605,17,USD,57.98000000,58.41000000,57.92000000,58.10000000,25117400.00000000,954545000,1.00000000,2.09578194,0,58.10000000,121.76493071,0.00380097,0.00380097
XLF,2026-08-31,"STATE STREET FINANCIAL SL SC",126356,01,81369Y605,17,USD,57.86000000,57.92500000,57.69000000,57.71000000,25203340.00000000,944445000,1.00000000,2.09578194,0,57.71000000,120.94757576,-0.00671256,-0.00671256
XLF,2026-09-01,"STATE STREET FINANCIAL SL SC",126356,01,81369Y605,17,USD,57.61000000,57.98000000,57.13000000,57.20000000,32383940.00000000,946295000,1.00000000,2.09578194,0,57.20000000,119.87872697,-0.00883729,-0.00883729
XLF,2026-09-02,"STATE STREET FINANCIAL SL SC",126356,01,81369Y605,17,USD,57.38000000,58.22610000,57.32000000,57.66000000,31312810.00000000,945395000,1.00000000,2.09578194,0,57.66000000,120.84278666,0.00804196,0.00804196
XLF,2026-09-03,"STATE STREET FINANCIAL SL SC",126356,01,81369Y605,17,USD,58.00000000,58.60000000,57.99000000,58.56000000,32642440.00000000,946845000,1.00000000,2.09578194,0,58.56000000,122.72899041,0.01560874,0.01560874
XLF,2026-09-04,"STATE STREET FINANCIAL SL SC",126356,01,81369Y605,17,USD,58.04000000,58.38000000,57.91500000,58.10000000,26343460.00000000,952195000,1.00000000,2.09578194,0,58.10000000,121.76493071,-0.00785519,-0.00785519
XLF,2026-09-08,"STATE STREET FINANCIAL SL SC",126356,01,81369Y605,17,USD,57.70500000,57.82000000,57.26000000,57.30000000,38136800.00000000,955545000,1.00000000,2.09578194,0,57.30000000,120.08830516,-0.01376936,-0.01376936
XLF,2026-09-09,"STATE STREET FINANCIAL SL SC",126356,01,81369Y605,17,USD,57.13000000,57.33000000,56.73000000,57.06000000,27498910.00000000,950545000,1.00000000,2.09578194,0,57.06000000,119.58531750,-0.00418848,-0.00418848
XLF,2026-09-10,"STATE STREET FINANCIAL SL SC",126356,01,81369Y605,17,USD,56.91000000,57.11000000,56.69010000,56.87000000,25333990.00000000,956245000,1.00000000,2.09578194,0,56.87000000,119.18711893,-0.00332983,-0.00332983
XLF,2026-09-11,"STATE STREET FINANCIAL SL SC",126356,01,81369Y605,17,USD,57.44000000,57.61500000,56.95500000,57.25000000,34700550.00000000,958195000,1.00000000,2.09578194,0,57.25000000,119.98351607,0.00668191,0.00668191
XLF,2026-09-14,"STATE STREET FINANCIAL SL SC",126356,01,81369Y605,17,USD,57.34000000,57.57000000,56.76000000,57.03000000,38136160.00000000,963895000,1.00000000,2.09578194,0,57.03000000,119.52244404,-0.00384279,-0.00384279
XLF,2026-09-15,"STATE STREET FINANCIAL SL SC",126356,01,81369Y605,17,USD,56.97000000,56.99000000,56.46000000,56.85000000,30144410.00000000,969795000,1.00000000,2.09578194,0,56.85000000,119.14520329,-0.00315623,-0.00315623
XLF,2026-09-16,"STATE STREET FINANCIAL SL SC",126356,01,81369Y605,17,USD,56.82000000,56.85000000,55.44000000,55.93000000,52985440.00000000,970795000,1.00000000,2.09578194,0,55.93000000,117.21708390,-0.01618294,-0.01618294
XLF,2026-09-17,"STATE STREET FINANCIAL SL SC",126356,01,81369Y605,17,USD,56.27000000,56.40000000,55.56000000,55.88000000,29031210.00000000,959645000,1.00000000,2.09578194,0,55.88000000,117.11229481,-0.00089397,-0.00089397
XLF,2026-09-18,"STATE STREET FINANCIAL SL SC",126356,01,81369Y605,17,USD,55.66000000,55.98000000,55.46000000,55.86000000,35960890.00000000,945495000,1.00000000,2.09578194,0,55.86000000,117.07037917,-0.00035791,-0.00035791
XLE,2026-03-20,"STATE STREET ENERGY SLCT SEC",126374,01,81369Y506,17,USD,59.55500000,60.32000000,59.28000000,59.31000000,72879230.00000000,701098000,1.00000000,2.01640444,0,59.31000000,119.59294734,,
XLE,2026-03-23,"STATE STREET ENERGY SLCT SEC",126374,01,81369Y506,17,USD,57.89000000,59.84000000,57.66000000,59.63000000,70993010.00000000,701098000,1.00000000,2.02943008,0,59.63000000,121.01491567,0.00539538,0.01189007
XLE,2026-03-24,"STATE STREET ENERGY SLCT SEC",126374,01,81369Y506,17,USD,59.80000000,61.47000000,59.77000000,60.84000000,51093010.00000000,693698000,1.00000000,2.02943008,0,60.84000000,123.47052607,0.02029180,0.02029180
XLE,2026-03-25,"STATE STREET ENERGY SLCT SEC",126374,01,81369Y506,17,USD,60.32000000,61.00000000,60.26000000,60.57000000,42668730.00000000,694498000,1.00000000,2.02943008,0,60.57000000,122.92257995,-0.00443787,-0.00443787
XLE,2026-03-26,"STATE STREET ENERGY SLCT SEC",126374,01,81369Y506,17,USD,60.67000000,61.86000000,60.59000000,61.52000000,54924600.00000000,694498000,1.00000000,2.02943008,0,61.52000000,124.85053852,0.01568433,0.01568433
XLE,2026-03-27,"STATE STREET ENERGY SLCT SEC",126374,01,81369Y506,17,USD,61.53000000,62.79000000,61.26000000,62.56000000,59430060.00000000,692748000,1.00000000,2.02943008,0,62.56000000,126.96114580,0.01690507,0.01690507
XLE,2026-03-30,"STATE STREET ENERGY SLCT SEC",126374,01,81369Y506,17,USD,63.13000000,63.46000000,61.78000000,61.96000000,49637010.00000000,707148000,1.00000000,2.02943008,0,61.96000000,125.74348776,-0.00959079,-0.00959079
XLE,2026-03-31,"STATE STREET ENERGY SLCT SEC",126374,01,81369Y506,17,USD,62.04000000,62.83000000,60.03500000,61.26000000,94619380.00000000,711948000,1.00000000,2.02943008,0,61.26000000,124.32288670,-0.01129761,-0.01129761
XLE,2026-04-01,"STATE STREET ENERGY SLCT SEC",126374,01,81369Y506,17,USD,59.72000000,60.62000000,58.35500000,58.97000000,96568860.00000000,714448000,1.00000000,2.02943008,0,58.97000000,119.67549182,-0.03738165,-0.03738165
XLE,2026-04-02,"STATE STREET ENERGY SLCT SEC",126374,01,81369Y506,17,USD,60.53000000,61.01000000,58.98000000,59.25000000,60361830.00000000,708098000,1.00000000,2.02943008,0,59.25000000,120.24373224,0.00474818,0.00474818
XLE,2026-04-06,"STATE STREET ENERGY SLCT SEC",126374,01,81369Y506,17,USD,59.11000000,59.69000000,58.89100000,59.68000000,25450940.00000000,692198000,1.00000000,2.02943008,0,59.68000000,121.11638717,0.00725738,0.00725738
XLE,2026-04-07,"STATE STREET ENERGY SLCT SEC",126374,01,81369Y506,17,USD,59.81000000,60.77000000,59.79000000,60.16000000,37525770.00000000,696098000,1.00000000,2.02943008,0,60.16000000,122.09051361,0.00804290,0.00804290
XLE,2026-04-08,"STATE STREET ENERGY SLCT SEC",126374,01,81369Y506,17,USD,56.68000000,58.19000000,56.18000000,58.05000000,87970950.00000000,700048000,1.00000000,2.02943008,0,58.05000000,117.80841614,-0.03507314,-0.03507314
XLE,2026-04-09,"STATE STREET ENERGY SLCT SEC",126374,01,81369Y506,17,USD,58.20000000,59.02000000,57.11000000,57.33000000,54958640.00000000,687448000,1.00000000,2.02943008,0,57.33000000,116.34722649,-0.01240310,-0.01240310
XLE,2026-04-10,"STATE STREET ENERGY SLCT SEC",126374,01,81369Y506,17,USD,57.17000000,57.47500000,56.40000000,56.94000000,42529280.00000000,686848000,1.00000000,2.02943008,0,56.94000000,115.55574876,-0.00680272,-0.00680272
XLE,2026-04-13,"STATE STREET ENERGY SLCT SEC",126374,01,81369Y506,17,USD,57.61500000,57.72000000,56.64500000,57.11000000,43017970.00000000,678898000,1.00000000,2.02943008,0,57.11000000,115.90075187,0.00298560,0.00298560
XLE,2026-04-14,"STATE STREET ENERGY SLCT SEC",126374,01,81369Y506,17,USD,56.50000000,56.50000000,55.40500000,55.95000000,58796580.00000000,681998000,1.00000000,2.02943008,0,55.95000000,113.54661298,-0.02031168,-0.02031168
XLE,2026-04-15,"STATE STREET ENERGY SLCT SEC",126374,01,81369Y506,17,USD,55.60000000,56.21000000,55.27000000,55.76000000,39522560.00000000,697848000,1.00000000,2.02943008,0,55.76000000,113.16102126,-0.00339589,-0.00339589
XLE,2026-04-16,"STATE STREET ENERGY SLCT SEC",126374,01,81369Y506,17,USD,55.84000000,56.87500000,55.76500000,56.58000000,31240980.00000000,698598000,1.00000000,2.02943008,0,56.58000000,114.82515393,0.01470588,0.01470588
XLE,2026-04-17,"STATE STREET ENERGY SLCT SEC",126374,01,81369Y506,17,USD,54.41000000,55.16000000,53.41000000,55.02000000,90870610.00000000,698598000,1.00000000,2.02943008,0,55.02000000,111.65924300,-0.02757158,-0.02757158
XLE,2026-04-20,"STATE STREET ENERGY SLCT SEC",126374,01,81369Y506,17,USD,55.10000000,55.72000000,54.80000000,55.07000000,35105490.00000000,698598000,1.00000000,2.02943008,0,55.07000000,111.76071451,0.00090876,0.00090876
XLE,2026-04-21,"STATE STREET ENERGY SLCT SEC",126374,01,81369Y506,17,USD,55.32000000,55.96000000,54.92000000,55.87000000,41180840.00000000,699348000,1.00000000,2.02943008,0,55.87000000,113.38425857,0.01452697,0.01452697
XLE,2026-04-22,"STATE STREET ENERGY SLCT SEC",126374,01,81369Y506,17,USD,56.36000000,56.78000000,56.13000000,56.54000000,40504640.00000000,702148000,1.00000000,2.02943008,0,56.54000000,114.74397672,0.01199212,0.01199212
XLE,2026-04-23,"STATE STREET ENERGY SLCT SEC",126374,01,81369Y506,17,USD,56.89000000,57.19000000,56.46500000,56.98000000,34678870.00000000,700948000,1.00000000,2.02943008,0,56.98000000,115.63692596,0.00778210,0.00778210
XLE,2026-04-24,"STATE STREET ENERGY SLCT SEC",126374,01,81369Y506,17,USD,56.77000000,56.92000000,56.17000000,56.87000000,36409700.00000000,698198000,1.00000000,2.02943008,0,56.87000000,115.41368865,-0.00193050,-0.00193050
XLE,2026-04-27,"STATE STREET ENERGY SLCT SEC",126374,01,81369Y506,17,USD,57.10000000,57.68000000,56.63000000,56.77000000,33021290.00000000,698198000,1.00000000,2.02943008,0,56.77000000,115.21074564,-0.00175840,-0.00175840
XLE,2026-04-28,"STATE STREET ENERGY SLCT SEC",126374,01,81369Y506,17,USD,57.72000000,58.05000000,57.37500000,57.71000000,39133050.00000000,699348000,1.00000000,2.02943008,0,57.71000000,117.11840992,0.01655804,0.01655804
XLE,2026-04-29,"STATE STREET ENERGY SLCT SEC",126374,01,81369Y506,17,USD,58.28000000,59.11000000,58.06000000,59.03000000,40567190.00000000,693198000,1.00000000,2.02943008,0,59.03000000,119.79725762,0.02287299,0.02287299
XLE,2026-04-30,"STATE STREET ENERGY SLCT SEC",126374,01,81369Y506,17,USD,58.20000000,59.83500000,57.93500000,59.65000000,35854400.00000000,692348000,1.00000000,2.02943008,0,59.65000000,121.05550427,0.01050313,0.01050313
XLE,2026-05-01,"STATE STREET ENERGY SLCT SEC",126374,01,81369Y506,17,USD,59.06000000,59.60000000,58.26000000,58.85000000,35763000.00000000,694198000,1.00000000,2.02943008,0,58.85000000,119.43196021,-0.01341157,-0.01341157
XLE,2026-05-04,"STATE STREET ENERGY SLCT SEC",126374,01,81369Y506,17,USD,58.73000000,59.63000000,58.22000000,59.39000000,36861610.00000000,708848000,1.00000000,2.02943008,0,59.39000000,120.52785245,0.00917587,0.00917587
XLE,2026-05-05,"STATE STREET ENERGY SLCT SEC",126374,01,81369Y506,17,USD,59.23000000,59.76000000,58.89000000,59.45000000,26859730.00000000,708848000,1.00000000,2.02943008,0,59.45000000,120.64961826,0.00101027,0.00101027
XLE,2026-05-06,"STATE STREET ENERGY SLCT SEC",126374,01,81369Y506,17,USD,57.29000000,57.89000000,56.65500000,57.00000000,57847090.00000000,717548000,1.00000000,2.02943008,0,57.00000000,115.67751456,-0.04121110,-0.04121110
XLE,2026-05-07,"STATE STREET ENERGY SLCT SEC",126374,01,81369Y506,17,USD,55.87000000,56.15000000,55.13000000,55.95000000,52777940.00000000,717548000,1.00000000,2.02943008,0,55.95000000,113.54661298,-0.01842105,-0.01842105
XLE,2026-05-08,"STATE STREET ENERGY SLCT SEC",126374,01,81369Y506,17,USD,55.85000000,56.22500000,55.46000000,55.70000000,30550440.00000000,714598000,1.00000000,2.02943008,0,55.70000000,113.03925546,-0.00446828,-0.00446828
XLE,2026-05-11,"STATE STREET ENERGY SLCT SEC",126374,01,81369Y506,17,USD,56.26000000,57.22000000,56.24000000,57.17000000,31924870.00000000,708848000,1.00000000,2.02943008,0,57.17000000,116.02251767,0.02639138,0.02639138
XLE,2026-05-12,"STATE STREET ENERGY SLCT SEC",126374,01,81369Y506,17,USD,57.73000000,57.84000000,57.14000000,57.57000000,36792300.00000000,709098000,1.00000000,2.02943008,0,57.57000000,116.83428971,0.00699668,0.00699668
XLE,2026-05-13,"STATE STREET ENERGY SLCT SEC",126374,01,81369Y506,17,USD,57.47000000,57.71000000,56.96000000,57.63000000,22688220.00000000,704198000,1.00000000,2.02943008,0,57.63000000,116.95605551,0.00104221,0.00104221
XLE,2026-05-14,"STATE STREET ENERGY SLCT SEC",126374,01,81369Y506,17,USD,57.65000000,58.18000000,57.50500000,58.07000000,23475020.00000000,703498000,1.00000000,2.02943008,0,58.07000000,117.84900475,0.00763491,0.00763491
XLE,2026-05-15,"STATE STREET ENERGY SLCT SEC",126374,01,81369Y506,17,USD,58.70000000,59.47000000,58.47500000,59.44000000,33546790.00000000,701998000,1.00000000,2.02943008,0,59.44000000,120.62932396,0.02359222,0.02359222
XLE,2026-05-18,"STATE STREET ENERGY SLCT SEC",126374,01,81369Y506,17,USD,59.12500000,60.70000000,58.72000000,60.58000000,41329350.00000000,696598000,1.00000000,2.02943008,0,60.58000000,122.94287425,0.01917900,0.01917900
XLE,2026-05-19,"STATE STREET ENERGY SLCT SEC",126374,01,81369Y506,17,USD,60.81000000,61.49000000,60.29500000,61.29000000,30979840.00000000,692748000,1.00000000,2.02943008,0,61.29000000,124.38376960,0.01172004,0.01172004
XLE,2026-05-20,"STATE STREET ENERGY SLCT SEC",126374,01,81369Y506,17,USD,60.81000000,61.70000000,59.67500000,59.80000000,61701740.00000000,694448000,1.00000000,2.02943008,0,59.80000000,121.35991878,-0.02431065,-0.02431065
XLE,2026-05-21,"STATE STREET ENERGY SLCT SEC",126374,01,81369Y506,17,USD,60.48000000,60.59000000,58.71500000,59.13000000,45597260.00000000,694148000,1.00000000,2.02943008,0,59.13000000,120.00020063,-0.01120401,-0.01120401
XLE,2026-05-22,"STATE STREET ENERGY SLCT SEC",126374,01,81369Y506,17,USD,58.99000000,59.61000000,58.83000000,59.49000000,42357760.00000000,690598000,1.00000000,2.02943008,0,59.49000000,120.73079546,0.00608828,0.00608828
XLE,2026-05-26,"STATE STREET ENERGY SLCT SEC",126374,01,81369Y506,17,USD,58.87000000,59.57000000,57.83500000,57.85000000,38787120.00000000,691148000,1.00000000,2.02943008,0,57.85000000,117.40253013,-0.02756766,-0.02756766
XLE,2026-05-27,"STATE STREET ENERGY SLCT SEC",126374,01,81369Y506,17,USD,57.01000000,57.50000000,56.47500000,56.99000000,48117580.00000000,688548000,1.00000000,2.02943008,0,56.99000000,115.65722026,-0.01486603,-0.01486603
XLE,2026-05-28,"STATE STREET ENERGY SLCT SEC",126374,01,81369Y506,17,USD,57.55000000,57.68000000,56.68000000,56.95000000,46409940.00000000,684348000,1.00000000,2.02943008,0,56.95000000,115.57604306,-0.00070188,-0.00070188
XLE,2026-05-29,"STATE STREET ENERGY SLCT SEC",126374,01,81369Y506,17,USD,56.68000000,56.79000000,55.99000000,56.29000000,32362360.00000000,686848000,1.00000000,2.02943008,0,56.29000000,114.23661920,-0.01158911,-0.01158911
XLE,2026-06-01,"STATE STREET ENERGY SLCT SEC",126374,01,81369Y506,17,USD,57.02500000,57.81000000,56.85000000,57.30000000,55863570.00000000,682898000,1.00000000,2.02943008,0,57.30000000,116.28634358,0.01794280,0.01794280
XLE,2026-06-02,"STATE STREET ENERGY SLCT SEC",126374,01,81369Y506,17,USD,57.19000000,58.17000000,57.08000000,57.96000000,23803510.00000000,685698000,1.00000000,2.02943008,0,57.96000000,117.62576744,0.01151832,0.01151832
XLE,2026-06-03,"STATE STREET ENERGY SLCT SEC",126374,01,81369Y506,17,USD,58.24000000,59.37500000,58.01000000,58.71000000,46241140.00000000,687498000,1.00000000,2.02943008,0,58.71000000,119.14784000,0.01293996,0.01293996
XLE,2026-06-04,"STATE STREET ENERGY SLCT SEC",126374,01,81369Y506,17,USD,58.50000000,59.02500000,58.17000000,58.75000000,23901990.00000000,682548000,1.00000000,2.02943008,0,58.75000000,119.22901720,0.00068131,0.00068131
XLE,2026-06-05,"STATE STREET ENERGY SLCT SEC",126374,01,81369Y506,17,USD,58.66500000,58.78000000,57.63000000,57.67000000,28191370.00000000,678498000,1.00000000,2.02943008,0,57.67000000,117.03723271,-0.01838298,-0.01838298
XLE,2026-06-08,"STATE STREET ENERGY SLCT SEC",126374,01,81369Y506,17,USD,58.08000000,58.96000000,57.97000000,58.33000000,25696040.00000000,674798000,1.00000000,2.02943008,0,58.33000000,118.37665657,0.01144443,0.01144443
XLE,2026-06-09,"STATE STREET ENERGY SLCT SEC",126374,01,81369Y506,17,USD,58.08000000,58.21000000,56.81000000,57.39000000,45964830.00000000,676298000,1.00000000,2.02943008,0,57.39000000,116.46899229,-0.01611521,-0.01611521
XLE,2026-06-10,"STATE STREET ENERGY SLCT SEC",126374,01,81369Y506,17,USD,57.94000000,59.04000000,57.78000000,58.25000000,36422150.00000000,676598000,1.00000000,2.02943008,0,58.25000000,118.21430216,0.01498519,0.01498519
XLE,2026-06-11,"STATE STREET ENERGY SLCT SEC",126374,01,81369Y506,17,USD,58.77500000,58.99000000,57.05500000,57.12000000,40840930.00000000,678098000,1.00000000,2.02943008,0,57.12000000,115.92104617,-0.01939914,-0.01939914
XLE,2026-06-12,"STATE STREET ENERGY SLCT SEC",126374,01,81369Y506,17,USD,56.79000000,58.15000000,56.63000000,57.55000000,31952260.00000000,679148000,1.00000000,2.02943008,0,57.55000000,116.79370110,0.00752801,0.00752801
XLE,2026-06-15,"STATE STREET ENERGY SLCT SEC",126374,01,81369Y506,17,USD,55.20000000,56.05000000,55.02000000,55.55000000,44271600.00000000,680248000,1.00000000,2.02943008,0,55.55000000,112.73484094,-0.03475239,-0.03475239
XLE,2026-06-16,"STATE STREET ENERGY SLCT SEC",126374,01,81369Y506,17,USD,55.00000000,55.47500000,54.95000000,55.36000000,41995890.00000000,676798000,1.00000000,2.02943008,0,55.36000000,112.34924923,-0.00342034,-0.00342034
XLE,2026-06-17,"STATE STREET ENERGY SLCT SEC",126374,01,81369Y506,17,USD,55.26000000,55.36000000,54.54000000,54.67000000,38017100.00000000,673698000,1.00000000,2.02943008,0,54.67000000,110.94894247,-0.01246387,-0.01246387
XLE,2026-06-18,"STATE STREET ENERGY SLCT SEC",126374,01,81369Y506,17,USD,54.14000000,54.25000000,53.24500000,53.77000000,39381290.00000000,678998000,1.00000000,2.02943008,0,53.77000000,109.12245540,-0.01646241,-0.01646241
XLE,2026-06-22,"STATE STREET ENERGY SLCT SEC",126374,01,81369Y506,17,USD,53.53000000,54.13000000,53.16500000,54.06000000,30743910.00000000,671198000,1.00000000,2.04387935,0,54.06000000,110.49211766,0.00539334,0.01255161
XLE,2026-06-23,"STATE STREET ENERGY SLCT SEC",126374,01,81369Y506,17,USD,54.14000000,54.56000000,53.87000000,54.46000000,38679040.00000000,672098000,1.00000000,2.04387935,0,54.46000000,111.30966940,0.00739919,0.00739919
XLE,2026-06-24,"STATE STREET ENERGY SLCT SEC",126374,01,81369Y506,17,USD,53.50000000,53.76500000,52.94000000,53.57000000,42938350.00000000,667998000,1.00000000,2.04387935,0,53.57000000,109.49061678,-0.01634227,-0.01634227
XLE,2026-06-25,"STATE STREET ENERGY SLCT SEC",126374,01,81369Y506,17,USD,53.20000000,54.31500000,53.00000000,54.09000000,28213510.00000000,673448000,1.00000000,2.04387935,0,54.09000000,110.55343404,0.00970693,0.00970693
XLE,2026-06-26,"STATE STREET ENERGY SLCT SEC",126374,01,81369Y506,17,USD,54.00000000,54.15000000,53.67500000,53.84000000,18831870.00000000,674498000,1.00000000,2.04387935,0,53.84000000,110.04246420,-0.00462193,-0.00462193
XLE,2026-06-29,"STATE STREET ENERGY SLCT SEC",126374,01,81369Y506,17,USD,53.98000000,54.28000000,53.47000000,53.58000000,25070270.00000000,672798000,1.00000000,2.04387935,0,53.58000000,109.51105557,-0.00482912,-0.00482912
XLE,2026-06-30,"STATE STREET ENERGY SLCT SEC",126374,01,81369Y506,17,USD,53.62000000,54.11500000,53.08000000,53.11000000,28257060.00000000,671748000,1.00000000,2.04387935,0,53.11000000,108.55043228,-0.00877193,-0.00877193
XLE,2026-07-01,"STATE STREET ENERGY SLCT SEC",126374,01,81369Y506,17,USD,53.04500000,53.44000000,52.62000000,52.81000000,33547480.00000000,671298000,1.00000000,2.04387935,0,52.81000000,107.93726847,-0.00564865,-0.00564865
XLE,2026-07-02,"STATE STREET ENERGY SLCT SEC",126374,01,81369Y506,17,USD,53.24000000,53.65000000,52.91000000,53.22000000,28461710.00000000,665198000,1.00000000,2.04387935,0,53.22000000,108.77525901,0.00776368,0.00776368
XLE,2026-07-06,"STATE STREET ENERGY SLCT SEC",126374,01,81369Y506,17,USD,53.05800000,53.55000000,53.00000000,53.13000000,24720800.00000000,664098000,1.00000000,2.04387935,0,53.13000000,108.59130987,-0.00169109,-0.00169109
XLE,2026-07-07,"STATE STREET ENERGY SLCT SEC",126374,01,81369Y506,17,USD,53.61000000,54.82000000,53.60000000,54.64000000,41788640.00000000,663998000,1.00000000,2.04387935,0,54.64000000,111.67756768,0.02842085,0.02842085
XLE,2026-07-08,"STATE STREET ENERGY SLCT SEC",126374,01,81369Y506,17,USD,55.45500000,56.03500000,54.86500000,55.60000000,39516590.00000000,663198000,1.00000000,2.04387935,0,55.60000000,113.63969186,0.01756955,0.01756955
XLE,2026-07-09,"STATE STREET ENERGY SLCT SEC",126374,01,81369Y506,17,USD,55.28000000,55.48000000,54.73000000,54.82000000,21488780.00000000,662798000,1.00000000,2.04387935,0,54.82000000,112.04546597,-0.01402878,-0.01402878
XLE,2026-07-10,"STATE STREET ENERGY SLCT SEC",126374,01,81369Y506,17,USD,55.08000000,55.24000000,54.36000000,55.08000000,22966370.00000000,661498000,1.00000000,2.04387935,0,55.08000000,112.57687460,0.00474279,0.00474279
XLE,2026-07-13,"STATE STREET ENERGY SLCT SEC",126374,01,81369Y506,17,USD,55.86000000,56.97000000,55.86000000,56.74000000,41153850.00000000,661998000,1.00000000,2.04387935,0,56.74000000,115.96971432,0.03013798,0.03013798
XLE,2026-07-14,"STATE STREET ENERGY SLCT SEC",126374,01,81369Y506,17,USD,57.00000000,57.22000000,56.29000000,56.95000000,32561720.00000000,661598000,1.00000000,2.04387935,0,56.95000000,116.39892898,0.00370109,0.00370109
XLE,2026-07-15,"STATE STREET ENERGY SLCT SEC",126374,01,81369Y506,17,USD,56.94000000,57.04000000,55.76000000,56.50000000,33171210.00000000,663398000,1.00000000,2.04387935,0,56.50000000,115.47918328,-0.00790167,-0.00790167
XLE,2026-07-16,"STATE STREET ENERGY SLCT SEC",126374,01,81369Y506,17,USD,56.66000000,57.30000000,56.59500000,57.02000000,27464670.00000000,662348000,1.00000000,2.04387935,0,57.02000000,116.54200054,0.00920354,0.00920354
XLE,2026-07-17,"STATE STREET ENERGY SLCT SEC",126374,01,81369Y506,17,USD,57.95000000,58.11500000,57.28000000,57.68000000,31360450.00000000,661748000,1.00000000,2.04387935,0,57.68000000,117.89096091,0.01157489,0.01157489
XLE,2026-07-20,"STATE STREET ENERGY SLCT SEC",126374,01,81369Y506,17,USD,57.55500000,58.38500000,57.41000000,57.94000000,27311200.00000000,660898000,1.00000000,2.04387935,0,57.94000000,118.42236954,0.00450763,0.00450763
XLE,2026-07-21,"STATE STREET ENERGY SLCT SEC",126374,01,81369Y506,17,USD,58.16000000,58.53000000,57.83000000,58.50000000,20302530.00000000,664298000,1.00000000,2.04387935,0,58.50000000,119.56694198,0.00966517,0.00966517
XLE,2026-07-22,"STATE STREET ENERGY SLCT SEC",126374,01,81369Y506,17,USD,59.27000000,59.52000000,58.90000000,59.20000000,29484910.00000000,666848000,1.00000000,2.04387935,0,59.20000000,120.99765752,0.01196581,0.01196581
XLE,2026-07-23,"STATE STREET ENERGY SLCT SEC",126374,01,81369Y506,17,USD,60.24400000,60.37680000,59.26500000,59.38000000,35824100.00000000,665598000,1.00000000,2.04387935,0,59.38000000,121.36555580,0.00304054,0.00304054
XLE,2026-07-24,"STATE STREET ENERGY SLCT SEC",126374,01,81369Y506,17,USD,59.40000000,60.45000000,59.40000000,59.62000000,34156570.00000000,664248000,1.00000000,2.04387935,0,59.62000000,121.85608685,0.00404176,0.00404176
XLE,2026-07-27,"STATE STREET ENERGY SLCT SEC",126374,01,81369Y506,17,USD,58.41000000,59.27990000,58.23000000,58.36000000,33818320.00000000,662848000,1.00000000,2.04387935,0,58.36000000,119.28079887,-0.02113385,-0.02113385
XLE,2026-07-28,"STATE STREET ENERGY SLCT SEC",126374,01,81369Y506,17,USD,58.41000000,58.79000000,57.25000000,57.57000000,27673140.00000000,662798000,1.00000000,2.04387935,0,57.57000000,117.66613418,-0.01353667,-0.01353667
XLE,2026-07-29,"STATE STREET ENERGY SLCT SEC",126374,01,81369Y506,17,USD,59.08000000,59.30000000,58.42000000,58.65000000,34165380.00000000,654398000,1.00000000,2.04387935,0,58.65000000,119.87352388,0.01875977,0.01875977
XLE,2026-07-30,"STATE STREET ENERGY SLCT SEC",126374,01,81369Y506,17,USD,58.08000000,59.10500000,58.02000000,58.96000000,23014720.00000000,655698000,1.00000000,2.04387935,0,58.96000000,120.50712648,0.00528559,0.00528559
XLE,2026-07-31,"STATE STREET ENERGY SLCT SEC",126374,01,81369Y506,17,USD,58.93000000,59.68500000,58.32000000,59.55000000,23450570.00000000,658598000,1.00000000,2.04387935,0,59.55000000,121.71301529,0.01000678,0.01000678
XLE,2026-08-03,"STATE STREET ENERGY SLCT SEC",126374,01,81369Y506,17,USD,58.69000000,59.32500000,58.16000000,58.79000000,25998400.00000000,666798000,1.00000000,2.04387935,0,58.79000000,120.15966699,-0.01276238,-0.01276238
XLE,2026-08-04,"STATE STREET ENERGY SLCT SEC",126374,01,81369Y506,17,USD,57.70000000,58.72000000,57.13000000,58.52000000,37638980.00000000,657048000,1.00000000,2.04387935,0,58.52000000,119.60781956,-0.00459262,-0.00459262
XLE,2026-08-05,"STATE STREET ENERGY SLCT SEC",126374,01,81369Y506,17,USD,58.77000000,58.98000000,57.20500000,57.31000000,33206800.00000000,653748000,1.00000000,2.04387935,0,57.31000000,117.13472555,-0.02067669,-0.02067669
XLE,2026-08-06,"STATE STREET ENERGY SLCT SEC",126374,01,81369Y506,17,USD,58.39000000,58.56000000,57.58000000,58.16000000,25040230.00000000,653698000,1.00000000,2.04387935,0,58.16000000,118.87202300,0.01483162,0.01483162
XLE,2026-08-07,"STATE STREET ENERGY SLCT SEC",126374,01,81369Y506,17,USD,57.52500000,58.04500000,57.11000000,57.50000000,21066330.00000000,654448000,1.00000000,2.04387935,0,57.50000000,117.52306263,-0.01134801,-0.01134801
XLE,2026-08-10,"STATE STREET ENERGY SLCT SEC",126374,01,81369Y506,17,USD,58.19000000,60.21000000,58.10000000,60.18000000,33645310.00000000,656198000,1.00000000,2.04387935,0,60.18000000,123.00065928,0.04660870,0.04660870
XLE,2026-08-11,"STATE STREET ENERGY SLCT SEC",126374,01,81369Y506,17,USD,59.99000000,61.08000000,59.99000000,60.93000000,22385980.00000000,660898000,1.00000000,2.04387935,0,60.93000000,124.53356880,0.01246261,0.01246261
XLE,2026-08-12,"STATE STREET ENERGY SLCT SEC",126374,01,81369Y506,17,USD,60.47000000,61.17000000,60.33500000,61.03000000,22576050.00000000,659348000,1.00000000,2.04387935,0,61.03000000,124.73795673,0.00164123,0.00164123
XLE,2026-08-13,"STATE STREET ENERGY SLCT SEC",126374,01,81369Y506,17,USD,60.52000000,61.12500000,60.23000000,61.06000000,20696180.00000000,655948000,1.00000000,2.04387935,0,61.06000000,124.79927311,0.00049156,0.00049156
XLE,2026-08-14,"STATE STREET ENERGY SLCT SEC",126374,01,81369Y506,17,USD,61.37000000,62.11000000,61.25000000,61.91000000,22749840.00000000,653748000,1.00000000,2.04387935,0,61.91000000,126.53657056,0.01392073,0.01392073
XLE,2026-08-17,"STATE STREET ENERGY SLCT SEC",126374,01,81369Y506,17,USD,62.21500000,62.68500000,61.78500000,62.58000000,23539330.00000000,656198000,1.00000000,2.04387935,0,62.58000000,127.90596972,0.01082216,0.01082216
XLE,2026-08-18,"STATE STREET ENERGY SLCT SEC",126374,01,81369Y506,17,USD,63.41000000,63.71000000,63.11500000,63.68000000,27205860.00000000,657648000,1.00000000,2.04387935,0,63.68000000,130.15423701,0.01757750,0.01757750
XLE,2026-08-19,"STATE STREET ENERGY SLCT SEC",126374,01,81369Y506,17,USD,63.85000000,64.25000000,63.40000000,63.58000000,25495410.00000000,656548000,1.00000000,2.04387935,0,63.58000000,129.94984907,-0.00157035,-0.00157035
XLE,2026-08-20,"STATE STREET ENERGY SLCT SEC",126374,01,81369Y506,17,USD,64.25000000,64.70000000,63.69000000,63.75000000,24282890.00000000,657398000,1.00000000,2.04387935,0,63.75000000,130.29730856,0.00267380,0.00267380
XLE,2026-08-21,"STATE STREET ENERGY SLCT SEC",126374,01,81369Y506,17,USD,63.90500000,64.30000000,63.35000000,63.64000000,27787580.00000000,658198000,1.00000000,2.04387935,0,63.64000000,130.07248183,-0.00172549,-0.00172549
XLE,2026-08-24,"STATE STREET ENERGY SLCT SEC",126374,01,81369Y506,17,USD,63.24000000,63.72000000,62.56000000,63.11000000,23006580.00000000,653948000,1.00000000,2.04387935,0,63.11000000,128.98922578,-0.00832810,-0.00832810
XLE,2026-08-25,"STATE STREET ENERGY SLCT SEC",126374,01,81369Y506,17,USD,62.20000000,62.78500000,62.04000000,62.06000000,27387000.00000000,646698000,1.00000000,2.04387935,0,62.06000000,126.84315246,-0.01663762,-0.01663762
XLE,2026-08-26,"STATE STREET ENERGY SLCT SEC",126374,01,81369Y506,17,USD,61.43000000,63.02000000,61.31000000,62.43000000,23944200.00000000,645498000,1.00000000,2.04387935,0,62.43000000,127.59938782,0.00596197,0.00596197
XLE,2026-08-27,"STATE STREET ENERGY SLCT SEC",126374,01,81369Y506,17,USD,62.23000000,62.72000000,61.55000000,62.29000000,29593780.00000000,650748000,1.00000000,2.04387935,0,62.29000000,127.31324471,-0.00224251,-0.00224251
XLE,2026-08-28,"STATE STREET ENERGY SLCT SEC",126374,01,81369Y506,17,USD,62.35000000,62.74000000,62.11800000,62.68000000,20598780.00000000,650748000,1.00000000,2.04387935,0,62.68000000,128.11035766,0.00626104,0.00626104
XLE,2026-08-31,"STATE STREET ENERGY SLCT SEC",126374,01,81369Y506,17,USD,63.80000000,64.44000000,63.14000000,63.96000000,27100890.00000000,648498000,1.00000000,2.04387935,0,63.96000000,130.72652323,0.02042119,0.02042119
XLE,2026-09-01,"STATE STREET ENERGY SLCT SEC",126374,01,81369Y506,17,USD,64.87000000,64.95000000,64.05000000,64.77000000,33255950.00000000,648198000,1.00000000,2.04387935,0,64.77000000,132.38206550,0.01266417,0.01266417
XLE,2026-09-02,"STATE STREET ENERGY SLCT SEC",126374,01,81369Y506,17,USD,64.27000000,65.34500000,64.25000000,65.10000000,27386110.00000000,656148000,1.00000000,2.04387935,0,65.10000000,133.05654569,0.00509495,0.00509495
XLE,2026-09-03,"STATE STREET ENERGY SLCT SEC",126374,01,81369Y506,17,USD,65.12000000,65.52000000,64.58250000,64.62000000,24067550.00000000,658248000,1.00000000,2.04387935,0,64.62000000,132.07548360,-0.00737327,-0.00737327
XLE,2026-09-04,"STATE STREET ENERGY SLCT SEC",126374,01,81369Y506,17,USD,64.04000000,64.33000000,63.37500000,64.06000000,26258720.00000000,657298000,1.00000000,2.04387935,0,64.06000000,130.93091116,-0.00866605,-0.00866605
XLE,2026-09-08,"STATE STREET ENERGY SLCT SEC",126374,01,81369Y506,17,USD,64.83000000,65.24000000,64.31000000,64.77000000,27906490.00000000,656948000,1.00000000,2.04387935,0,64.77000000,132.38206550,0.01108336,0.01108336
XLE,2026-09-09,"STATE STREET ENERGY SLCT SEC",126374,01,81369Y506,17,USD,65.56000000,65.91500000,65.01000000,65.31000000,25196250.00000000,653948000,1.00000000,2.04387935,0,65.31000000,133.48576035,0.00833719,0.00833719
XLE,2026-09-10,"STATE STREET ENERGY SLCT SEC",126374,01,81369Y506,17,USD,66.14000000,66.17000000,64.34000000,64.93000000,37149210.00000000,656598000,1.00000000,2.04387935,0,64.93000000,132.70908620,-0.00581840,-0.00581840
XLE,2026-09-11,"STATE STREET ENERGY SLCT SEC",126374,01,81369Y506,17,USD,64.89000000,65.72500000,64.71000000,65.14000000,30526780.00000000,655548000,1.00000000,2.04387935,0,65.14000000,133.13830086,0.00323425,0.00323425
XLE,2026-09-14,"STATE STREET ENERGY SLCT SEC",126374,01,81369Y506,17,USD,65.95500000,66.05000000,64.18000000,64.53000000,46885570.00000000,654848000,1.00000000,2.04387935,0,64.53000000,131.89153446,-0.00936445,-0.00936445
XLE,2026-09-15,"STATE STREET ENERGY SLCT SEC",126374,01,81369Y506,17,USD,64.88000000,66.11500000,64.81000000,65.93000000,34545790.00000000,652348000,1.00000000,2.04387935,0,65.93000000,134.75296555,0.02169534,0.02169534
XLE,2026-09-16,"STATE STREET ENERGY SLCT SEC",126374,01,81369Y506,17,USD,65.22000000,65.22000000,63.68000000,64.03000000,48585300.00000000,653298000,1.00000000,2.04387935,0,64.03000000,130.86959478,-0.02881844,-0.02881844
XLE,2026-09-17,"STATE STREET ENERGY SLCT SEC",126374,01,81369Y506,17,USD,63.50000000,64.52000000,63.46000000,64.48000000,35476890.00000000,648498000,1.00000000,2.04387935,0,64.48000000,131.78934049,0.00702796,0.00702796
XLE,2026-09-18,"STATE STREET ENERGY SLCT SEC",126374,01,81369Y506,17,USD,64.20000000,64.75000000,64.10000000,64.31000000,29405540.00000000,641948000,1.00000000,2.04387935,0,64.31000000,131.44188100,-0.00263648,-0.00263648
XLY,2026-03-20,"STATE STREET CONSUMER DIS SL",126375,01,81369Y407,17,USD,109.43000000,109.43000000,107.14500000,107.74000000,12296020.00000000,197657000,1.00000000,1.35363235,0,107.74000000,145.84034939,,
XLY,2026-03-23,"STATE STREET CONSUMER DIS SL",126375,01,81369Y407,17,USD,109.78000000,111.42500000,109.59000000,110.12000000,14778650.00000000,197607000,1.00000000,1.35628258,0,110.12000000,149.35383771,0.02209022,0.02409133
XLY,2026-03-24,"STATE STREET CONSUMER DIS SL",126375,01,81369Y407,17,USD,109.04000000,110.31500000,108.95000000,109.68000000,9031618.00000000,199407000,1.00000000,1.35628258,0,109.68000000,148.75707337,-0.00399564,-0.00399564
XLY,2026-03-25,"STATE STREET CONSUMER DIS SL",126375,01,81369Y407,17,USD,111.16000000,111.91000000,110.10000000,110.73000000,9412789.00000000,199957000,1.00000000,1.35628258,0,110.73000000,150.18117008,0.00957330,0.00957330
XLY,2026-03-26,"STATE STREET CONSUMER DIS SL",126375,01,81369Y407,17,USD,110.05000000,110.90000000,108.74000000,108.83000000,7981012.00000000,199957000,1.00000000,1.35628258,0,108.83000000,147.60423318,-0.01715885,-0.01715885
XLY,2026-03-27,"STATE STREET CONSUMER DIS SL",126375,01,81369Y407,17,USD,108.31000000,108.31000000,105.44500000,105.68000000,10454680.00000000,198657000,1.00000000,1.35628258,0,105.68000000,143.33194305,-0.02894422,-0.02894422
XLY,2026-03-30,"STATE STREET CONSUMER DIS SL",126375,01,81369Y407,17,USD,106.61000000,107.16500000,105.19000000,105.66000000,10190210.00000000,197257000,1.00000000,1.35628258,0,105.66000000,143.30481740,-0.00018925,-0.00018925
XLY,2026-03-31,"STATE STREET CONSUMER DIS SL",126375,01,81369Y407,17,USD,107.23000000,109.41000000,106.71000000,108.98000000,19480790.00000000,196807000,1.00000000,1.35628258,0,108.98000000,147.80767557,0.03142154,0.03142154
XLY,2026-04-01,"STATE STREET CONSUMER DIS SL",126375,01,81369Y407,17,USD,109.69000000,110.50000000,108.73500000,109.80000000,14466620.00000000,194657000,1.00000000,1.35628258,0,109.80000000,148.91982728,0.00752432,0.00752432
XLY,2026-04-02,"STATE STREET CONSUMER DIS SL",126375,01,81369Y407,17,USD,107.46000000,109.53000000,107.10000000,108.15000000,9684673.00000000,192107000,1.00000000,1.35628258,0,108.15000000,146.68196103,-0.01502732,-0.01502732
XLY,2026-04-06,"STATE STREET CONSUMER DIS SL",126375,01,81369Y407,17,USD,107.93000000,109.23000000,107.93000000,109.04000000,6908673.00000000,191807000,1.00000000,1.35628258,0,109.04000000,147.88905252,0.00822931,0.00822931
XLY,2026-04-07,"STATE STREET CONSUMER DIS SL",126375,01,81369Y407,17,USD,108.11000000,108.18000000,106.45000000,107.77000000,8920912.00000000,192357000,1.00000000,1.35628258,0,107.77000000,146.16657365,-0.01164710,-0.01164710
XLY,2026-04-08,"STATE STREET CONSUMER DIS SL",126375,01,81369Y407,17,USD,112.25000000,112.61000000,110.27500000,110.82000000,14442390.00000000,192507000,1.00000000,1.35628258,0,110.82000000,150.30323552,0.02830101,0.02830101
XLY,2026-04-09,"STATE STREET CONSUMER DIS SL",126375,01,81369Y407,17,USD,110.82000000,112.89000000,110.39500000,112.74000000,6658410.00000000,194407000,1.00000000,1.35628258,0,112.74000000,152.90729807,0.01732539,0.01732539
XLY,2026-04-10,"STATE STREET CONSUMER DIS SL",126375,01,81369Y407,17,USD,113.00000000,113.46000000,112.24000000,112.89000000,5606507.00000000,194607000,1.00000000,1.35628258,0,112.89000000,153.11074046,0.00133049,0.00133049
XLY,2026-04-13,"STATE STREET CONSUMER DIS SL",126375,01,81369Y407,17,USD,112.34000000,113.94500000,112.00000000,113.92000000,5991107.00000000,194057000,1.00000000,1.35628258,0,113.92000000,154.50771151,0.00912393,0.00912393
XLY,2026-04-14,"STATE STREET CONSUMER DIS SL",126375,01,81369Y407,17,USD,114.65000000,116.82500000,114.57500000,116.44000000,8127509.00000000,193707000,1.00000000,1.35628258,0,116.44000000,157.92554362,0.02212079,0.02212079
XLY,2026-04-15,"STATE STREET CONSUMER DIS SL",126375,01,81369Y407,17,USD,116.53000000,118.44000000,116.15000000,118.18000000,8034723.00000000,193607000,1.00000000,1.35628258,0,118.18000000,160.28547530,0.01494332,0.01494332
XLY,2026-04-16,"STATE STREET CONSUMER DIS SL",126375,01,81369Y407,17,USD,118.40000000,118.55000000,117.10000000,117.63000000,5671943.00000000,193457000,1.00000000,1.35628258,0,117.63000000,159.53951989,-0.00465392,-0.00465392
XLY,2026-04-17,"STATE STREET CONSUMER DIS SL",126375,01,81369Y407,17,USD,119.69000000,121.85000000,119.46000000,120.41000000,9839468.00000000,193457000,1.00000000,1.35628258,0,120.41000000,163.30998546,0.02363343,0.02363343
XLY,2026-04-20,"STATE STREET CONSUMER DIS SL",126375,01,81369Y407,17,USD,120.14000000,120.40000000,118.84500000,119.87000000,5447917.00000000,193457000,1.00000000,1.35628258,0,119.87000000,162.57759286,-0.00448468,-0.00448468
XLY,2026-04-21,"STATE STREET CONSUMER DIS SL",126375,01,81369Y407,17,USD,120.83500000,120.90500000,118.68000000,118.97000000,7208281.00000000,192907000,1.00000000,1.35628258,0,118.97000000,161.35693854,-0.00750813,-0.00750813
XLY,2026-04-22,"STATE STREET CONSUMER DIS SL",126375,01,81369Y407,17,USD,119.53000000,119.76000000,118.66000000,118.93000000,5263458.00000000,192307000,1.00000000,1.35628258,0,118.93000000,161.30268724,-0.00033622,-0.00033622
XLY,2026-04-23,"STATE STREET CONSUMER DIS SL",126375,01,81369Y407,17,USD,118.22000000,118.85000000,116.66500000,117.74000000,7530323.00000000,198807000,1.00000000,1.35628258,0,117.74000000,159.68871097,-0.01000589,-0.01000589
XLY,2026-04-24,"STATE STREET CONSUMER DIS SL",126375,01,81369Y407,17,USD,118.14000000,118.90000000,117.67000000,118.69000000,5545901.00000000,195257000,1.00000000,1.35628258,0,118.69000000,160.97717942,0.00806863,0.00806863
XLY,2026-04-27,"STATE STREET CONSUMER DIS SL",126375,01,81369Y407,17,USD,118.09000000,118.45000000,117.27500000,117.84000000,6915836.00000000,195257000,1.00000000,1.35628258,0,117.84000000,159.82433923,-0.00716151,-0.00716151
XLY,2026-04-28,"STATE STREET CONSUMER DIS SL",126375,01,81369Y407,17,USD,117.45000000,117.79000000,116.87000000,117.01000000,6740382.00000000,194807000,1.00000000,1.35628258,0,117.01000000,158.69862469,-0.00704345,-0.00704345
XLY,2026-04-29,"STATE STREET CONSUMER DIS SL",126375,01,81369Y407,17,USD,116.21000000,117.12500000,116.13000000,116.84000000,8151386.00000000,194407000,1.00000000,1.35628258,0,116.84000000,158.46805665,-0.00145287,-0.00145287
XLY,2026-04-30,"STATE STREET CONSUMER DIS SL",126375,01,81369Y407,17,USD,118.50000000,118.67000000,116.43000000,118.35000000,10280430.00000000,193257000,1.00000000,1.35628258,0,118.35000000,160.51604334,0.01292366,0.01292366
XLY,2026-05-01,"STATE STREET CONSUMER DIS SL",126375,01,81369Y407,17,USD,118.61000000,119.77000000,117.82000000,118.63000000,13067140.00000000,195457000,1.00000000,1.35628258,0,118.63000000,160.89580247,0.00236586,0.00236586
XLY,2026-05-04,"STATE STREET CONSUMER DIS SL",126375,01,81369Y407,17,USD,118.35000000,119.30000000,117.19000000,117.72000000,10737700.00000000,193257000,1.00000000,1.35628258,0,117.72000000,159.66158532,-0.00767091,-0.00767091
XLY,2026-05-05,"STATE STREET CONSUMER DIS SL",126375,01,81369Y407,17,USD,118.59000000,119.29000000,118.05000000,118.07000000,6214710.00000000,193257000,1.00000000,1.35628258,0,118.07000000,160.13628422,0.00297316,0.00297316
XLY,2026-05-06,"STATE STREET CONSUMER DIS SL",126375,01,81369Y407,17,USD,118.97000000,120.53500000,118.77000000,119.87000000,10429260.00000000,192807000,1.00000000,1.35628258,0,119.87000000,162.57759286,0.01524519,0.01524519
XLY,2026-05-07,"STATE STREET CONSUMER DIS SL",126375,01,81369Y407,17,USD,120.59000000,121.10000000,119.32000000,119.88000000,7926947.00000000,192807000,1.00000000,1.35628258,0,119.88000000,162.59115569,0.00008342,0.00008342
XLY,2026-05-08,"STATE STREET CONSUMER DIS SL",126375,01,81369Y407,17,USD,120.25000000,121.13000000,119.94000000,120.20000000,6054148.00000000,190607000,1.00000000,1.35628258,0,120.20000000,163.02516612,0.00266934,0.00266934
XLY,2026-05-11,"STATE STREET CONSUMER DIS SL",126375,01,81369Y407,17,USD,119.38000000,119.86000000,118.51000000,119.37000000,5829005.00000000,190457000,1.00000000,1.35628258,0,119.37000000,161.89945157,-0.00690516,-0.00690516
XLY,2026-05-12,"STATE STREET CONSUMER DIS SL",126375,01,81369Y407,17,USD,119.03000000,119.35000000,117.44500000,118.29000000,6621420.00000000,191207000,1.00000000,1.35628258,0,118.29000000,160.43466639,-0.00904750,-0.00904750
XLY,2026-05-13,"STATE STREET CONSUMER DIS SL",126375,01,81369Y407,17,USD,118.06000000,119.23000000,117.45000000,118.72000000,4609830.00000000,191457000,1.00000000,1.35628258,0,118.72000000,161.01786790,0.00363513,0.00363513
XLY,2026-05-14,"STATE STREET CONSUMER DIS SL",126375,01,81369Y407,17,USD,119.01000000,119.68000000,118.55500000,118.67000000,5955106.00000000,192107000,1.00000000,1.35628258,0,118.67000000,160.95005377,-0.00042116,-0.00042116
XLY,2026-05-15,"STATE STREET CONSUMER DIS SL",126375,01,81369Y407,17,USD,117.31000000,117.37000000,116.31000000,116.53000000,10453700.00000000,192907000,1.00000000,1.35628258,0,116.53000000,158.04760905,-0.01803320,-0.01803320
XLY,2026-05-18,"STATE STREET CONSUMER DIS SL",126375,01,81369Y407,17,USD,116.50000000,117.78000000,115.54000000,116.32000000,9984437.00000000,194357000,1.00000000,1.35628258,0,116.32000000,157.76278971,-0.00180211,-0.00180211
XLY,2026-05-19,"STATE STREET CONSUMER DIS SL",126375,01,81369Y407,17,USD,115.13000000,115.31500000,114.19500000,115.03000000,8578189.00000000,190457000,1.00000000,1.35628258,0,115.03000000,156.01318518,-0.01109010,-0.01109010
XLY,2026-05-20,"STATE STREET CONSUMER DIS SL",126375,01,81369Y407,17,USD,115.27000000,117.95000000,114.78000000,117.94000000,12154990.00000000,191057000,1.00000000,1.35628258,0,117.94000000,159.95996749,0.02529775,0.02529775
XLY,2026-05-21,"STATE STREET CONSUMER DIS SL",126375,01,81369Y407,17,USD,117.59000000,119.21500000,116.80500000,118.70000000,7082269.00000000,190957000,1.00000000,1.35628258,0,118.70000000,160.99074225,0.00644395,0.00644395
XLY,2026-05-22,"STATE STREET CONSUMER DIS SL",126375,01,81369Y407,17,USD,119.16000000,119.87000000,118.97500000,119.18000000,5289808.00000000,191257000,1.00000000,1.35628258,0,119.18000000,161.64175788,0.00404381,0.00404381
XLY,2026-05-26,"STATE STREET CONSUMER DIS SL",126375,01,81369Y407,17,USD,119.73000000,120.23500000,118.69500000,119.45000000,5007084.00000000,191257000,1.00000000,1.35628258,0,119.45000000,162.00795418,0.00226548,0.00226548
XLY,2026-05-27,"STATE STREET CONSUMER DIS SL",126375,01,81369Y407,17,USD,120.69000000,121.94500000,120.55000000,121.55000000,13115960.00000000,191557000,1.00000000,1.35628258,0,121.55000000,164.85614760,0.01758058,0.01758058
XLY,2026-05-28,"STATE STREET CONSUMER DIS SL",126375,01,81369Y407,17,USD,121.10000000,122.19000000,120.57000000,122.06000000,7591035.00000000,196007000,1.00000000,1.35628258,0,122.06000000,165.54785171,0.00419580,0.00419580
XLY,2026-05-29,"STATE STREET CONSUMER DIS SL",126375,01,81369Y407,17,USD,121.60000000,122.18000000,120.83000000,120.87000000,7257948.00000000,196707000,1.00000000,1.35628258,0,120.87000000,163.93387544,-0.00974930,-0.00974930
XLY,2026-06-01,"STATE STREET CONSUMER DIS SL",126375,01,81369Y407,17,USD,119.69000000,119.82800000,117.97000000,118.19000000,11011910.00000000,196657000,1.00000000,1.35628258,0,118.19000000,160.29903813,-0.02217258,-0.02217258
XLY,2026-06-02,"STATE STREET CONSUMER DIS SL",126375,01,81369Y407,17,USD,117.52000000,118.27000000,116.55500000,117.59000000,8216720.00000000,194157000,1.00000000,1.35628258,0,117.59000000,159.48526858,-0.00507657,-0.00507657
XLY,2026-06-03,"STATE STREET CONSUMER DIS SL",126375,01,81369Y407,17,USD,116.63000000,117.62000000,116.12500000,116.73000000,6083263.00000000,193507000,1.00000000,1.35628258,0,116.73000000,158.31886556,-0.00731355,-0.00731355
XLY,2026-06-04,"STATE STREET CONSUMER DIS SL",126375,01,81369Y407,17,USD,117.96000000,118.19000000,117.04000000,117.26000000,4968306.00000000,193807000,1.00000000,1.35628258,0,117.26000000,159.03769533,0.00454039,0.00454039
XLY,2026-06-05,"STATE STREET CONSUMER DIS SL",126375,01,81369Y407,17,USD,117.40000000,118.10000000,114.57000000,114.86000000,7699313.00000000,193207000,1.00000000,1.35628258,0,114.86000000,155.78261714,-0.02046734,-0.02046734
XLY,2026-06-08,"STATE STREET CONSUMER DIS SL",126375,01,81369Y407,17,USD,114.77000000,116.02000000,114.77000000,115.39000000,6307371.00000000,193057000,1.00000000,1.35628258,0,115.39000000,156.50144691,0.00461431,0.00461431
XLY,2026-06-09,"STATE STREET CONSUMER DIS SL",126375,01,81369Y407,17,USD,116.16000000,117.58500000,114.24500000,115.87000000,8203539.00000000,193257000,1.00000000,1.35628258,0,115.87000000,157.15246254,0.00415981,0.00415981
XLY,2026-06-10,"STATE STREET CONSUMER DIS SL",126375,01,81369Y407,17,USD,115.46000000,115.68000000,113.38000000,113.49000000,7512466.00000000,193257000,1.00000000,1.35628258,0,113.49000000,153.92451000,-0.02054026,-0.02054026
XLY,2026-06-11,"STATE STREET CONSUMER DIS SL",126375,01,81369Y407,17,USD,114.12000000,116.46000000,113.44000000,116.30000000,8680162.00000000,192107000,1.00000000,1.35628258,0,116.30000000,157.73566405,0.02475989,0.02475989
XLY,2026-06-12,"STATE STREET CONSUMER DIS SL",126375,01,81369Y407,17,USD,117.02000000,117.02130000,114.81500000,116.60000000,7655148.00000000,192407000,1.00000000,1.35628258,0,116.60000000,158.14254883,0.00257954,0.00257954
XLY,2026-06-15,"STATE STREET CONSUMER DIS SL",126375,01,81369Y407,17,USD,118.61000000,119.51000000,118.31000000,118.57000000,6589078.00000000,192507000,1.00000000,1.35628258,0,118.57000000,160.81442551,0.01689537,0.01689537
XLY,2026-06-16,"STATE STREET CONSUMER DIS SL",126375,01,81369Y407,17,USD,118.67000000,119.46000000,118.34000000,118.46000000,6050473.00000000,192457000,1.00000000,1.35628258,0,118.46000000,160.66523443,-0.00092772,-0.00092772
XLY,2026-06-17,"STATE STREET CONSUMER DIS SL",126375,01,81369Y407,17,USD,117.81000000,118.17000000,115.18000000,115.49000000,9065424.00000000,192457000,1.00000000,1.35628258,0,115.49000000,156.63707516,-0.02507175,-0.02507175
XLY,2026-06-18,"STATE STREET CONSUMER DIS SL",126375,01,81369Y407,17,USD,116.65000000,117.65500000,115.54000000,117.16000000,8728339.00000000,193007000,1.00000000,1.35628258,0,117.16000000,158.90206707,0.01446013,0.01446013
XLY,2026-06-22,"STATE STREET CONSUMER DIS SL",126375,01,81369Y407,17,USD,115.99000000,116.91500000,114.87000000,114.94000000,7531282.00000000,191157000,1.00000000,1.35903432,0,114.94000000,156.20740474,-0.01894845,-0.01695801
XLY,2026-06-23,"STATE STREET CONSUMER DIS SL",126375,01,81369Y407,17,USD,113.95000000,114.66000000,113.47000000,113.76000000,9181489.00000000,192307000,1.00000000,1.35903432,0,113.76000000,154.60374424,-0.01026623,-0.01026623
XLY,2026-06-24,"STATE STREET CONSUMER DIS SL",126375,01,81369Y407,17,USD,114.15000000,116.96000000,113.93000000,115.07000000,8301351.00000000,190007000,1.00000000,1.35903432,0,115.07000000,156.38407920,0.01151547,0.01151547
XLY,2026-06-25,"STATE STREET CONSUMER DIS SL",126375,01,81369Y407,17,USD,114.65000000,115.06000000,113.13000000,113.35000000,7045357.00000000,191207000,1.00000000,1.35903432,0,113.35000000,154.04654017,-0.01494742,-0.01494742
XLY,2026-06-26,"STATE STREET CONSUMER DIS SL",126375,01,81369Y407,17,USD,113.20000000,115.46000000,113.16000000,114.37000000,8939767.00000000,192057000,1.00000000,1.35903432,0,114.37000000,155.43275518,0.00899868,0.00899868
XLY,2026-06-29,"STATE STREET CONSUMER DIS SL",126375,01,81369Y407,17,USD,115.21000000,117.54000000,115.04000000,117.12000000,10586690.00000000,190807000,1.00000000,1.35903432,0,117.12000000,159.17009956,0.02404477,0.02404477
XLY,2026-06-30,"STATE STREET CONSUMER DIS SL",126375,01,81369Y407,17,USD,116.23000000,117.57000000,116.23000000,117.28000000,5167843.00000000,192607000,1.00000000,1.35903432,0,117.28000000,159.38754505,0.00136612,0.00136612
XLY,2026-07-01,"STATE STREET CONSUMER DIS SL",126375,01,81369Y407,17,USD,117.78000000,119.15750000,116.90000000,118.09000000,9722418.00000000,193107000,1.00000000,1.35903432,0,118.09000000,160.48836285,0.00690655,0.00690655
XLY,2026-07-02,"STATE STREET CONSUMER DIS SL",126375,01,81369Y407,17,USD,118.63000000,119.21000000,116.57500000,117.12000000,10808980.00000000,193907000,1.00000000,1.35903432,0,117.12000000,159.17009956,-0.00821407,-0.00821407
XLY,2026-07-06,"STATE STREET CONSUMER DIS SL",126375,01,81369Y407,17,USD,117.52500000,118.19000000,116.10000000,118.01000000,9017743.00000000,191607000,1.00000000,1.35903432,0,118.01000000,160.37964010,0.00759904,0.00759904
XLY,2026-07-07,"STATE STREET CONSUMER DIS SL",126375,01,81369Y407,17,USD,118.92000000,119.12000000,117.10500000,117.39000000,9078115.00000000,194807000,1.00000000,1.35903432,0,117.39000000,159.53703882,-0.00525379,-0.00525379
XLY,2026-07-08,"STATE STREET CONSUMER DIS SL",126375,01,81369Y407,17,USD,116.31000000,116.32000000,114.43500000,115.30000000,15042660.00000000,194757000,1.00000000,1.35903432,0,115.30000000,156.69665710,-0.01780390,-0.01780390
XLY,2026-07-09,"STATE STREET CONSUMER DIS SL",126375,01,81369Y407,17,USD,114.72000000,116.87500000,114.55000000,116.85000000,8373965.00000000,193357000,1.00000000,1.35903432,0,116.85000000,158.80316029,0.01344319,0.01344319
XLY,2026-07-10,"STATE STREET CONSUMER DIS SL",126375,01,81369Y407,17,USD,117.59000000,117.89000000,116.48000000,117.24000000,5887360.00000000,194307000,1.00000000,1.35903432,0,117.24000000,159.33318368,0.00333761,0.00333761
XLY,2026-07-13,"STATE STREET CONSUMER DIS SL",126375,01,81369Y407,17,USD,117.20000000,117.52000000,115.62000000,116.04000000,5984516.00000000,194307000,1.00000000,1.35903432,0,116.04000000,157.70234249,-0.01023541,-0.01023541
XLY,2026-07-14,"STATE STREET CONSUMER DIS SL",126375,01,81369Y407,17,USD,116.01000000,116.40000000,115.46000000,115.90000000,6667593.00000000,195207000,1.00000000,1.35903432,0,115.90000000,157.51207769,-0.00120648,-0.00120648
XLY,2026-07-15,"STATE STREET CONSUMER DIS SL",126375,01,81369Y407,17,USD,116.46000000,117.81000000,116.45500000,117.00000000,9071938.00000000,195007000,1.00000000,1.35903432,0,117.00000000,159.00701544,0.00949094,0.00949094
XLY,2026-07-16,"STATE STREET CONSUMER DIS SL",126375,01,81369Y407,17,USD,117.12000000,118.21500000,116.86000000,117.34000000,6057036.00000000,195557000,1.00000000,1.35903432,0,117.34000000,159.46908711,0.00290598,0.00290598
XLY,2026-07-17,"STATE STREET CONSUMER DIS SL",126375,01,81369Y407,17,USD,115.91000000,116.87000000,115.32000000,115.44000000,10275010.00000000,196057000,1.00000000,1.35903432,0,115.44000000,156.88692190,-0.01619226,-0.01619226
XLY,2026-07-20,"STATE STREET CONSUMER DIS SL",126375,01,81369Y407,17,USD,116.22000000,116.22000000,114.38000000,114.61000000,7804490.00000000,196157000,1.00000000,1.35903432,0,114.61000000,155.75892342,-0.00718988,-0.00718988
XLY,2026-07-21,"STATE STREET CONSUMER DIS SL",126375,01,81369Y407,17,USD,114.64000000,115.17000000,114.28000000,114.87000000,6553544.00000000,195657000,1.00000000,1.35903432,0,114.87000000,156.11227234,0.00226856,0.00226856
XLY,2026-07-22,"STATE STREET CONSUMER DIS SL",126375,01,81369Y407,17,USD,114.90000000,115.23000000,113.82000000,114.02000000,7102052.00000000,196107000,1.00000000,1.35903432,0,114.02000000,154.95709317,-0.00739967,-0.00739967
XLY,2026-07-23,"STATE STREET CONSUMER DIS SL",126375,01,81369Y407,17,USD,110.48000000,110.59000000,108.29000000,108.76000000,12650070.00000000,194807000,1.00000000,1.35903432,0,108.76000000,147.80857264,-0.04613226,-0.04613226
XLY,2026-07-24,"STATE STREET CONSUMER DIS SL",126375,01,81369Y407,17,USD,109.10000000,109.93500000,108.65000000,109.41000000,8210747.00000000,192957000,1.00000000,1.35903432,0,109.41000000,148.69194495,0.00597646,0.00597646
XLY,2026-07-27,"STATE STREET CONSUMER DIS SL",126375,01,81369Y407,17,USD,110.87000000,111.36000000,110.30000000,110.84000000,6979102.00000000,194257000,1.00000000,1.35903432,0,110.84000000,150.63536403,0.01307010,0.01307010
XLY,2026-07-28,"STATE STREET CONSUMER DIS SL",126375,01,81369Y407,17,USD,111.66000000,112.53000000,111.25000000,112.48000000,6017859.00000000,194357000,1.00000000,1.35903432,0,112.48000000,152.86418031,0.01479610,0.01479610
XLY,2026-07-29,"STATE STREET CONSUMER DIS SL",126375,01,81369Y407,17,USD,111.95000000,113.59000000,111.44000000,111.61000000,7533354.00000000,193807000,1.00000000,1.35903432,0,111.61000000,151.68182046,-0.00773471,-0.00773471
XLY,2026-07-30,"STATE STREET CONSUMER DIS SL",126375,01,81369Y407,17,USD,112.17000000,112.79500000,111.46000000,112.39000000,8073966.00000000,193807000,1.00000000,1.35903432,0,112.39000000,152.74186722,0.00698862,0.00698862
XLY,2026-07-31,"STATE STREET CONSUMER DIS SL",126375,01,81369Y407,17,USD,115.44000000,116.39000000,114.97000000,116.09000000,13158000.00000000,193507000,1.00000000,1.35903432,0,116.09000000,157.77029421,0.03292108,0.03292108
XLY,2026-08-03,"STATE STREET CONSUMER DIS SL",126375,01,81369Y407,17,USD,117.64000000,119.12000000,117.64000000,118.21000000,10039780.00000000,195957000,1.00000000,1.35903432,0,118.21000000,160.65144697,0.01826169,0.01826169
XLY,2026-08-04,"STATE STREET CONSUMER DIS SL",126375,01,81369Y407,17,USD,117.53000000,118.56500000,117.12000000,118.29000000,10500790.00000000,197357000,1.00000000,1.35903432,0,118.29000000,160.76016971,0.00067676,0.00067676
XLY,2026-08-05,"STATE STREET CONSUMER DIS SL",126375,01,81369Y407,17,USD,119.28000000,119.64000000,118.07000000,118.64000000,6117393.00000000,198357000,1.00000000,1.35903432,0,118.64000000,161.23583172,0.00295883,0.00295883
XLY,2026-08-06,"STATE STREET CONSUMER DIS SL",126375,01,81369Y407,17,USD,118.61000000,118.79500000,117.70500000,118.10000000,4827894.00000000,198557000,1.00000000,1.35903432,0,118.10000000,160.50195319,-0.00455158,-0.00455158
XLY,2026-08-07,"STATE STREET CONSUMER DIS SL",126375,01,81369Y407,17,USD,118.52000000,120.43500000,118.49730000,119.86000000,5077348.00000000,199307000,1.00000000,1.35903432,0,119.86000000,162.89385360,0.01490262,0.01490262
XLY,2026-08-10,"STATE STREET CONSUMER DIS SL",126375,01,81369Y407,17,USD,119.22500000,119.85500000,118.86000000,119.67000000,4466138.00000000,199307000,1.00000000,1.35903432,0,119.67000000,162.63563707,-0.00158518,-0.00158518
XLY,2026-08-11,"STATE STREET CONSUMER DIS SL",126375,01,81369Y407,17,USD,119.67000000,119.96000000,119.11000000,119.24000000,3788584.00000000,198157000,1.00000000,1.35903432,0,119.24000000,162.05125232,-0.00359321,-0.00359321
XLY,2026-08-12,"STATE STREET CONSUMER DIS SL",126375,01,81369Y407,17,USD,119.32000000,119.32000000,117.55000000,117.89000000,4478485.00000000,198207000,1.00000000,1.35903432,0,117.89000000,160.21655598,-0.01132170,-0.01132170
XLY,2026-08-13,"STATE STREET CONSUMER DIS SL",126375,01,81369Y407,17,USD,118.04000000,118.93000000,117.88500000,118.45000000,4520593.00000000,198207000,1.00000000,1.35903432,0,118.45000000,160.97761520,0.00475019,0.00475019
XLY,2026-08-14,"STATE STREET CONSUMER DIS SL",126375,01,81369Y407,17,USD,118.47000000,119.17500000,118.09000000,118.20000000,3839251.00000000,198307000,1.00000000,1.35903432,0,118.20000000,160.63785662,-0.00211060,-0.00211060
XLY,2026-08-17,"STATE STREET CONSUMER DIS SL",126375,01,81369Y407,17,USD,117.96000000,117.96000000,116.49410000,116.75000000,6883699.00000000,198157000,1.00000000,1.35903432,0,116.75000000,158.66725686,-0.01226734,-0.01226734
XLY,2026-08-18,"STATE STREET CONSUMER DIS SL",126375,01,81369Y407,17,USD,116.70000000,117.58000000,116.07000000,116.36000000,5285113.00000000,198257000,1.00000000,1.35903432,0,116.36000000,158.13723348,-0.00334047,-0.00334047
XLY,2026-08-19,"STATE STREET CONSUMER DIS SL",126375,01,81369Y407,17,USD,116.90000000,119.06000000,116.73000000,118.59000000,7526332.00000000,197307000,1.00000000,1.35903432,0,118.59000000,161.16788001,0.01916466,0.01916466
XLY,2026-08-20,"STATE STREET CONSUMER DIS SL",126375,01,81369Y407,17,USD,117.05000000,117.40000000,116.37500000,116.68000000,5144650.00000000,197007000,1.00000000,1.35903432,0,116.68000000,158.57212446,-0.01610591,-0.01610591
XLY,2026-08-21,"STATE STREET CONSUMER DIS SL",126375,01,81369Y407,17,USD,117.44000000,118.43000000,116.74000000,118.02000000,6561373.00000000,196407000,1.00000000,1.35903432,0,118.02000000,160.39323045,0.01148440,0.01148440
XLY,2026-08-24,"STATE STREET CONSUMER DIS SL",126375,01,81369Y407,17,USD,118.38000000,118.79000000,118.07000000,118.30000000,4662316.00000000,196057000,1.00000000,1.35903432,0,118.30000000,160.77376006,0.00237248,0.00237248
XLY,2026-08-25,"STATE STREET CONSUMER DIS SL",126375,01,81369Y407,17,USD,118.41000000,118.57000000,117.74500000,117.95000000,4156089.00000000,195807000,1.00000000,1.35903432,0,117.95000000,160.29809804,-0.00295858,-0.00295858
XLY,2026-08-26,"STATE STREET CONSUMER DIS SL",126375,01,81369Y407,17,USD,117.69000000,117.84000000,116.74500000,117.16000000,3271609.00000000,195257000,1.00000000,1.35903432,0,117.16000000,159.22446093,-0.00669775,-0.00669775
XLY,2026-08-27,"STATE STREET CONSUMER DIS SL",126375,01,81369Y407,17,USD,116.54000000,116.62000000,115.81000000,115.88000000,5224321.00000000,195257000,1.00000000,1.35903432,0,115.88000000,157.48489700,-0.01092523,-0.01092523
XLY,2026-08-28,"STATE STREET CONSUMER DIS SL",126375,01,81369Y407,17,USD,116.71000000,117.57000000,116.37500000,117.21000000,4505540.00000000,195257000,1.00000000,1.35903432,0,117.21000000,159.29241265,0.01147739,0.01147739
XLY,2026-08-31,"STATE STREET CONSUMER DIS SL",126375,01,81369Y407,17,USD,116.56000000,117.14000000,116.29000000,116.59000000,4912732.00000000,195557000,1.00000000,1.35903432,0,116.59000000,158.44981137,-0.00528965,-0.00528965
XLY,2026-09-01,"STATE STREET CONSUMER DIS SL",126375,01,81369Y407,17,USD,115.42000000,115.61500000,114.32000000,114.59000000,5883046.00000000,195107000,1.00000000,1.35903432,0,114.59000000,155.73174273,-0.01715413,-0.01715413
XLY,2026-09-02,"STATE STREET CONSUMER DIS SL",126375,01,81369Y407,17,USD,114.99000000,115.11000000,114.25000000,114.86000000,4229563.00000000,194357000,1.00000000,1.35903432,0,114.86000000,156.09868200,0.00235623,0.00235623
XLY,2026-09-03,"STATE STREET CONSUMER DIS SL",126375,01,81369Y407,17,USD,115.93000000,117.06500000,115.83000000,116.46000000,5658526.00000000,194007000,1.00000000,1.35903432,0,116.46000000,158.27313691,0.01393000,0.01393000
XLY,2026-09-04,"STATE STREET CONSUMER DIS SL",126375,01,81369Y407,17,USD,115.26000000,115.74000000,114.46000000,114.91000000,5119920.00000000,194307000,1.00000000,1.35903432,0,114.91000000,156.16663371,-0.01330929,-0.01330929
XLY,2026-09-08,"STATE STREET CONSUMER DIS SL",126375,01,81369Y407,17,USD,114.47000000,114.63000000,113.75000000,113.99000000,7821179.00000000,192707000,1.00000000,1.35903432,0,113.99000000,154.91632214,-0.00800627,-0.00800627
XLY,2026-09-09,"STATE STREET CONSUMER DIS SL",126375,01,81369Y407,17,USD,112.96000000,113.27000000,112.26500000,112.46000000,7683759.00000000,191557000,1.00000000,1.35903432,0,112.46000000,152.83699963,-0.01342223,-0.01342223
XLY,2026-09-10,"STATE STREET CONSUMER DIS SL",126375,01,81369Y407,17,USD,111.49000000,112.65000000,111.02000000,111.96000000,5814099.00000000,190257000,1.00000000,1.35903432,0,111.96000000,152.15748247,-0.00444603,-0.00444603
XLY,2026-09-11,"STATE STREET CONSUMER DIS SL",126375,01,81369Y407,17,USD,112.87000000,113.25000000,112.54500000,112.96000000,4536719.00000000,189657000,1.00000000,1.35903432,0,112.96000000,153.51651679,0.00893176,0.00893176
XLY,2026-09-14,"STATE STREET CONSUMER DIS SL",126375,01,81369Y407,17,USD,112.31000000,113.28000000,112.11000000,112.85000000,5276250.00000000,189657000,1.00000000,1.35903432,0,112.85000000,153.36702301,-0.00097380,-0.00097380
XLY,2026-09-15,"STATE STREET CONSUMER DIS SL",126375,01,81369Y407,17,USD,112.53000000,112.63000000,110.56000000,110.88000000,12691140.00000000,189457000,1.00000000,1.35903432,0,110.88000000,150.68972540,-0.01745680,-0.01745680
XLY,2026-09-16,"STATE STREET CONSUMER DIS SL",126375,01,81369Y407,17,USD,111.10000000,111.46000000,109.62500000,110.18000000,8874537.00000000,195007000,1.00000000,1.35903432,0,110.18000000,149.73840138,-0.00631313,-0.00631313
XLY,2026-09-17,"STATE STREET CONSUMER DIS SL",126375,01,81369Y407,17,USD,112.04000000,112.24000000,111.17260000,111.39000000,4397317.00000000,195607000,1.00000000,1.35903432,0,111.39000000,151.38283290,0.01098203,0.01098203
XLY,2026-09-18,"STATE STREET CONSUMER DIS SL",126375,01,81369Y407,17,USD,111.46000000,111.77000000,110.63000000,111.03000000,5418151.00000000,196107000,1.00000000,1.35903432,0,111.03000000,150.89358055,-0.00323189,-0.00323189
XLP,2026-03-20,"STATE STREET CONSUMER STP SL",126394,01,81369Y308,17,USD,82.11000000,82.31000000,81.06000000,81.29000000,20893540.00000000,193622000,1.00000000,1.88411366,0,81.29000000,153.15959942,,
XLP,2026-03-23,"STATE STREET CONSUMER STP SL",126394,01,81369Y308,17,USD,81.78000000,81.83000000,80.98000000,81.18000000,20283020.00000000,196922000,1.00000000,1.89467147,0,81.18000000,153.80942993,-0.00135318,0.00424283
XLP,2026-03-24,"STATE STREET CONSUMER STP SL",126394,01,81369Y308,17,USD,80.80000000,82.02570000,80.63000000,81.11000000,14786670.00000000,188522000,1.00000000,1.89467147,0,81.11000000,153.67680293,-0.00086228,-0.00086228
XLP,2026-03-25,"STATE STREET CONSUMER STP SL",126394,01,81369Y308,17,USD,81.42500000,81.63000000,80.51000000,81.51000000,17611720.00000000,190522000,1.00000000,1.89467147,0,81.51000000,154.43467152,0.00493157,0.00493157
XLP,2026-03-26,"STATE STREET CONSUMER STP SL",126394,01,81369Y308,17,USD,81.48000000,82.23000000,81.06500000,81.14000000,14147610.00000000,190522000,1.00000000,1.89467147,0,81.14000000,153.73364308,-0.00453932,-0.00453932
XLP,2026-03-27,"STATE STREET CONSUMER STP SL",126394,01,81369Y308,17,USD,81.27000000,82.31510000,80.99000000,81.78000000,25941850.00000000,190522000,1.00000000,1.89467147,0,81.78000000,154.94623282,0.00788760,0.00788760
XLP,2026-03-30,"STATE STREET CONSUMER STP SL",126394,01,81369Y308,17,USD,81.90500000,82.60500000,81.63000000,81.88000000,15853530.00000000,188922000,1.00000000,1.89467147,0,81.88000000,155.13569996,0.00122279,0.00122279
XLP,2026-03-31,"STATE STREET CONSUMER STP SL",126394,01,81369Y308,17,USD,82.00000000,82.27000000,81.14500000,81.98000000,19513210.00000000,188872000,1.00000000,1.89467147,0,81.98000000,155.32516711,0.00122130,0.00122130
XLP,2026-04-01,"STATE STREET CONSUMER STP SL",126394,01,81369Y308,17,USD,81.72000000,81.86500000,80.92000000,81.46000000,29641160.00000000,188722000,1.00000000,1.89467147,0,81.46000000,154.33993795,-0.00634301,-0.00634301
XLP,2026-04-02,"STATE STREET CONSUMER STP SL",126394,01,81369Y308,17,USD,81.71000000,81.98000000,81.16000000,81.89000000,20707990.00000000,186422000,1.00000000,1.89467147,0,81.89000000,155.15464668,0.00527866,0.00527866
XLP,2026-04-06,"STATE STREET CONSUMER STP SL",126394,01,81369Y308,17,USD,81.86000000,82.68500000,81.61000000,82.66000000,9753506.00000000,176872000,1.00000000,1.89467147,0,82.66000000,156.61354371,0.00940286,0.00940286
XLP,2026-04-07,"STATE STREET CONSUMER STP SL",126394,01,81369Y308,17,USD,82.46000000,82.53500000,81.10000000,81.26000000,13269550.00000000,176822000,1.00000000,1.89467147,0,81.26000000,153.96100365,-0.01693685,-0.01693685
XLP,2026-04-08,"STATE STREET CONSUMER STP SL",126394,01,81369Y308,17,USD,81.24500000,82.80000000,80.97000000,82.78000000,12642280.00000000,174872000,1.00000000,1.89467147,0,82.78000000,156.84090429,0.01870539,0.01870539
XLP,2026-04-09,"STATE STREET CONSUMER STP SL",126394,01,81369Y308,17,USD,82.24000000,83.63930000,82.06000000,83.45000000,11715400.00000000,174972000,1.00000000,1.89467147,0,83.45000000,158.11033417,0.00809374,0.00809374
XLP,2026-04-10,"STATE STREET CONSUMER STP SL",126394,01,81369Y308,17,USD,83.38000000,83.41000000,82.14000000,82.37000000,12091590.00000000,174322000,1.00000000,1.89467147,0,82.37000000,156.06408898,-0.01294188,-0.01294188
XLP,2026-04-13,"STATE STREET CONSUMER STP SL",126394,01,81369Y308,17,USD,82.13500000,82.27000000,81.06500000,81.55000000,9979636.00000000,173872000,1.00000000,1.89467147,0,81.55000000,154.51045838,-0.00995508,-0.00995508
XLP,2026-04-14,"STATE STREET CONSUMER STP SL",126394,01,81369Y308,17,USD,81.05500000,81.75000000,80.71000000,81.47000000,11576720.00000000,174722000,1.00000000,1.89467147,0,81.47000000,154.35888466,-0.00098099,-0.00098099
XLP,2026-04-15,"STATE STREET CONSUMER STP SL",126394,01,81369Y308,17,USD,81.22500000,81.32000000,80.45500000,81.06000000,10891410.00000000,176672000,1.00000000,1.89467147,0,81.06000000,153.58206936,-0.00503253,-0.00503253
XLP,2026-04-16,"STATE STREET CONSUMER STP SL",126394,01,81369Y308,17,USD,80.99000000,81.79500000,80.87000000,81.43000000,13276260.00000000,177122000,1.00000000,1.89467147,0,81.43000000,154.28309780,0.00456452,0.00456452
XLP,2026-04-17,"STATE STREET CONSUMER STP SL",126394,01,81369Y308,17,USD,81.32000000,82.54000000,81.15000000,82.46000000,12251650.00000000,177122000,1.00000000,1.89467147,0,82.46000000,156.23460942,0.01264890,0.01264890
XLP,2026-04-20,"STATE STREET CONSUMER STP SL",126394,01,81369Y308,17,USD,82.55000000,82.95000000,82.07500000,82.39000000,9428045.00000000,177122000,1.00000000,1.89467147,0,82.39000000,156.10198241,-0.00084890,-0.00084890
XLP,2026-04-21,"STATE STREET CONSUMER STP SL",126394,01,81369Y308,17,USD,82.34000000,82.45000000,81.73500000,81.84000000,8709548.00000000,176122000,1.00000000,1.89467147,0,81.84000000,155.05991310,-0.00667557,-0.00667557
XLP,2026-04-22,"STATE STREET CONSUMER STP SL",126394,01,81369Y308,17,USD,82.09000000,82.51000000,81.84500000,82.11000000,9137460.00000000,175872000,1.00000000,1.89467147,0,82.11000000,155.57147440,0.00329912,0.00329912
XLP,2026-04-23,"STATE STREET CONSUMER STP SL",126394,01,81369Y308,17,USD,82.36000000,83.65500000,82.36000000,83.48000000,12350790.00000000,175172000,1.00000000,1.89467147,0,83.48000000,158.16717432,0.01668493,0.01668493
XLP,2026-04-24,"STATE STREET CONSUMER STP SL",126394,01,81369Y308,17,USD,83.76000000,83.86000000,82.95000000,83.23000000,10850740.00000000,176672000,1.00000000,1.89467147,0,83.23000000,157.69350645,-0.00299473,-0.00299473
XLP,2026-04-27,"STATE STREET CONSUMER STP SL",126394,01,81369Y308,17,USD,83.09700000,83.34000000,82.27000000,82.34000000,11121820.00000000,176672000,1.00000000,1.89467147,0,82.34000000,156.00724884,-0.01069326,-0.01069326
XLP,2026-04-28,"STATE STREET CONSUMER STP SL",126394,01,81369Y308,17,USD,83.60000000,83.65000000,82.61500000,83.08000000,10168690.00000000,176122000,1.00000000,1.89467147,0,83.08000000,157.40930573,0.00898713,0.00898713
XLP,2026-04-29,"STATE STREET CONSUMER STP SL",126394,01,81369Y308,17,USD,82.76000000,83.23500000,82.46500000,82.92000000,12083280.00000000,173322000,1.00000000,1.89467147,0,82.92000000,157.10615829,-0.00192585,-0.00192585
XLP,2026-04-30,"STATE STREET CONSUMER STP SL",126394,01,81369Y308,17,USD,83.29000000,84.44000000,83.18000000,84.31000000,15358500.00000000,173522000,1.00000000,1.89467147,0,84.31000000,159.73975164,0.01676315,0.01676315
XLP,2026-05-01,"STATE STREET CONSUMER STP SL",126394,01,81369Y308,17,USD,84.72000000,85.05560000,83.74000000,84.17000000,13318230.00000000,172572000,1.00000000,1.89467147,0,84.17000000,159.47449763,-0.00166054,-0.00166054
XLP,2026-05-04,"STATE STREET CONSUMER STP SL",126394,01,81369Y308,17,USD,83.53500000,84.35000000,83.13500000,83.54000000,12598120.00000000,173522000,1.00000000,1.89467147,0,83.54000000,158.28085460,-0.00748485,-0.00748485
XLP,2026-05-05,"STATE STREET CONSUMER STP SL",126394,01,81369Y308,17,USD,83.48000000,84.46000000,83.27000000,84.06000000,10870060.00000000,173522000,1.00000000,1.89467147,0,84.06000000,159.26608377,0.00622456,0.00622456
XLP,2026-05-06,"STATE STREET CONSUMER STP SL",126394,01,81369Y308,17,USD,84.33500000,84.50500000,83.84000000,84.24000000,11528650.00000000,174922000,1.00000000,1.89467147,0,84.24000000,159.60712463,0.00214133,0.00214133
XLP,2026-05-07,"STATE STREET CONSUMER STP SL",126394,01,81369Y308,17,USD,83.93000000,84.29500000,83.14500000,83.98000000,10107370.00000000,174922000,1.00000000,1.89467147,0,83.98000000,159.11451005,-0.00308642,-0.00308642
XLP,2026-05-08,"STATE STREET CONSUMER STP SL",126394,01,81369Y308,17,USD,84.53000000,84.80000000,84.15500000,84.18000000,10322520.00000000,173072000,1.00000000,1.89467147,0,84.18000000,159.49344434,0.00238152,0.00238152
XLP,2026-05-11,"STATE STREET CONSUMER STP SL",126394,01,81369Y308,17,USD,84.08000000,84.29000000,82.82500000,83.37000000,11039460.00000000,174922000,1.00000000,1.89467147,0,83.37000000,157.95876045,-0.00962224,-0.00962224
XLP,2026-05-12,"STATE STREET CONSUMER STP SL",126394,01,81369Y308,17,USD,83.71000000,85.02000000,83.21000000,84.44000000,16098310.00000000,175722000,1.00000000,1.89467147,0,84.44000000,159.98605893,0.01283435,0.01283435
XLP,2026-05-13,"STATE STREET CONSUMER STP SL",126394,01,81369Y308,17,USD,84.20000000,85.25500000,84.13500000,84.72000000,10461040.00000000,176672000,1.00000000,1.89467147,0,84.72000000,160.51656694,0.00331596,0.00331596
XLP,2026-05-14,"STATE STREET CONSUMER STP SL",126394,01,81369Y308,17,USD,84.95000000,85.26000000,84.79000000,84.98000000,6627428.00000000,176272000,1.00000000,1.89467147,0,84.98000000,161.00918152,0.00306893,0.00306893
XLP,2026-05-15,"STATE STREET CONSUMER STP SL",126394,01,81369Y308,17,USD,85.53000000,85.59000000,84.50500000,84.64000000,12229550.00000000,176872000,1.00000000,1.89467147,0,84.64000000,160.36499322,-0.00400094,-0.00400094
XLP,2026-05-18,"STATE STREET CONSUMER STP SL",126394,01,81369Y308,17,USD,84.75000000,85.94000000,84.68000000,85.90000000,11633420.00000000,176872000,1.00000000,1.89467147,0,85.90000000,162.75227927,0.01488658,0.01488658
XLP,2026-05-19,"STATE STREET CONSUMER STP SL",126394,01,81369Y308,17,USD,85.82000000,86.69500000,85.16000000,86.09000000,12228690.00000000,177322000,1.00000000,1.89467147,0,86.09000000,163.11226685,0.00221187,0.00221187
XLP,2026-05-20,"STATE STREET CONSUMER STP SL",126394,01,81369Y308,17,USD,85.58000000,86.06500000,84.81000000,85.52000000,14033440.00000000,177722000,1.00000000,1.89467147,0,85.52000000,162.03230411,-0.00662098,-0.00662098
XLP,2026-05-21,"STATE STREET CONSUMER STP SL",126394,01,81369Y308,17,USD,84.56000000,84.77000000,83.44000000,84.66000000,13185110.00000000,177172000,1.00000000,1.89467147,0,84.66000000,160.40288665,-0.01005613,-0.01005613
XLP,2026-05-22,"STATE STREET CONSUMER STP SL",126394,01,81369Y308,17,USD,84.72000000,85.12000000,84.43500000,84.80000000,7889894.00000000,176222000,1.00000000,1.89467147,0,84.80000000,160.66814066,0.00165367,0.00165367
XLP,2026-05-26,"STATE STREET CONSUMER STP SL",126394,01,81369Y308,17,USD,84.79000000,84.89000000,83.52500000,83.63000000,9474554.00000000,176472000,1.00000000,1.89467147,0,83.63000000,158.45137504,-0.01379717,-0.01379717
XLP,2026-05-27,"STATE STREET CONSUMER STP SL",126394,01,81369Y308,17,USD,84.02000000,85.16000000,83.89500000,84.58000000,12223900.00000000,176522000,1.00000000,1.89467147,0,84.58000000,160.25131293,0.01135956,0.01135956
XLP,2026-05-28,"STATE STREET CONSUMER STP SL",126394,01,81369Y308,17,USD,84.86000000,84.95000000,84.36500000,84.43000000,6411377.00000000,178522000,1.00000000,1.89467147,0,84.43000000,159.96711221,-0.00177347,-0.00177347
XLP,2026-05-29,"STATE STREET CONSUMER STP SL",126394,01,81369Y308,17,USD,83.97000000,84.09500000,82.85000000,82.91000000,13009340.00000000,179122000,1.00000000,1.89467147,0,82.91000000,157.08721158,-0.01800308,-0.01800308
XLP,2026-06-01,"STATE STREET CONSUMER STP SL",126394,01,81369Y308,17,USD,82.50500000,82.63500000,81.68000000,82.03000000,20237830.00000000,178622000,1.00000000,1.89467147,0,82.03000000,155.41990068,-0.01061392,-0.01061392
XLP,2026-06-02,"STATE STREET CONSUMER STP SL",126394,01,81369Y308,17,USD,81.92000000,82.29000000,81.48000000,81.83000000,15722340.00000000,174772000,1.00000000,1.89467147,0,81.83000000,155.04096639,-0.00243813,-0.00243813
XLP,2026-06-03,"STATE STREET CONSUMER STP SL",126394,01,81369Y308,17,USD,81.79000000,82.72000000,81.65000000,82.16000000,14722970.00000000,171072000,1.00000000,1.89467147,0,82.16000000,155.66620798,0.00403275,0.00403275
XLP,2026-06-04,"STATE STREET CONSUMER STP SL",126394,01,81369Y308,17,USD,83.34000000,83.61000000,81.83500000,82.04000000,12181090.00000000,170672000,1.00000000,1.89467147,0,82.04000000,155.43884740,-0.00146056,-0.00146056
XLP,2026-06-05,"STATE STREET CONSUMER STP SL",126394,01,81369Y308,17,USD,82.59000000,84.39000000,82.44000000,83.44000000,17012330.00000000,176022000,1.00000000,1.89467147,0,83.44000000,158.09138746,0.01706485,0.01706485
XLP,2026-06-08,"STATE STREET CONSUMER STP SL",126394,01,81369Y308,17,USD,82.97000000,83.49000000,82.93000000,83.07000000,9543755.00000000,170172000,1.00000000,1.89467147,0,83.07000000,157.39035901,-0.00443432,-0.00443432
XLP,2026-06-09,"STATE STREET CONSUMER STP SL",126394,01,81369Y308,17,USD,83.18000000,84.59000000,83.04000000,84.10000000,12437660.00000000,169772000,1.00000000,1.89467147,0,84.10000000,159.34187063,0.01239918,0.01239918
XLP,2026-06-10,"STATE STREET CONSUMER STP SL",126394,01,81369Y308,17,USD,84.76000000,85.61500000,84.40000000,85.49000000,13124680.00000000,170022000,1.00000000,1.89467147,0,85.49000000,161.97546397,0.01652794,0.01652794
XLP,2026-06-11,"STATE STREET CONSUMER STP SL",126394,01,81369Y308,17,USD,85.67500000,85.96000000,85.20000000,85.27000000,18005950.00000000,170072000,1.00000000,1.89467147,0,85.27000000,161.55863625,-0.00257340,-0.00257340
XLP,2026-06-12,"STATE STREET CONSUMER STP SL",126394,01,81369Y308,17,USD,85.46000000,85.86000000,85.12000000,85.82000000,9362077.00000000,170922000,1.00000000,1.89467147,0,85.82000000,162.60070556,0.00645010,0.00645010
XLP,2026-06-15,"STATE STREET CONSUMER STP SL",126394,01,81369Y308,17,USD,85.47200000,85.77000000,85.13000000,85.48000000,10979120.00000000,170372000,1.00000000,1.89467147,0,85.48000000,161.95651726,-0.00396178,-0.00396178
XLP,2026-06-16,"STATE STREET CONSUMER STP SL",126394,01,81369Y308,17,USD,85.79000000,86.35000000,85.09000000,85.59000000,9364026.00000000,168222000,1.00000000,1.89467147,0,85.59000000,162.16493112,0.00128685,0.00128685
XLP,2026-06-17,"STATE STREET CONSUMER STP SL",126394,01,81369Y308,17,USD,85.19000000,85.39000000,83.35500000,83.68000000,18012490.00000000,167022000,1.00000000,1.89467147,0,83.68000000,158.54610861,-0.02231569,-0.02231569
XLP,2026-06-18,"STATE STREET CONSUMER STP SL",126394,01,81369Y308,17,USD,83.83500000,83.89000000,83.12500000,83.30000000,10445020.00000000,164772000,1.00000000,1.89467147,0,83.30000000,157.82613345,-0.00454111,-0.00454111
XLP,2026-06-22,"STATE STREET CONSUMER STP SL",126394,01,81369Y308,17,USD,82.66000000,83.14000000,82.15000000,82.18000000,10965740.00000000,163672000,1.00000000,1.90790973,0,82.18000000,156.79202161,-0.01344538,-0.00655222
XLP,2026-06-23,"STATE STREET CONSUMER STP SL",126394,01,81369Y308,17,USD,83.62000000,83.84000000,83.02500000,83.72000000,14807910.00000000,164572000,1.00000000,1.90790973,0,83.72000000,159.73020260,0.01873935,0.01873935
XLP,2026-06-24,"STATE STREET CONSUMER STP SL",126394,01,81369Y308,17,USD,84.03500000,84.81000000,83.82000000,84.44000000,11109320.00000000,163372000,1.00000000,1.90790973,0,84.44000000,161.10389760,0.00860010,0.00860010
XLP,2026-06-25,"STATE STREET CONSUMER STP SL",126394,01,81369Y308,17,USD,83.95000000,84.99000000,83.70000000,83.94000000,12043130.00000000,166122000,1.00000000,1.90790973,0,83.94000000,160.14994274,-0.00592136,-0.00592136
XLP,2026-06-26,"STATE STREET CONSUMER STP SL",126394,01,81369Y308,17,USD,84.65000000,85.21940000,84.44500000,84.71000000,11368400.00000000,166172000,1.00000000,1.90790973,0,84.71000000,161.61903323,0.00917322,0.00917322
XLP,2026-06-29,"STATE STREET CONSUMER STP SL",126394,01,81369Y308,17,USD,84.90500000,85.07500000,84.04500000,84.37000000,10161510.00000000,165122000,1.00000000,1.90790973,0,84.37000000,160.97034392,-0.00401369,-0.00401369
XLP,2026-06-30,"STATE STREET CONSUMER STP SL",126394,01,81369Y308,17,USD,83.99000000,84.09000000,82.95000000,83.07000000,12746340.00000000,164222000,1.00000000,1.90790973,0,83.07000000,158.49006127,-0.01540832,-0.01540832
XLP,2026-07-01,"STATE STREET CONSUMER STP SL",126394,01,81369Y308,17,USD,83.09500000,83.33000000,82.77000000,83.30000000,12199680.00000000,163972000,1.00000000,1.90790973,0,83.30000000,158.92888051,0.00276875,0.00276875
XLP,2026-07-02,"STATE STREET CONSUMER STP SL",126394,01,81369Y308,17,USD,83.75000000,85.13500000,83.75000000,84.99000000,16704600.00000000,167522000,1.00000000,1.90790973,0,84.99000000,162.15324795,0.02028812,0.02028812
XLP,2026-07-06,"STATE STREET CONSUMER STP SL",126394,01,81369Y308,17,USD,84.80000000,85.10000000,83.31500000,84.10000000,13169710.00000000,170822000,1.00000000,1.90790973,0,84.10000000,160.45520829,-0.01047182,-0.01047182
XLP,2026-07-07,"STATE STREET CONSUMER STP SL",126394,01,81369Y308,17,USD,85.52000000,85.95800000,84.45000000,84.86000000,13234630.00000000,169772000,1.00000000,1.90790973,0,84.86000000,161.90521969,0.00903686,0.00903686
XLP,2026-07-08,"STATE STREET CONSUMER STP SL",126394,01,81369Y308,17,USD,85.17000000,85.30000000,84.35000000,84.39000000,10893310.00000000,171572000,1.00000000,1.90790973,0,84.39000000,161.00850211,-0.00553853,-0.00553853
XLP,2026-07-09,"STATE STREET CONSUMER STP SL",126394,01,81369Y308,17,USD,83.55000000,83.83500000,83.11000000,83.20000000,11238850.00000000,171272000,1.00000000,1.90790973,0,83.20000000,158.73808954,-0.01410120,-0.01410120
XLP,2026-07-10,"STATE STREET CONSUMER STP SL",126394,01,81369Y308,17,USD,83.24000000,84.19000000,83.17000000,84.12000000,8295793.00000000,170672000,1.00000000,1.90790973,0,84.12000000,160.49336649,0.01105769,0.01105769
XLP,2026-07-13,"STATE STREET CONSUMER STP SL",126394,01,81369Y308,17,USD,84.55000000,85.54000000,84.37500000,84.59000000,8118624.00000000,170422000,1.00000000,1.90790973,0,84.59000000,161.39008406,0.00558726,0.00558726
XLP,2026-07-14,"STATE STREET CONSUMER STP SL",126394,01,81369Y308,17,USD,84.51000000,84.73500000,83.34500000,83.42000000,7870298.00000000,168972000,1.00000000,1.90790973,0,83.42000000,159.15782968,-0.01383142,-0.01383142
XLP,2026-07-15,"STATE STREET CONSUMER STP SL",126394,01,81369Y308,17,USD,83.10000000,84.22000000,82.97000000,83.47000000,7386516.00000000,168722000,1.00000000,1.90790973,0,83.47000000,159.25322516,0.00059938,0.00059938
XLP,2026-07-16,"STATE STREET CONSUMER STP SL",126394,01,81369Y308,17,USD,84.14000000,85.81500000,84.04000000,85.81000000,12140770.00000000,168372000,1.00000000,1.90790973,0,85.81000000,163.71773393,0.02803402,0.02803402
XLP,2026-07-17,"STATE STREET CONSUMER STP SL",126394,01,81369Y308,17,USD,86.79000000,87.43000000,84.75500000,85.19000000,15691700.00000000,169372000,1.00000000,1.90790973,0,85.19000000,162.53482990,-0.00722527,-0.00722527
XLP,2026-07-20,"STATE STREET CONSUMER STP SL",126394,01,81369Y308,17,USD,85.13500000,85.39900000,84.56000000,84.86000000,8570508.00000000,169672000,1.00000000,1.90790973,0,84.86000000,161.90521969,-0.00387369,-0.00387369
XLP,2026-07-21,"STATE STREET CONSUMER STP SL",126394,01,81369Y308,17,USD,84.43000000,84.60000000,83.91500000,84.06000000,7384796.00000000,168022000,1.00000000,1.90790973,0,84.06000000,160.37889190,-0.00942729,-0.00942729
XLP,2026-07-22,"STATE STREET CONSUMER STP SL",126394,01,81369Y308,17,USD,84.57800000,85.01500000,84.07000000,84.38000000,6541888.00000000,167722000,1.00000000,1.90790973,0,84.38000000,160.98942302,0.00380680,0.00380680
XLP,2026-07-23,"STATE STREET CONSUMER STP SL",126394,01,81369Y308,17,USD,83.20000000,83.69000000,82.81000000,83.21000000,10350310.00000000,167322000,1.00000000,1.90790973,0,83.21000000,158.75716863,-0.01386584,-0.01386584
XLP,2026-07-24,"STATE STREET CONSUMER STP SL",126394,01,81369Y308,17,USD,83.37000000,84.28000000,83.16000000,84.13000000,9633228.00000000,173172000,1.00000000,1.90790973,0,84.13000000,160.51244558,0.01105636,0.01105636
XLP,2026-07-27,"STATE STREET CONSUMER STP SL",126394,01,81369Y308,17,USD,84.42000000,85.76500000,84.37680000,85.36000000,12238200.00000000,169972000,1.00000000,1.90790973,0,85.36000000,162.85917455,0.01462023,0.01462023
XLP,2026-07-28,"STATE STREET CONSUMER STP SL",126394,01,81369Y308,17,USD,87.07000000,88.78000000,86.92500000,87.06000000,22243360.00000000,170372000,1.00000000,1.90790973,0,87.06000000,166.10262109,0.01991565,0.01991565
XLP,2026-07-29,"STATE STREET CONSUMER STP SL",126394,01,81369Y308,17,USD,86.34000000,87.87500000,86.34000000,87.36000000,14856480.00000000,176322000,1.00000000,1.90790973,0,87.36000000,166.67499401,0.00344590,0.00344590
XLP,2026-07-30,"STATE STREET CONSUMER STP SL",126394,01,81369Y308,17,USD,86.00000000,86.09000000,84.98500000,85.47000000,16597980.00000000,174972000,1.00000000,1.90790973,0,85.47000000,163.06904462,-0.02163462,-0.02163462
XLP,2026-07-31,"STATE STREET CONSUMER STP SL",126394,01,81369Y308,17,USD,84.85000000,85.43000000,84.32500000,85.05000000,11153560.00000000,171072000,1.00000000,1.90790973,0,85.05000000,162.26772254,-0.00491400,-0.00491400
XLP,2026-08-03,"STATE STREET CONSUMER STP SL",126394,01,81369Y308,17,USD,85.92000000,86.34000000,84.63000000,84.86000000,12582520.00000000,172022000,1.00000000,1.90790973,0,84.86000000,161.90521969,-0.00223398,-0.00223398
XLP,2026-08-04,"STATE STREET CONSUMER STP SL",126394,01,81369Y308,17,USD,84.29000000,85.43000000,83.86000000,85.37000000,13260460.00000000,172272000,1.00000000,1.90790973,0,85.37000000,162.87825365,0.00600990,0.00600990
XLP,2026-08-05,"STATE STREET CONSUMER STP SL",126394,01,81369Y308,17,USD,85.74000000,85.88000000,84.79000000,85.33000000,7721806.00000000,172522000,1.00000000,1.90790973,0,85.33000000,162.80193726,-0.00046855,-0.00046855
XLP,2026-08-06,"STATE STREET CONSUMER STP SL",126394,01,81369Y308,17,USD,86.31000000,86.41000000,84.68500000,85.11000000,8131227.00000000,172822000,1.00000000,1.90790973,0,85.11000000,162.38219712,-0.00257823,-0.00257823
XLP,2026-08-07,"STATE STREET CONSUMER STP SL",126394,01,81369Y308,17,USD,84.50000000,85.21000000,84.25000000,85.12000000,5655144.00000000,171472000,1.00000000,1.90790973,0,85.12000000,162.40127622,0.00011750,0.00011750
XLP,2026-08-10,"STATE STREET CONSUMER STP SL",126394,01,81369Y308,17,USD,84.66000000,85.04500000,84.33000000,84.95000000,6916374.00000000,171472000,1.00000000,1.90790973,0,84.95000000,162.07693156,-0.00199718,-0.00199718
XLP,2026-08-11,"STATE STREET CONSUMER STP SL",126394,01,81369Y308,17,USD,84.62000000,84.98000000,84.34500000,84.69000000,7353311.00000000,171672000,1.00000000,1.90790973,0,84.69000000,161.58087503,-0.00306062,-0.00306062
XLP,2026-08-12,"STATE STREET CONSUMER STP SL",126394,01,81369Y308,17,USD,84.08500000,85.13000000,84.01000000,85.08000000,6432849.00000000,180272000,1.00000000,1.90790973,0,85.08000000,162.32495983,0.00460503,0.00460503
XLP,2026-08-13,"STATE STREET CONSUMER STP SL",126394,01,81369Y308,17,USD,85.61000000,86.20000000,85.51000000,86.00000000,10349850.00000000,172922000,1.00000000,1.90790973,0,86.00000000,164.08023678,0.01081335,0.01081335
XLP,2026-08-14,"STATE STREET CONSUMER STP SL",126394,01,81369Y308,17,USD,86.00000000,86.30000000,85.82000000,86.09000000,6967808.00000000,172772000,1.00000000,1.90790973,0,86.09000000,164.25194866,0.00104651,0.00104651
XLP,2026-08-17,"STATE STREET CONSUMER STP SL",126394,01,81369Y308,17,USD,85.36000000,85.61000000,84.59000000,84.68000000,10511700.00000000,172522000,1.00000000,1.90790973,0,84.68000000,161.56179594,-0.01637821,-0.01637821
XLP,2026-08-18,"STATE STREET CONSUMER STP SL",126394,01,81369Y308,17,USD,85.76000000,86.19000000,85.13000000,85.58000000,10659760.00000000,172772000,1.00000000,1.90790973,0,85.58000000,163.27891469,0.01062825,0.01062825
XLP,2026-08-19,"STATE STREET CONSUMER STP SL",126394,01,81369Y308,17,USD,85.72000000,87.19000000,85.72000000,86.54000000,11242130.00000000,172772000,1.00000000,1.90790973,0,86.54000000,165.11050803,0.01121757,0.01121757
XLP,2026-08-20,"STATE STREET CONSUMER STP SL",126394,01,81369Y308,17,USD,85.20000000,86.00000000,85.00000000,85.32000000,11492570.00000000,174022000,1.00000000,1.90790973,0,85.32000000,162.78285816,-0.01409753,-0.01409753
XLP,2026-08-21,"STATE STREET CONSUMER STP SL",126394,01,81369Y308,17,USD,85.60000000,86.01000000,85.28000000,85.99000000,11193940.00000000,173072000,1.00000000,1.90790973,0,85.99000000,164.06115768,0.00785279,0.00785279
XLP,2026-08-24,"STATE STREET CONSUMER STP SL",126394,01,81369Y308,17,USD,86.45000000,87.46500000,86.45000000,87.45000000,9105163.00000000,170572000,1.00000000,1.90790973,0,87.45000000,166.84670589,0.01697872,0.01697872
XLP,2026-08-25,"STATE STREET CONSUMER STP SL",126394,01,81369Y308,17,USD,86.86000000,87.01000000,86.24500000,86.52000000,7022619.00000000,170522000,1.00000000,1.90790973,0,86.52000000,165.07234984,-0.01063465,-0.01063465
XLP,2026-08-26,"STATE STREET CONSUMER STP SL",126394,01,81369Y308,17,USD,86.62000000,86.68500000,86.25000000,86.27000000,7313316.00000000,170522000,1.00000000,1.90790973,0,86.27000000,164.59537241,-0.00288951,-0.00288951
XLP,2026-08-27,"STATE STREET CONSUMER STP SL",126394,01,81369Y308,17,USD,85.31000000,85.85500000,85.06500000,85.08000000,8491786.00000000,170872000,1.00000000,1.90790973,0,85.08000000,162.32495983,-0.01379390,-0.01379390
XLP,2026-08-28,"STATE STREET CONSUMER STP SL",126394,01,81369Y308,17,USD,85.50000000,85.60500000,85.21000000,85.45000000,6807198.00000000,170872000,1.00000000,1.90790973,0,85.45000000,163.03088643,0.00434885,0.00434885
XLP,2026-08-31,"STATE STREET CONSUMER STP SL",126394,01,81369Y308,17,USD,85.35000000,85.35000000,84.90000000,84.98000000,7012360.00000000,171022000,1.00000000,1.90790973,0,84.98000000,162.13416886,-0.00550029,-0.00550029
XLP,2026-09-01,"STATE STREET CONSUMER STP SL",126394,01,81369Y308,17,USD,85.51000000,86.16000000,85.15000000,85.25000000,9353042.00000000,170922000,1.00000000,1.90790973,0,85.25000000,162.64930448,0.00317722,0.00317722
XLP,2026-09-02,"STATE STREET CONSUMER STP SL",126394,01,81369Y308,17,USD,85.37000000,86.08000000,85.04000000,85.53000000,8429451.00000000,170422000,1.00000000,1.90790973,0,85.53000000,163.18351921,0.00328446,0.00328446
XLP,2026-09-03,"STATE STREET CONSUMER STP SL",126394,01,81369Y308,17,USD,85.37000000,85.64500000,84.78000000,85.26000000,10264970.00000000,171072000,1.00000000,1.90790973,0,85.26000000,162.66838358,-0.00315679,-0.00315679
XLP,2026-09-04,"STATE STREET CONSUMER STP SL",126394,01,81369Y308,17,USD,84.82000000,85.30000000,84.53500000,84.58000000,9901948.00000000,172272000,1.00000000,1.90790973,0,84.58000000,161.37100496,-0.00797560,-0.00797560
XLP,2026-09-08,"STATE STREET CONSUMER STP SL",126394,01,81369Y308,17,USD,84.28000000,84.57000000,83.81000000,84.02000000,13534490.00000000,171672000,1.00000000,1.90790973,0,84.02000000,160.30257551,-0.00662095,-0.00662095
XLP,2026-09-09,"STATE STREET CONSUMER STP SL",126394,01,81369Y308,17,USD,83.51000000,83.52000000,82.85000000,83.05000000,12201760.00000000,173672000,1.00000000,1.90790973,0,83.05000000,158.45190308,-0.01154487,-0.01154487
XLP,2026-09-10,"STATE STREET CONSUMER STP SL",126394,01,81369Y308,17,USD,83.37000000,83.81000000,83.06000000,83.09000000,10334730.00000000,172172000,1.00000000,1.90790973,0,83.09000000,158.52821947,0.00048164,0.00048164
XLP,2026-09-11,"STATE STREET CONSUMER STP SL",126394,01,81369Y308,17,USD,83.51000000,83.69000000,83.04000000,83.38000000,10836490.00000000,172972000,1.00000000,1.90790973,0,83.38000000,159.08151329,0.00349019,0.00349019
XLP,2026-09-14,"STATE STREET CONSUMER STP SL",126394,01,81369Y308,17,USD,84.38000000,84.88520000,84.25000000,84.42000000,10503630.00000000,170672000,1.00000000,1.90790973,0,84.42000000,161.06573941,0.01247302,0.01247302
XLP,2026-09-15,"STATE STREET CONSUMER STP SL",126394,01,81369Y308,17,USD,83.99500000,84.07000000,83.56500000,83.73000000,14145380.00000000,170972000,1.00000000,1.90790973,0,83.73000000,159.74928169,-0.00817342,-0.00817342
XLP,2026-09-16,"STATE STREET CONSUMER STP SL",126394,01,81369Y308,17,USD,83.68000000,84.06000000,83.31500000,83.33000000,9644378.00000000,169772000,1.00000000,1.90790973,0,83.33000000,158.98611780,-0.00477726,-0.00477726
XLP,2026-09-17,"STATE STREET CONSUMER STP SL",126394,01,81369Y308,17,USD,83.51000000,83.71500000,83.00000000,83.49000000,7592685.00000000,168622000,1.00000000,1.90790973,0,83.49000000,159.29138336,0.00192008,0.00192008
XLP,2026-09-18,"STATE STREET CONSUMER STP SL",126394,01,81369Y308,17,USD,83.14000000,83.19500000,82.80000000,82.80000000,10613820.00000000,168122000,1.00000000,1.90790973,0,82.80000000,157.97492564,-0.00826446,-0.00826446
XLV,2026-03-20,"STATE STREET HEALTH CR SL SC",126395,01,81369Y209,17,USD,146.48000000,147.02000000,144.66000000,145.33000000,16564660.00000000,263465000,1.00000000,1.47790259,0,145.33000000,214.78358340,,
XLV,2026-03-23,"STATE STREET HEALTH CR SL SC",126395,01,81369Y209,17,USD,146.56000000,146.76500000,144.60000000,144.77000000,21791940.00000000,263365000,1.00000000,1.48397366,0,144.77000000,214.83486676,-0.00385330,0.00023877
XLV,2026-03-24,"STATE STREET HEALTH CR SL SC",126395,01,81369Y209,17,USD,143.95000000,145.30000000,143.38000000,144.79000000,24228750.00000000,266165000,1.00000000,1.48397366,0,144.79000000,214.86454623,0.00013815,0.00013815
XLV,2026-03-25,"STATE STREET HEALTH CR SL SC",126395,01,81369Y209,17,USD,145.68500000,146.69000000,145.35000000,146.24000000,17741100.00000000,264465000,1.00000000,1.48397366,0,146.24000000,217.01630804,0.01001450,0.01001450
XLV,2026-03-26,"STATE STREET HEALTH CR SL SC",126395,01,81369Y209,17,USD,145.75000000,146.90500000,145.63000000,145.74000000,13277660.00000000,264465000,1.00000000,1.48397366,0,145.74000000,216.27432121,-0.00341904,-0.00341904
XLV,2026-03-27,"STATE STREET HEALTH CR SL SC",126395,01,81369Y209,17,USD,145.72000000,145.80000000,143.07000000,143.26000000,12866090.00000000,265365000,1.00000000,1.48397366,0,143.26000000,212.59406653,-0.01701660,-0.01701660
XLV,2026-03-30,"STATE STREET HEALTH CR SL SC",126395,01,81369Y209,17,USD,144.30000000,144.62500000,143.43000000,143.82000000,14790030.00000000,263665000,1.00000000,1.48397366,0,143.82000000,213.42509178,0.00390898,0.00390898
XLV,2026-03-31,"STATE STREET HEALTH CR SL SC",126395,01,81369Y209,17,USD,144.81000000,146.75000000,144.59500000,146.61000000,17829810.00000000,263315000,1.00000000,1.48397366,0,146.61000000,217.56537829,0.01939925,0.01939925
XLV,2026-04-01,"STATE STREET HEALTH CR SL SC",126395,01,81369Y209,17,USD,147.22000000,148.76000000,146.95000000,147.73000000,16880430.00000000,264465000,1.00000000,1.48397366,0,147.73000000,219.22742879,0.00763932,0.00763932
XLV,2026-04-02,"STATE STREET HEALTH CR SL SC",126395,01,81369Y209,17,USD,146.93000000,148.36000000,146.27000000,146.81000000,11087110.00000000,263565000,1.00000000,1.48397366,0,146.81000000,217.86217302,-0.00622758,-0.00622758
XLV,2026-04-06,"STATE STREET HEALTH CR SL SC",126395,01,81369Y209,17,USD,146.28000000,147.14000000,145.76000000,146.28000000,7270578.00000000,263365000,1.00000000,1.48397366,0,146.28000000,217.07566698,-0.00361011,-0.00361011
XLV,2026-04-07,"STATE STREET HEALTH CR SL SC",126395,01,81369Y209,17,USD,146.91000000,146.91000000,144.88000000,146.57000000,10216400.00000000,262915000,1.00000000,1.48397366,0,146.57000000,217.50601935,0.00198250,0.00198250
XLV,2026-04-08,"STATE STREET HEALTH CR SL SC",126395,01,81369Y209,17,USD,148.20000000,149.70000000,147.50000000,149.67000000,8107723.00000000,261965000,1.00000000,1.48397366,0,149.67000000,222.10633769,0.02115030,0.02115030
XLV,2026-04-09,"STATE STREET HEALTH CR SL SC",126395,01,81369Y209,17,USD,148.83000000,150.21500000,148.30000000,149.33000000,6406018.00000000,261115000,1.00000000,1.48397366,0,149.33000000,221.60178665,-0.00227166,-0.00227166
XLV,2026-04-10,"STATE STREET HEALTH CR SL SC",126395,01,81369Y209,17,USD,149.78000000,149.83500000,147.11000000,147.31000000,6210783.00000000,261615000,1.00000000,1.48397366,0,147.31000000,218.60415985,-0.01352709,-0.01352709
XLV,2026-04-13,"STATE STREET HEALTH CR SL SC",126395,01,81369Y209,17,USD,146.88000000,148.04500000,146.24000000,147.97000000,6164633.00000000,261465000,1.00000000,1.48397366,0,147.97000000,219.58358247,0.00448035,0.00448035
XLV,2026-04-14,"STATE STREET HEALTH CR SL SC",126395,01,81369Y209,17,USD,147.38000000,149.60030000,147.24000000,148.83000000,7719669.00000000,261615000,1.00000000,1.48397366,0,148.83000000,220.85979982,0.00581199,0.00581199
XLV,2026-04-15,"STATE STREET HEALTH CR SL SC",126395,01,81369Y209,17,USD,148.86000000,149.21000000,146.88500000,147.77000000,6659518.00000000,265265000,1.00000000,1.48397366,0,147.77000000,219.28678774,-0.00712222,-0.00712222
XLV,2026-04-16,"STATE STREET HEALTH CR SL SC",126395,01,81369Y209,17,USD,147.19000000,148.20000000,146.28500000,146.61000000,9070220.00000000,262765000,1.00000000,1.48397366,0,146.61000000,217.56537829,-0.00785004,-0.00785004
XLV,2026-04-17,"STATE STREET HEALTH CR SL SC",126395,01,81369Y209,17,USD,147.37000000,149.11500000,147.36000000,148.80000000,8331685.00000000,262765000,1.00000000,1.48397366,0,148.80000000,220.81528061,0.01493759,0.01493759
XLV,2026-04-20,"STATE STREET HEALTH CR SL SC",126395,01,81369Y209,17,USD,148.45000000,148.74000000,147.14500000,147.42000000,6324381.00000000,262265000,1.00000000,1.48397366,0,147.42000000,218.76739696,-0.00927419,-0.00927419
XLV,2026-04-21,"STATE STREET HEALTH CR SL SC",126395,01,81369Y209,17,USD,148.29000000,148.56000000,145.88000000,145.92000000,8734393.00000000,261865000,1.00000000,1.48397366,0,145.92000000,216.54143647,-0.01017501,-0.01017501
XLV,2026-04-22,"STATE STREET HEALTH CR SL SC",126395,01,81369Y209,17,USD,146.51000000,147.58000000,146.00500000,146.38000000,8311127.00000000,264815000,1.00000000,1.48397366,0,146.38000000,217.22406435,0.00315241,0.00315241
XLV,2026-04-23,"STATE STREET HEALTH CR SL SC",126395,01,81369Y209,17,USD,146.20000000,146.77000000,145.16000000,146.24000000,7608024.00000000,263765000,1.00000000,1.48397366,0,146.24000000,217.01630804,-0.00095641,-0.00095641
XLV,2026-04-24,"STATE STREET HEALTH CR SL SC",126395,01,81369Y209,17,USD,145.24000000,145.53000000,143.67500000,144.18000000,7953145.00000000,264365000,1.00000000,1.48397366,0,144.18000000,213.95932230,-0.01408643,-0.01408643
XLV,2026-04-27,"STATE STREET HEALTH CR SL SC",126395,01,81369Y209,17,USD,143.68000000,145.21000000,143.42000000,143.46000000,6564229.00000000,263065000,1.00000000,1.48397366,0,143.46000000,212.89086126,-0.00499376,-0.00499376
XLV,2026-04-28,"STATE STREET HEALTH CR SL SC",126395,01,81369Y209,17,USD,144.57000000,144.86000000,143.28000000,143.84000000,8607482.00000000,263065000,1.00000000,1.48397366,0,143.84000000,213.45477125,0.00264882,0.00264882
XLV,2026-04-29,"STATE STREET HEALTH CR SL SC",126395,01,81369Y209,17,USD,142.26000000,143.24500000,141.97000000,142.84000000,11862520.00000000,263315000,1.00000000,1.48397366,0,142.84000000,211.97079759,-0.00695217,-0.00695217
XLV,2026-04-30,"STATE STREET HEALTH CR SL SC",126395,01,81369Y209,17,USD,143.68000000,146.29000000,143.66000000,145.99000000,12564450.00000000,262115000,1.00000000,1.48397366,0,145.99000000,216.64531462,0.02205265,0.02205265
XLV,2026-05-01,"STATE STREET HEALTH CR SL SC",126395,01,81369Y209,17,USD,146.29000000,146.60500000,145.15000000,145.16000000,8861844.00000000,259565000,1.00000000,1.48397366,0,145.16000000,215.41361649,-0.00568532,-0.00568532
XLV,2026-05-04,"STATE STREET HEALTH CR SL SC",126395,01,81369Y209,17,USD,144.55500000,145.20500000,144.32000000,144.73000000,10883670.00000000,260315000,1.00000000,1.48397366,0,144.73000000,214.77550781,-0.00296225,-0.00296225
XLV,2026-05-05,"STATE STREET HEALTH CR SL SC",126395,01,81369Y209,17,USD,145.28000000,145.65500000,144.41500000,145.30000000,7171442.00000000,260315000,1.00000000,1.48397366,0,145.30000000,215.62137280,0.00393837,0.00393837
XLV,2026-05-06,"STATE STREET HEALTH CR SL SC",126395,01,81369Y209,17,USD,145.36000000,146.15000000,144.90000000,145.40000000,10612380.00000000,257265000,1.00000000,1.48397366,0,145.40000000,215.76977016,0.00068823,0.00068823
XLV,2026-05-07,"STATE STREET HEALTH CR SL SC",126395,01,81369Y209,17,USD,145.18000000,145.84000000,144.26500000,144.72000000,7574264.00000000,257265000,1.00000000,1.48397366,0,144.72000000,214.76066808,-0.00467675,-0.00467675
XLV,2026-05-08,"STATE STREET HEALTH CR SL SC",126395,01,81369Y209,17,USD,144.59000000,145.07000000,143.17500000,143.49000000,10143290.00000000,257665000,1.00000000,1.48397366,0,143.49000000,212.93538047,-0.00849917,-0.00849917
XLV,2026-05-11,"STATE STREET HEALTH CR SL SC",126395,01,81369Y209,17,USD,143.74500000,145.02000000,142.67000000,143.04000000,9250231.00000000,255965000,1.00000000,1.48397366,0,143.04000000,212.26759233,-0.00313611,-0.00313611
XLV,2026-05-12,"STATE STREET HEALTH CR SL SC",126395,01,81369Y209,17,USD,143.80500000,146.64000000,143.19000000,145.85000000,11890350.00000000,256315000,1.00000000,1.48397366,0,145.85000000,216.43755831,0.01964485,0.01964485
XLV,2026-05-13,"STATE STREET HEALTH CR SL SC",126395,01,81369Y209,17,USD,145.32000000,146.97500000,145.13000000,146.71000000,15830870.00000000,255515000,1.00000000,1.48397366,0,146.71000000,217.71377566,0.00589647,0.00589647
XLV,2026-05-14,"STATE STREET HEALTH CR SL SC",126395,01,81369Y209,17,USD,146.85000000,147.40000000,145.93500000,146.63000000,7720675.00000000,259065000,1.00000000,1.48397366,0,146.63000000,217.59505777,-0.00054529,-0.00054529
XLV,2026-05-15,"STATE STREET HEALTH CR SL SC",126395,01,81369Y209,17,USD,146.76000000,147.15500000,144.88500000,145.10000000,9034220.00000000,259865000,1.00000000,1.48397366,0,145.10000000,215.32457807,-0.01043443,-0.01043443
XLV,2026-05-18,"STATE STREET HEALTH CR SL SC",126395,01,81369Y209,17,USD,144.50000000,145.79000000,144.12000000,145.72000000,7945122.00000000,257165000,1.00000000,1.48397366,0,145.72000000,216.24464174,0.00427292,0.00427292
XLV,2026-05-19,"STATE STREET HEALTH CR SL SC",126395,01,81369Y209,17,USD,145.62000000,148.07000000,144.85000000,147.32000000,12367350.00000000,256115000,1.00000000,1.48397366,0,147.32000000,218.61899959,0.01097996,0.01097996
XLV,2026-05-20,"STATE STREET HEALTH CR SL SC",126395,01,81369Y209,17,USD,147.54000000,148.02000000,146.29000000,147.13000000,10522320.00000000,258015000,1.00000000,1.48397366,0,147.13000000,218.33704460,-0.00128971,-0.00128971
XLV,2026-05-21,"STATE STREET HEALTH CR SL SC",126395,01,81369Y209,17,USD,146.90000000,148.30000000,145.84000000,148.15000000,7141779.00000000,257815000,1.00000000,1.48397366,0,148.15000000,219.85069773,0.00693264,0.00693264
XLV,2026-05-22,"STATE STREET HEALTH CR SL SC",126395,01,81369Y209,17,USD,149.09000000,150.32000000,149.00000000,149.89000000,6914824.00000000,256665000,1.00000000,1.48397366,0,149.89000000,222.43281190,0.01174485,0.01174485
XLV,2026-05-26,"STATE STREET HEALTH CR SL SC",126395,01,81369Y209,17,USD,149.95000000,150.30100000,148.44000000,148.51000000,6589172.00000000,260715000,1.00000000,1.48397366,0,148.51000000,220.38492825,-0.00920675,-0.00920675
XLV,2026-05-27,"STATE STREET HEALTH CR SL SC",126395,01,81369Y209,17,USD,148.69000000,150.20000000,148.28000000,148.79000000,10044750.00000000,257215000,1.00000000,1.48397366,0,148.79000000,220.80044087,0.00188539,0.00188539
XLV,2026-05-28,"STATE STREET HEALTH CR SL SC",126395,01,81369Y209,17,USD,149.15000000,151.35000000,149.11000000,150.88000000,10396440.00000000,256265000,1.00000000,1.48397366,0,150.88000000,223.90194582,0.01404664,0.01404664
XLV,2026-05-29,"STATE STREET HEALTH CR SL SC",126395,01,81369Y209,17,USD,150.85000000,151.04000000,149.10000000,149.47000000,13195340.00000000,255765000,1.00000000,1.48397366,0,149.47000000,221.80954296,-0.00934517,-0.00934517
XLV,2026-06-01,"STATE STREET HEALTH CR SL SC",126395,01,81369Y209,17,USD,148.52000000,148.88000000,147.26000000,147.84000000,12579800.00000000,251615000,1.00000000,1.48397366,0,147.84000000,219.39066589,-0.01090520,-0.01090520
XLV,2026-06-02,"STATE STREET HEALTH CR SL SC",126395,01,81369Y209,17,USD,146.75000000,147.27000000,145.31000000,146.40000000,12023350.00000000,252115000,1.00000000,1.48397366,0,146.40000000,217.25374382,-0.00974026,-0.00974026
XLV,2026-06-03,"STATE STREET HEALTH CR SL SC",126395,01,81369Y209,17,USD,146.16000000,148.05000000,146.07000000,147.55000000,9814502.00000000,255165000,1.00000000,1.48397366,0,147.55000000,218.96031353,0.00785519,0.00785519
XLV,2026-06-04,"STATE STREET HEALTH CR SL SC",126395,01,81369Y209,17,USD,150.38000000,152.54000000,150.29000000,152.08000000,14028720.00000000,254915000,1.00000000,1.48397366,0,152.08000000,225.68271421,0.03070146,0.03070146
XLV,2026-06-05,"STATE STREET HEALTH CR SL SC",126395,01,81369Y209,17,USD,153.38000000,154.70000000,152.92000000,153.01000000,20710650.00000000,256465000,1.00000000,1.48397366,0,153.01000000,227.06280972,0.00611520,0.00611520
XLV,2026-06-08,"STATE STREET HEALTH CR SL SC",126395,01,81369Y209,17,USD,153.24000000,154.47000000,152.41000000,152.65000000,10631890.00000000,254515000,1.00000000,1.48397366,0,152.65000000,226.52857920,-0.00235279,-0.00235279
XLV,2026-06-09,"STATE STREET HEALTH CR SL SC",126395,01,81369Y209,17,USD,153.48000000,154.97500000,153.18000000,154.57000000,13119830.00000000,254465000,1.00000000,1.48397366,0,154.57000000,229.37780863,0.01257779,0.01257779
XLV,2026-06-10,"STATE STREET HEALTH CR SL SC",126395,01,81369Y209,17,USD,154.96000000,155.13000000,152.82000000,152.85000000,11708400.00000000,254815000,1.00000000,1.48397366,0,152.85000000,226.82537393,-0.01112764,-0.01112764
XLV,2026-06-11,"STATE STREET HEALTH CR SL SC",126395,01,81369Y209,17,USD,153.46000000,155.15910000,152.86000000,154.09000000,10545760.00000000,255315000,1.00000000,1.48397366,0,154.09000000,228.66550127,0.00811253,0.00811253
XLV,2026-06-12,"STATE STREET HEALTH CR SL SC",126395,01,81369Y209,17,USD,154.97000000,155.15500000,153.37000000,153.81000000,9110083.00000000,255815000,1.00000000,1.48397366,0,153.81000000,228.24998864,-0.00181712,-0.00181712
XLV,2026-06-15,"STATE STREET HEALTH CR SL SC",126395,01,81369Y209,17,USD,153.70500000,153.88000000,151.76500000,152.89000000,9492274.00000000,255865000,1.00000000,1.48397366,0,152.89000000,226.88473288,-0.00598141,-0.00598141
XLV,2026-06-16,"STATE STREET HEALTH CR SL SC",126395,01,81369Y209,17,USD,153.60000000,153.72000000,151.72020000,152.94000000,8612479.00000000,255665000,1.00000000,1.48397366,0,152.94000000,226.95893156,0.00032703,0.00032703
XLV,2026-06-17,"STATE STREET HEALTH CR SL SC",126395,01,81369Y209,17,USD,152.05000000,152.56500000,149.97000000,150.71000000,10985120.00000000,255215000,1.00000000,1.48397366,0,150.71000000,223.64967030,-0.01458088,-0.01458088
XLV,2026-06-18,"STATE STREET HEALTH CR SL SC",126395,01,81369Y209,17,USD,151.27000000,151.27000000,148.79000000,149.40000000,10862670.00000000,254765000,1.00000000,1.48397366,0,149.40000000,221.70566480,-0.00869219,-0.00869219
XLV,2026-06-22,"STATE STREET HEALTH CR SL SC",126395,01,81369Y209,17,USD,149.33000000,150.62000000,149.06000000,150.06000000,11434090.00000000,251165000,1.00000000,1.49046394,0,150.06000000,223.65901884,0.00441767,0.00881057
XLV,2026-06-23,"STATE STREET HEALTH CR SL SC",126395,01,81369Y209,17,USD,151.49000000,152.42500000,150.99500000,152.18000000,9227329.00000000,252765000,1.00000000,1.49046394,0,152.18000000,226.81880239,0.01412768,0.01412768
XLV,2026-06-24,"STATE STREET HEALTH CR SL SC",126395,01,81369Y209,17,USD,153.13000000,154.67000000,152.46000000,153.35000000,10046420.00000000,252265000,1.00000000,1.49046394,0,153.35000000,228.56264520,0.00768826,0.00768826
XLV,2026-06-25,"STATE STREET HEALTH CR SL SC",126395,01,81369Y209,17,USD,153.95000000,157.20500000,153.59000000,155.63000000,9418548.00000000,254515000,1.00000000,1.49046394,0,155.63000000,231.96090298,0.01486795,0.01486795
XLV,2026-06-26,"STATE STREET HEALTH CR SL SC",126395,01,81369Y209,17,USD,156.32000000,160.64000000,156.18000000,160.34000000,16538840.00000000,255565000,1.00000000,1.49046394,0,160.34000000,238.98098814,0.03026409,0.03026409
XLV,2026-06-29,"STATE STREET HEALTH CR SL SC",126395,01,81369Y209,17,USD,160.70000000,161.09000000,159.88000000,160.74000000,12924840.00000000,254665000,1.00000000,1.49046394,0,160.74000000,239.57717372,0.00249470,0.00249470
XLV,2026-06-30,"STATE STREET HEALTH CR SL SC",126395,01,81369Y209,17,USD,161.01000000,161.25000000,157.96000000,158.66000000,11541830.00000000,255765000,1.00000000,1.49046394,0,158.66000000,236.47700872,-0.01294015,-0.01294015
XLV,2026-07-01,"STATE STREET HEALTH CR SL SC",126395,01,81369Y209,17,USD,159.61000000,159.96000000,158.50000000,159.54000000,10110940.00000000,256415000,1.00000000,1.49046394,0,159.54000000,237.78861699,0.00554645,0.00554645
XLV,2026-07-02,"STATE STREET HEALTH CR SL SC",126395,01,81369Y209,17,USD,160.67000000,163.85000000,160.38000000,163.74000000,14258670.00000000,257165000,1.00000000,1.49046394,0,163.74000000,244.04856554,0.02632569,0.02632569
XLV,2026-07-06,"STATE STREET HEALTH CR SL SC",126395,01,81369Y209,17,USD,163.20000000,163.45050000,160.25000000,161.96000000,15647440.00000000,259065000,1.00000000,1.49046394,0,161.96000000,241.39553972,-0.01087089,-0.01087089
XLV,2026-07-07,"STATE STREET HEALTH CR SL SC",126395,01,81369Y209,17,USD,164.75000000,165.60500000,163.88000000,164.44000000,12123470.00000000,258615000,1.00000000,1.49046394,0,164.44000000,245.09189029,0.01531242,0.01531242
XLV,2026-07-08,"STATE STREET HEALTH CR SL SC",126395,01,81369Y209,17,USD,163.41500000,163.99000000,162.25500000,162.30000000,9280218.00000000,256965000,1.00000000,1.49046394,0,162.30000000,241.90229746,-0.01301387,-0.01301387
XLV,2026-07-09,"STATE STREET HEALTH CR SL SC",126395,01,81369Y209,17,USD,161.80000000,163.42000000,161.36000000,162.17000000,9569656.00000000,256765000,1.00000000,1.49046394,0,162.17000000,241.70853715,-0.00080099,-0.00080099
XLV,2026-07-10,"STATE STREET HEALTH CR SL SC",126395,01,81369Y209,17,USD,162.48000000,162.66000000,160.24000000,160.84000000,9490588.00000000,258015000,1.00000000,1.49046394,0,160.84000000,239.72622011,-0.00820127,-0.00820127
XLV,2026-07-13,"STATE STREET HEALTH CR SL SC",126395,01,81369Y209,17,USD,160.97000000,162.24000000,160.32000000,161.41000000,6872154.00000000,257165000,1.00000000,1.49046394,0,161.41000000,240.57578456,0.00354389,0.00354389
XLV,2026-07-14,"STATE STREET HEALTH CR SL SC",126395,01,81369Y209,17,USD,159.78000000,160.08000000,157.78000000,158.29000000,11513680.00000000,257215000,1.00000000,1.49046394,0,158.29000000,235.92553706,-0.01932966,-0.01932966
XLV,2026-07-15,"STATE STREET HEALTH CR SL SC",126395,01,81369Y209,17,USD,157.38000000,159.35000000,157.25000000,158.29000000,10877700.00000000,256715000,1.00000000,1.49046394,0,158.29000000,235.92553706,0.00000000,0.00000000
XLV,2026-07-16,"STATE STREET HEALTH CR SL SC",126395,01,81369Y209,17,USD,160.35000000,162.64000000,159.94000000,161.80000000,11811850.00000000,258765000,1.00000000,1.49046394,0,161.80000000,241.15706549,0.02217449,0.02217449
XLV,2026-07-17,"STATE STREET HEALTH CR SL SC",126395,01,81369Y209,17,USD,161.81000000,164.00000000,160.88000000,161.09000000,9159259.00000000,259515000,1.00000000,1.49046394,0,161.09000000,240.09883609,-0.00438813,-0.00438813
XLV,2026-07-20,"STATE STREET HEALTH CR SL SC",126395,01,81369Y209,17,USD,161.00000000,161.48500000,159.18000000,159.25000000,6633952.00000000,260415000,1.00000000,1.49046394,0,159.25000000,237.35638244,-0.01142219,-0.01142219
XLV,2026-07-21,"STATE STREET HEALTH CR SL SC",126395,01,81369Y209,17,USD,157.53000000,160.37000000,157.23000000,160.25000000,6591852.00000000,260415000,1.00000000,1.49046394,0,160.25000000,238.84684638,0.00627943,0.00627943
XLV,2026-07-22,"STATE STREET HEALTH CR SL SC",126395,01,81369Y209,17,USD,160.97000000,160.97000000,158.94500000,159.43000000,5597554.00000000,261615000,1.00000000,1.49046394,0,159.43000000,237.62466595,-0.00511700,-0.00511700
XLV,2026-07-23,"STATE STREET HEALTH CR SL SC",126395,01,81369Y209,17,USD,159.90000000,161.61000000,159.32000000,161.44000000,6446058.00000000,258065000,1.00000000,1.49046394,0,161.44000000,240.62049847,0.01260741,0.01260741
XLV,2026-07-24,"STATE STREET HEALTH CR SL SC",126395,01,81369Y209,17,USD,162.47000000,163.25000000,161.58000000,162.57000000,7645406.00000000,261715000,1.00000000,1.49046394,0,162.57000000,242.30472273,0.00699950,0.00699950
XLV,2026-07-27,"STATE STREET HEALTH CR SL SC",126395,01,81369Y209,17,USD,163.01000000,164.57000000,162.35000000,163.40000000,8054954.00000000,257965000,1.00000000,1.49046394,0,163.40000000,243.54180780,0.00510549,0.00510549
XLV,2026-07-28,"STATE STREET HEALTH CR SL SC",126395,01,81369Y209,17,USD,165.99000000,168.53000000,165.75000000,167.26000000,12757170.00000000,257515000,1.00000000,1.49046394,0,167.26000000,249.29499860,0.02362301,0.02362301
XLV,2026-07-29,"STATE STREET HEALTH CR SL SC",126395,01,81369Y209,17,USD,167.15000000,168.15500000,165.77000000,166.24000000,11653820.00000000,257065000,1.00000000,1.49046394,0,166.24000000,247.77472539,-0.00609829,-0.00609829
XLV,2026-07-30,"STATE STREET HEALTH CR SL SC",126395,01,81369Y209,17,USD,163.25000000,163.95000000,161.86000000,163.52000000,12471530.00000000,257565000,1.00000000,1.49046394,0,163.52000000,243.72066347,-0.01636189,-0.01636189
XLV,2026-07-31,"STATE STREET HEALTH CR SL SC",126395,01,81369Y209,17,USD,162.31000000,163.23000000,160.73000000,162.55000000,9547665.00000000,256865000,1.00000000,1.49046394,0,162.55000000,242.27491345,-0.00593200,-0.00593200
XLV,2026-08-03,"STATE STREET HEALTH CR SL SC",126395,01,81369Y209,17,USD,163.63000000,164.73000000,161.35000000,162.24000000,10974660.00000000,257115000,1.00000000,1.49046394,0,162.24000000,241.81286963,-0.00190711,-0.00190711
XLV,2026-08-04,"STATE STREET HEALTH CR SL SC",126395,01,81369Y209,17,USD,162.00000000,162.49000000,160.97000000,162.10000000,15120980.00000000,258415000,1.00000000,1.49046394,0,162.10000000,241.60420467,-0.00086292,-0.00086292
XLV,2026-08-05,"STATE STREET HEALTH CR SL SC",126395,01,81369Y209,17,USD,163.64000000,165.34500000,162.62000000,164.16000000,15213590.00000000,260465000,1.00000000,1.49046394,0,164.16000000,244.67456039,0.01270820,0.01270820
XLV,2026-08-06,"STATE STREET HEALTH CR SL SC",126395,01,81369Y209,17,USD,166.14000000,167.02000000,163.02500000,164.45000000,9257684.00000000,261465000,1.00000000,1.49046394,0,164.45000000,245.10679493,0.00176657,0.00176657
XLV,2026-08-07,"STATE STREET HEALTH CR SL SC",126395,01,81369Y209,17,USD,163.92000000,165.77000000,162.91500000,165.68000000,7962835.00000000,261215000,1.00000000,1.49046394,0,165.68000000,246.94006558,0.00747948,0.00747948
XLV,2026-08-10,"STATE STREET HEALTH CR SL SC",126395,01,81369Y209,17,USD,165.68000000,168.50000000,165.55000000,168.44000000,6989080.00000000,261565000,1.00000000,1.49046394,0,168.44000000,251.05374605,0.01665862,0.01665862
XLV,2026-08-11,"STATE STREET HEALTH CR SL SC",126395,01,81369Y209,17,USD,168.28000000,169.66000000,167.64000000,168.01000000,6679864.00000000,261265000,1.00000000,1.49046394,0,168.01000000,250.41284656,-0.00255284,-0.00255284
XLV,2026-08-12,"STATE STREET HEALTH CR SL SC",126395,01,81369Y209,17,USD,166.42000000,168.87500000,165.76000000,168.44000000,7137465.00000000,260465000,1.00000000,1.49046394,0,168.44000000,251.05374605,0.00255937,0.00255937
XLV,2026-08-13,"STATE STREET HEALTH CR SL SC",126395,01,81369Y209,17,USD,169.49000000,169.71000000,167.83500000,168.38000000,6722756.00000000,260515000,1.00000000,1.49046394,0,168.38000000,250.96431822,-0.00035621,-0.00035621
XLV,2026-08-14,"STATE STREET HEALTH CR SL SC",126395,01,81369Y209,17,USD,167.66000000,167.76500000,166.44500000,167.37000000,5020577.00000000,261315000,1.00000000,1.49046394,0,167.37000000,249.45894964,-0.00599834,-0.00599834
XLV,2026-08-17,"STATE STREET HEALTH CR SL SC",126395,01,81369Y209,17,USD,166.45000000,167.87000000,165.86000000,167.05000000,7222808.00000000,261465000,1.00000000,1.49046394,0,167.05000000,248.98200118,-0.00191193,-0.00191193
XLV,2026-08-18,"STATE STREET HEALTH CR SL SC",126395,01,81369Y209,17,USD,168.67000000,170.30220000,168.45000000,169.73000000,7526364.00000000,260565000,1.00000000,1.49046394,0,169.73000000,252.97644454,0.01604310,0.01604310
XLV,2026-08-19,"STATE STREET HEALTH CR SL SC",126395,01,81369Y209,17,USD,172.47000000,176.59500000,172.29000000,175.68000000,16525180.00000000,261215000,1.00000000,1.49046394,0,175.68000000,261.84470498,0.03505568,0.03505568
XLV,2026-08-20,"STATE STREET HEALTH CR SL SC",126395,01,81369Y209,17,USD,174.19000000,175.19000000,172.34000000,172.39000000,9671405.00000000,259765000,1.00000000,1.49046394,0,172.39000000,256.94107862,-0.01872723,-0.01872723
XLV,2026-08-21,"STATE STREET HEALTH CR SL SC",126395,01,81369Y209,17,USD,171.91000000,175.60000000,171.79000000,174.62000000,10166600.00000000,258915000,1.00000000,1.49046394,0,174.62000000,260.26481320,0.01293579,0.01293579
XLV,2026-08-24,"STATE STREET HEALTH CR SL SC",126395,01,81369Y209,17,USD,174.41000000,174.92000000,173.33000000,174.70000000,5930698.00000000,255965000,1.00000000,1.49046394,0,174.70000000,260.38405032,0.00045814,0.00045814
XLV,2026-08-25,"STATE STREET HEALTH CR SL SC",126395,01,81369Y209,17,USD,174.45000000,175.82000000,174.04000000,175.29000000,5433501.00000000,257315000,1.00000000,1.49046394,0,175.29000000,261.26342404,0.00337722,0.00337722
XLV,2026-08-26,"STATE STREET HEALTH CR SL SC",126395,01,81369Y209,17,USD,174.32500000,174.83500000,173.45000000,173.54000000,5596186.00000000,256865000,1.00000000,1.49046394,0,173.54000000,258.65511215,-0.00998346,-0.00998346
XLV,2026-08-27,"STATE STREET HEALTH CR SL SC",126395,01,81369Y209,17,USD,171.95000000,173.11000000,171.43000000,171.58000000,7091127.00000000,257215000,1.00000000,1.49046394,0,171.58000000,255.73380283,-0.01129423,-0.01129423
XLV,2026-08-28,"STATE STREET HEALTH CR SL SC",126395,01,81369Y209,17,USD,171.43000000,171.71000000,170.58500000,171.16000000,4879166.00000000,257215000,1.00000000,1.49046394,0,171.16000000,255.10780797,-0.00244784,-0.00244784
XLV,2026-08-31,"STATE STREET HEALTH CR SL SC",126395,01,81369Y209,17,USD,170.25000000,170.98000000,169.20000000,170.54000000,7312443.00000000,258165000,1.00000000,1.49046394,0,170.54000000,254.18372033,-0.00362234,-0.00362234
XLV,2026-09-01,"STATE STREET HEALTH CR SL SC",126395,01,81369Y209,17,USD,172.62000000,173.52520000,171.03000000,171.67000000,7820073.00000000,257565000,1.00000000,1.49046394,0,171.67000000,255.86794458,0.00662601,0.00662601
XLV,2026-09-02,"STATE STREET HEALTH CR SL SC",126395,01,81369Y209,17,USD,172.09000000,174.48250000,172.09000000,172.95000000,7804728.00000000,259665000,1.00000000,1.49046394,0,172.95000000,257.77573842,0.00745617,0.00745617
XLV,2026-09-03,"STATE STREET HEALTH CR SL SC",126395,01,81369Y209,17,USD,174.07000000,174.16000000,171.38000000,173.26000000,5933803.00000000,260165000,1.00000000,1.49046394,0,173.26000000,258.23778224,0.00179243,0.00179243
XLV,2026-09-04,"STATE STREET HEALTH CR SL SC",126395,01,81369Y209,17,USD,171.39000000,172.53250000,171.23500000,171.45000000,6082377.00000000,259515000,1.00000000,1.49046394,0,171.45000000,255.54004251,-0.01044673,-0.01044673
XLV,2026-09-08,"STATE STREET HEALTH CR SL SC",126395,01,81369Y209,17,USD,168.29000000,168.75000000,166.93500000,167.13000000,10783840.00000000,259415000,1.00000000,1.49046394,0,167.13000000,249.10123829,-0.02519685,-0.02519685
XLV,2026-09-09,"STATE STREET HEALTH CR SL SC",126395,01,81369Y209,17,USD,167.31000000,167.41000000,166.39000000,166.58000000,8005653.00000000,259715000,1.00000000,1.49046394,0,166.58000000,248.28148313,-0.00329085,-0.00329085
XLV,2026-09-10,"STATE STREET HEALTH CR SL SC",126395,01,81369Y209,17,USD,166.50000000,167.07500000,165.58000000,165.66000000,7930655.00000000,259515000,1.00000000,1.49046394,0,165.66000000,246.91025630,-0.00552287,-0.00552287
XLV,2026-09-11,"STATE STREET HEALTH CR SL SC",126395,01,81369Y209,17,USD,166.83000000,167.13000000,165.11000000,165.36000000,6457450.00000000,260465000,1.00000000,1.49046394,0,165.36000000,246.46311712,-0.00181094,-0.00181094
XLV,2026-09-14,"STATE STREET HEALTH CR SL SC",126395,01,81369Y209,17,USD,168.01000000,168.77000000,167.02500000,167.75000000,9247341.00000000,259815000,1.00000000,1.49046394,0,167.75000000,250.02532593,0.01445331,0.01445331
XLV,2026-09-15,"STATE STREET HEALTH CR SL SC",126395,01,81369Y209,17,USD,167.79000000,168.20000000,166.17830000,167.66000000,7427396.00000000,259765000,1.00000000,1.49046394,0,167.66000000,249.89118418,-0.00053651,-0.00053651
XLV,2026-09-16,"STATE STREET HEALTH CR SL SC",126395,01,81369Y209,17,USD,167.75000000,168.80000000,167.41000000,167.77000000,7148077.00000000,258865000,1.00000000,1.49046394,0,167.77000000,250.05513521,0.00065609,0.00065609
XLV,2026-09-17,"STATE STREET HEALTH CR SL SC",126395,01,81369Y209,17,USD,168.44000000,169.10000000,167.76000000,168.81000000,5359527.00000000,258565000,1.00000000,1.49046394,0,168.81000000,251.60521771,0.00619896,0.00619896
XLV,2026-09-18,"STATE STREET HEALTH CR SL SC",126395,01,81369Y209,17,USD,168.27000000,169.06000000,167.78000000,168.39000000,11426150.00000000,258215000,1.00000000,1.49046394,0,168.39000000,250.97922286,-0.00248800,-0.00248800